configuration,model,seed,trial_id,object,ap,valid_frames,positive_frames,event_tp,event_fp,event_fn,left_censored_truth_segments,valid_duration_sec,negative_duration_sec,negative_alarm_duration_sec,alarm_duration_sec,event_f1,event_recall,event_miss_fraction,false_alarms_per_min,negative_alarm_time_fraction,alarm_time_fraction,all_matched_nonnegative_delays_n,all_matched_nonnegative_delays_median,all_matched_nonnegative_delays_p90,observed_onset_nonnegative_delays_n,observed_onset_nonnegative_delays_median,observed_onset_nonnegative_delays_p90,observed_onset_signed_differences_n,observed_onset_signed_differences_median,observed_onset_signed_differences_p90,matched_temporal_ious_n,matched_temporal_ious_median,matched_temporal_ious_p90
held_trial_low,mlp,0,brush_Pose1_Exp10,brush,0.36845905852896577,101,14,0,1,1,0,3.3611581325531006,2.894446849822998,0.20023226737976074,0.20023226737976074,0.0,0.0,1.0,17.85098993674083,0.06917807711411436,0.05957240316678181,0,,,0,,,0,,,0,,
held_trial_low,mlp,0,brush_Pose1_Exp9,brush,0.1957029082029082,90,7,1,0,0,0,2.9944820404052734,2.7610766887664795,0.86659836769104,1.066720724105835,1.0,1.0,0.0,0.0,0.3138624766261729,0.3562287933980946,1,0.0,0.0,1,0.0,0.0,1,-0.8669602870941162,-0.8669602870941162,1,0.18192879978325657,0.18192879978325657
held_trial_low,mlp,0,brush_Pose2_Exp10,brush,0.5290488002846959,128,33,1,0,0,0,4.261070489883423,3.161142587661743,0.7000808715820312,1.7666397094726562,1.0,1.0,0.0,0.0,0.22146450283973812,0.41459997286292,1,0.0,0.0,1,0.0,0.0,1,-0.6999857425689697,-0.6999857425689697,1,0.5925297995280395,0.5925297995280395
held_trial_low,mlp,0,brush_Pose2_Exp9,brush,0.512009931381912,107,9,1,0,0,0,3.5613017082214355,3.2613587379455566,0.6001038551330566,0.8331964015960693,1.0,1.0,0.0,0.0,0.18400424588405842,0.2339583865283291,1,0.0,0.0,1,0.0,0.0,1,-0.5999431610107422,-0.5999431610107422,1,0.2589782441120297,0.2589782441120297
held_trial_low,mlp,0,brush_Pose3_Exp10,brush,0.5371175060383391,99,8,0,0,2,1,3.294581651687622,3.0277276039123535,0.0,0.0,0.0,0.0,1.0,0.0,0.0,0.0,0,,,0,,,0,,,0,,
held_trial_low,mlp,0,brush_Pose3_Exp9,brush,0.8813444632748075,330,152,2,1,1,0,10.99442172050476,5.927415609359741,0.43344902992248535,3.833820343017578,0.6666666666666666,0.6666666666666666,0.3333333333333333,5.457312946991937,0.07312614105176692,0.34870595657318165,2,0.0,0.0,2,0.0,0.0,2,-0.21663892269134521,-0.043327784538269035,2,0.5287924165676227,0.8316839638232728
held_trial_low,mlp,0,screwDriver_Pose1_Exp10,screwDriver,0.6940241317792676,671,253,4,2,0,0,22.36756706237793,13.924768209457397,7.062795877456665,13.236360549926758,0.8,1.0,0.0,5.364910705994442,0.5072110193302729,0.5917657701892045,4,0.5000039339065552,1.0931171417236327,4,0.5000039339065552,1.0931171417236327,4,0.43358588218688965,1.0931171417236327,4,0.2680762453375083,0.4629597227392566
held_trial_low,mlp,0,screwDriver_Pose1_Exp9,screwDriver,0.7717603654167723,688,308,1,0,3,0,22.927485466003418,12.661098003387451,9.867072343826294,20.066885709762573,0.4,0.25,0.75,0.0,0.7793220099225501,0.8752327305808347,1,0.0,0.0,1,0.0,0.0,1,-0.6006069183349609,-0.6006069183349609,1,0.19933028318507126,0.19933028318507126
held_trial_low,mlp,0,screwDriver_Pose2_Exp10,screwDriver,0.7424153784811952,110,23,1,0,0,0,3.6579785346984863,2.891040325164795,0.5322134494781494,1.0998876094818115,1.0,1.0,0.0,0.0,0.18409063507193113,0.30068181074563666,1,0.0,0.0,1,0.0,0.0,1,-0.5323677062988281,-0.5323677062988281,1,0.4369575761735514,0.4369575761735514
held_trial_low,mlp,0,screwDriver_Pose2_Exp9,screwDriver,,627,0,0,1,0,0,20.91916060447693,20.91916060447693,0.06658506393432617,0.06658506393432617,0.0,0.0,0.0,2.8681839168613363,0.0031829701579936358,0.0031829701579936358,0,,,0,,,0,,,0,,
held_trial_low,mlp,0,screwDriver_Pose3_Exp10,screwDriver,0.5425813913345788,668,268,1,0,3,0,22.261112451553345,13.32762360572815,9.999719619750977,18.53332209587097,0.4,0.25,0.75,0.0,0.7503002722445691,0.8325424947295366,1,0.3333170413970947,0.3333170413970947,1,0.3333170413970947,0.3333170413970947,1,0.3333170413970947,0.3333170413970947,1,0.17845604633432044,0.17845604633432044
held_trial_low,mlp,0,screwDriver_Pose3_Exp9,screwDriver,0.6539325127595533,679,240,1,0,6,0,22.62770962715149,14.627729415893555,11.700067043304443,19.433160543441772,0.25,0.14285714285714285,0.8571428571428571,0.0,0.7998553097784198,0.8588213682980753,1,0.0,0.0,1,0.0,0.0,1,-0.7335505485534668,-0.7335505485534668,1,0.02229658439774373,0.02229658439774373
held_trial_low,mlp,0,SpoolSolder_Pose1_Exp10,SpoolSolder,0.30853116462597985,688,117,3,1,0,0,22.938194274902344,19.038597345352173,1.7330572605133057,3.1327459812164307,0.8571428571428571,1.0,0.0,2.615724641657977,0.09102862091552091,0.13657334765204696,3,0.2001183032989502,1.8001934528350831,3,0.2001183032989502,1.8001934528350831,3,0.2001183032989502,1.8001934528350831,3,0.2937972135532206,0.3201662647497489
held_trial_low,mlp,0,SpoolSolder_Pose1_Exp9,SpoolSolder,0.50154726538536,278,179,0,0,1,0,9.260969877243042,3.2941131591796875,0.0,0.0,0.0,0.0,1.0,0.0,0.0,0.0,0,,,0,,,0,,,0,,
held_trial_low,mlp,0,SpoolSolder_Pose2_Exp10,SpoolSolder,0.4295190642085532,367,232,0,2,1,0,12.227764129638672,4.494509220123291,1.3334550857543945,1.3334550857543945,0.0,0.0,1.0,9.813731989573958,0.29668535994633377,0.10905142359773322,0,,,0,,,0,,,0,,
held_trial_low,mlp,0,SpoolSolder_Pose2_Exp9,SpoolSolder,0.19426147742632704,107,10,1,0,0,0,3.5610547065734863,3.2280662059783936,0.7669007778167725,1.0332577228546143,1.0,1.0,0.0,0.0,0.23757281569890626,0.2901549703651799,1,0.0,0.0,1,0.0,0.0,1,-0.7666451930999756,-0.7666451930999756,1,0.24216705287139056,0.24216705287139056
held_trial_low,mlp,0,SpoolSolder_Pose3_Exp10,SpoolSolder,0.22629136054500715,687,120,0,0,3,0,22.894401788711548,18.894401788711548,0.0,0.0,0.0,0.0,1.0,0.0,0.0,0.0,0,,,0,,,0,,,0,,
held_trial_low,mlp,0,SpoolSolder_Pose3_Exp9,SpoolSolder,0.9366267668592877,698,135,2,3,0,0,23.26098656654358,18.761017560958862,0.49968481063842773,4.332841873168945,0.5714285714285714,1.0,0.0,7.738278833748828,0.02663420622121571,0.1862707697617993,2,0.2500699758529663,0.3433720350265503,2,0.2500699758529663,0.3433720350265503,2,0.2500699758529663,0.3433720350265503,2,0.565770796120219,0.8186499219428288
held_trial_low,mlp,1,brush_Pose1_Exp10,brush,0.3217178049010355,101,14,0,1,1,0,3.3611581325531006,2.894446849822998,0.20023226737976074,0.20023226737976074,0.0,0.0,1.0,17.85098993674083,0.06917807711411436,0.05957240316678181,0,,,0,,,0,,,0,,
held_trial_low,mlp,1,brush_Pose1_Exp9,brush,0.17695463139011525,90,7,1,0,0,0,2.9944820404052734,2.7610766887664795,0.86659836769104,1.066720724105835,1.0,1.0,0.0,0.0,0.3138624766261729,0.3562287933980946,1,0.0,0.0,1,0.0,0.0,1,-0.8669602870941162,-0.8669602870941162,1,0.18192879978325657,0.18192879978325657
held_trial_low,mlp,1,brush_Pose2_Exp10,brush,0.41947095688076963,128,33,1,0,0,0,4.261070489883423,3.161142587661743,0.7667949199676514,1.8333537578582764,1.0,1.0,0.0,0.0,0.2425689125699451,0.43025661326443687,1,0.0,0.0,1,0.0,0.0,1,-0.7665390968322754,-0.7665390968322754,1,0.5713536178015667,0.5713536178015667
held_trial_low,mlp,1,brush_Pose2_Exp9,brush,0.4380556963165659,107,9,1,0,0,0,3.5613017082214355,3.2613587379455566,0.6667606830596924,0.9667036533355713,1.0,1.0,0.0,0.0,0.2044426070956267,0.2714467159869914,1,0.0,0.0,1,0.0,0.0,1,-0.6333193778991699,-0.6333193778991699,1,0.3102739595955162,0.3102739595955162
held_trial_low,mlp,1,brush_Pose3_Exp10,brush,0.5372263318920638,99,8,0,0,2,1,3.294581651687622,3.0277276039123535,0.0,0.0,0.0,0.0,1.0,0.0,0.0,0.0,0,,,0,,,0,,,0,,
held_trial_low,mlp,1,brush_Pose3_Exp9,brush,0.9062175026183882,330,152,3,3,0,0,10.99442172050476,5.927415609359741,0.8994224071502686,4.833212614059448,0.6666666666666666,1.0,0.0,16.37193884097581,0.1517393863406553,0.4396058962378562,3,0.0,0.16010570526123047,3,0.0,0.16010570526123047,3,-0.09950566291809082,0.14020457267761233,3,0.1431079730173895,0.7427309032833765
held_trial_low,mlp,1,screwDriver_Pose1_Exp10,screwDriver,0.7214387433405274,671,253,3,0,1,0,22.36756706237793,13.924768209457397,7.064316987991333,14.905105590820312,0.8571428571428571,0.75,0.25,0.0,0.5073202570936444,0.6663713379847459,3,0.0,0.8000062942504883,3,0.0,0.8000062942504883,3,-0.03334188461303711,0.793337917327881,3,0.07433767467918094,0.279041963962889
held_trial_low,mlp,1,screwDriver_Pose1_Exp9,screwDriver,0.8445416479566894,688,308,1,0,3,0,22.927485466003418,12.661098003387451,10.067224264144897,20.333611726760864,0.4,0.25,0.75,0.0,0.7951304271913409,0.886866191973441,1,0.0,0.0,1,0.0,0.0,1,-0.6006069183349609,-0.6006069183349609,1,0.19671556951710428,0.19671556951710428
held_trial_low,mlp,1,screwDriver_Pose2_Exp10,screwDriver,0.4279036298274482,110,23,1,0,0,0,3.6579785346984863,2.891040325164795,0.5322134494781494,1.132328987121582,1.0,1.0,0.0,0.0,0.18409063507193113,0.30955047340509223,1,0.0,0.0,1,0.0,0.0,1,-0.5323677062988281,-0.5323677062988281,1,0.4619287775069246,0.4619287775069246
held_trial_low,mlp,1,screwDriver_Pose2_Exp9,screwDriver,,627,0,0,1,0,0,20.91916060447693,20.91916060447693,0.06658506393432617,0.06658506393432617,0.0,0.0,0.0,2.8681839168613363,0.0031829701579936358,0.0031829701579936358,0,,,0,,,0,,,0,,
held_trial_low,mlp,1,screwDriver_Pose3_Exp10,screwDriver,0.866171997686761,668,268,1,0,3,0,22.261112451553345,13.32762360572815,10.099729776382446,18.83326530456543,0.4,0.25,0.75,0.0,0.7578042474159932,0.8460163590454921,1,0.20010709762573242,0.20010709762573242,1,0.20010709762573242,0.20010709762573242,1,0.20010709762573242,0.20010709762573242,1,0.18389506195611346,0.18389506195611346
held_trial_low,mlp,1,screwDriver_Pose3_Exp9,screwDriver,0.7494271508970177,679,240,1,0,6,0,22.62770962715149,14.627729415893555,11.833560943603516,19.83354115486145,0.25,0.14285714285714285,0.8571428571428571,0.0,0.8089813946616982,0.8765156298038554,1,0.0,0.0,1,0.0,0.0,1,-0.6999785900115967,-0.6999785900115967,1,0.02184648221861013,0.02184648221861013
held_trial_low,mlp,1,SpoolSolder_Pose1_Exp10,SpoolSolder,0.14685498504293296,688,117,2,1,1,0,22.938194274902344,19.038597345352173,0.9998712539672852,1.266319751739502,0.6666666666666666,0.6666666666666666,0.3333333333333333,2.615724641657977,0.052518115480360235,0.055205729647387125,2,0.1000591516494751,0.1801064729690552,2,0.1000591516494751,0.1801064729690552,2,-0.28334271907806396,0.10342609882354739,2,0.19693131334728045,0.27442403351203254
held_trial_low,mlp,1,SpoolSolder_Pose1_Exp9,SpoolSolder,0.9688483763548985,278,179,1,3,0,0,9.260969877243042,3.2941131591796875,0.20002198219299316,4.0335094928741455,0.4,1.0,0.0,19.436409186721743,0.060721041605869844,0.4355385609001578,1,1.9999735355377197,1.9999735355377197,1,1.9999735355377197,1.9999735355377197,1,1.9999735355377197,1.9999735355377197,1,0.005585409982917919,0.005585409982917919
held_trial_low,mlp,1,SpoolSolder_Pose2_Exp10,SpoolSolder,0.42380121007220345,367,232,0,2,1,0,12.227764129638672,4.494509220123291,0.700054407119751,0.700054407119751,0.0,0.0,1.0,9.813731989573958,0.15575769741118642,0.05725121941327776,0,,,0,,,0,,,0,,
held_trial_low,mlp,1,SpoolSolder_Pose2_Exp9,SpoolSolder,0.18467186213019002,107,10,1,0,0,0,3.5610547065734863,3.2280662059783936,0.7669007778167725,1.0667870044708252,1.0,1.0,0.0,0.0,0.23757281569890626,0.2995705183920939,1,0.0,0.0,1,0.0,0.0,1,-0.7666451930999756,-0.7666451930999756,1,0.2726512863977179,0.2726512863977179
held_trial_low,mlp,1,SpoolSolder_Pose3_Exp10,SpoolSolder,0.23484973157858535,687,120,1,1,2,0,22.894401788711548,18.894401788711548,2.3608646392822266,2.4274275302886963,0.4,0.3333333333333333,0.6666666666666666,2.6207280082585065,0.12495048351796584,0.10602712194408934,1,0.3331594467163086,0.3331594467163086,1,0.3331594467163086,0.3331594467163086,1,0.3331594467163086,0.3331594467163086,1,0.1426587355321605,0.1426587355321605
held_trial_low,mlp,1,SpoolSolder_Pose3_Exp9,SpoolSolder,0.8468251237129941,698,135,1,1,1,0,23.26098656654358,18.761017560958862,0.23290324211120605,3.632636547088623,0.5,0.5,0.5,2.579426277916276,0.012414211614825787,0.15616863612799067,1,0.4998009204864502,0.4998009204864502,1,0.4998009204864502,0.4998009204864502,1,0.4998009204864502,0.4998009204864502,1,0.8292493160059692,0.8292493160059692
held_trial_low,mlp,2,brush_Pose1_Exp10,brush,0.167531487962769,101,14,1,1,0,0,3.3611581325531006,2.894446849822998,0.7666440010070801,0.9671347141265869,0.6666666666666666,1.0,0.0,17.85098993674083,0.2648671890637626,0.2877385341557737,1,0.0,0.0,1,0.0,0.0,1,-0.6667258739471436,-0.6667258739471436,1,0.17689979438940132,0.17689979438940132
held_trial_low,mlp,2,brush_Pose1_Exp9,brush,0.21670135420135422,90,7,1,0,0,0,2.9944820404052734,2.7610766887664795,0.86659836769104,1.100003719329834,1.0,1.0,0.0,0.0,0.3138624766261729,0.3673435687665568,1,0.0,0.0,1,0.0,0.0,1,-0.8669602870941162,-0.8669602870941162,1,0.21218596586290978,0.21218596586290978
held_trial_low,mlp,2,brush_Pose2_Exp10,brush,0.4741972954348411,128,33,1,0,0,0,4.261070489883423,3.161142587661743,0.7667949199676514,1.8333537578582764,1.0,1.0,0.0,0.0,0.2425689125699451,0.43025661326443687,1,0.0,0.0,1,0.0,0.0,1,-0.7665390968322754,-0.7665390968322754,1,0.5713536178015667,0.5713536178015667
held_trial_low,mlp,2,brush_Pose2_Exp9,brush,0.38382289208376164,107,9,1,0,0,0,3.5613017082214355,3.2613587379455566,0.9335496425628662,1.2334926128387451,1.0,1.0,0.0,0.0,0.28624561649754043,0.3463600430121291,1,0.0,0.0,1,0.0,0.0,1,-0.6666707992553711,-0.6666707992553711,1,0.2431655991725753,0.2431655991725753
held_trial_low,mlp,2,brush_Pose3_Exp10,brush,0.6541855631141346,99,8,2,0,0,1,3.294581651687622,3.0277276039123535,0.0,0.16685175895690918,1.0,1.0,0.0,0.0,0.0,0.05064429314460631,2,0.049977660179138184,0.08995978832244873,1,0.09995532035827637,0.09995532035827637,1,0.09995532035827637,0.09995532035827637,2,0.7500211573739111,0.9500042314747822
held_trial_low,mlp,2,brush_Pose3_Exp9,brush,0.8709176091023769,330,152,2,0,1,0,10.99442172050476,5.927415609359741,1.9993951320648193,5.999887704849243,0.8,0.6666666666666666,0.3333333333333333,0.0,0.3373131333844139,0.5457210808695252,2,0.5167276859283447,0.9301098346710205,2,0.5167276859283447,0.9301098346710205,2,0.2833801507949829,0.8834403276443482,2,0.08761346282182188,0.12566874759831692
held_trial_low,mlp,2,screwDriver_Pose1_Exp10,screwDriver,0.6453055995339578,671,253,2,1,2,0,22.36756706237793,13.924768209457397,11.430551767349243,19.271340370178223,0.5714285714285714,0.5,0.5,2.682455352997221,0.8208791410679183,0.8615751689236003,2,0.5000039339065552,0.9000070810317994,2,0.5000039339065552,0.9000070810317994,2,0.1503380537033081,0.83007390499115,2,0.13729955046083936,0.1876690510861661
held_trial_low,mlp,2,screwDriver_Pose1_Exp9,screwDriver,0.648406794799424,688,308,1,0,3,0,22.927485466003418,12.661098003387451,10.065642833709717,20.332030296325684,0.4,0.25,0.75,0.0,0.7950055225081327,0.8867972166626714,1,0.0,0.0,1,0.0,0.0,1,-0.6335093975067139,-0.6335093975067139,1,0.19673087010362586,0.19673087010362586
held_trial_low,mlp,2,screwDriver_Pose2_Exp10,screwDriver,0.6651967492781813,110,23,1,0,0,0,3.6579785346984863,2.891040325164795,0.5650725364685059,1.3320107460021973,1.0,1.0,0.0,0.0,0.19545646995992547,0.3641384806846577,1,0.0,0.0,1,0.0,0.0,1,-0.5659840106964111,-0.5659840106964111,1,0.5757747914838716,0.5757747914838716
held_trial_low,mlp,2,screwDriver_Pose2_Exp9,screwDriver,,627,0,0,1,0,0,20.91916060447693,20.91916060447693,0.23494505882263184,0.23494505882263184,0.0,0.0,0.0,2.8681839168613363,0.011231093984351887,0.011231093984351887,0,,,0,,,0,,,0,,
held_trial_low,mlp,2,screwDriver_Pose3_Exp10,screwDriver,0.8640983043914519,668,268,1,0,3,0,22.261112451553345,13.32762360572815,10.666359663009644,19.46670937538147,0.4,0.25,0.75,0.0,0.8003196952850089,0.8744715439422307,1,0.0,0.0,1,0.0,0.0,1,-0.6666340827941895,-0.6666340827941895,1,0.1900715813878961,0.1900715813878961
held_trial_low,mlp,2,screwDriver_Pose3_Exp9,screwDriver,0.6429950713431714,679,240,1,0,6,0,22.62770962715149,14.627729415893555,11.700067043304443,19.499887704849243,0.25,0.14285714285714285,0.8571428571428571,0.0,0.7998553097784198,0.8617702819312696,1,0.0,0.0,1,0.0,0.0,1,-0.7335505485534668,-0.7335505485534668,1,0.02222028714883324,0.02222028714883324
held_trial_low,mlp,2,SpoolSolder_Pose1_Exp10,SpoolSolder,0.3354528576208526,688,117,3,2,0,0,22.938194274902344,19.038597345352173,1.099731206893921,1.7327992916107178,0.75,1.0,0.0,5.231449283315954,0.05776324730993875,0.07554209676856069,3,0.1332874298095703,2.453425407409668,3,0.1332874298095703,2.453425407409668,3,0.1332874298095703,2.453425407409668,3,0.13326967694302427,0.337811084801835
held_trial_low,mlp,2,SpoolSolder_Pose1_Exp9,SpoolSolder,0.5478895994608468,278,179,1,0,0,0,9.260969877243042,3.2941131591796875,0.0,0.16683006286621094,1.0,1.0,0.0,0.0,0.0,0.0180143187028566,1,5.70015811920166,5.70015811920166,1,5.70015811920166,5.70015811920166,1,5.70015811920166,5.70015811920166,1,0.027959455161906167,0.027959455161906167
held_trial_low,mlp,2,SpoolSolder_Pose2_Exp10,SpoolSolder,0.43881416931874784,367,232,1,2,0,0,12.227764129638672,4.494509220123291,0.9670791625976562,1.5335674285888672,0.5,1.0,0.0,9.813731989573958,0.2151690240766995,0.12541683110092702,1,7.1666600704193115,7.1666600704193115,1,7.1666600704193115,7.1666600704193115,1,7.1666600704193115,7.1666600704193115,1,0.07325353588101378,0.07325353588101378
held_trial_low,mlp,2,SpoolSolder_Pose2_Exp9,SpoolSolder,0.1884468312271405,107,10,1,0,0,0,3.5610547065734863,3.2280662059783936,0.9002134799957275,1.2332019805908203,1.0,1.0,0.0,0.0,0.27887082313507944,0.34630245312278013,1,0.0,0.0,1,0.0,0.0,1,-0.8000881671905518,-0.8000881671905518,1,0.2700194338283172,0.2700194338283172
held_trial_low,mlp,2,SpoolSolder_Pose3_Exp10,SpoolSolder,0.2179898686105662,687,120,0,1,3,0,22.894401788711548,18.894401788711548,2.427568197250366,2.427568197250366,0.0,0.0,1.0,2.6207280082585065,0.12848081799026395,0.10603326610819408,0,,,0,,,0,,,0,,
held_trial_low,mlp,2,SpoolSolder_Pose3_Exp9,SpoolSolder,0.8218062872116182,698,135,1,2,1,0,23.26098656654358,18.761017560958862,1.1331841945648193,4.499764442443848,0.4,0.5,0.5,5.158852555832552,0.060400998553668164,0.19344684412121568,1,0.733109712600708,0.733109712600708,1,0.733109712600708,0.733109712600708,1,0.733109712600708,0.733109712600708,1,0.6733662995461841,0.6733662995461841
held_trial_low,mlp,3,brush_Pose1_Exp10,brush,0.32123618483870775,101,14,1,1,0,0,3.3611581325531006,2.894446849822998,0.5998184680938721,0.933189868927002,0.6666666666666666,1.0,0.0,17.85098993674083,0.20723077645407526,0.2776393826547401,1,0.0,0.0,1,0.0,0.0,1,-0.3665273189544678,-0.3665273189544678,1,0.40004629142195347,0.40004629142195347
held_trial_low,mlp,3,brush_Pose1_Exp9,brush,0.20464776819818836,90,7,1,0,0,0,2.9944820404052734,2.7610766887664795,0.86659836769104,1.100003719329834,1.0,1.0,0.0,0.0,0.3138624766261729,0.3673435687665568,1,0.0,0.0,1,0.0,0.0,1,-0.8669602870941162,-0.8669602870941162,1,0.21218596586290978,0.21218596586290978
held_trial_low,mlp,3,brush_Pose2_Exp10,brush,0.43774657935788613,128,33,1,0,0,0,4.261070489883423,3.161142587661743,0.7667949199676514,1.866722822189331,1.0,1.0,0.0,0.0,0.2425689125699451,0.43808775907868214,1,0.0,0.0,1,0.0,0.0,1,-0.7665390968322754,-0.7665390968322754,1,0.5892293645029001,0.5892293645029001
held_trial_low,mlp,3,brush_Pose2_Exp9,brush,0.7468394350747294,107,9,1,0,0,0,3.5613017082214355,3.2613587379455566,0.7001667022705078,1.0001096725463867,1.0,1.0,0.0,0.0,0.2146855830743622,0.28082699936306593,1,0.0,0.0,1,0.0,0.0,1,-0.5999431610107422,-0.5999431610107422,1,0.2999100783738966,0.2999100783738966
held_trial_low,mlp,3,brush_Pose3_Exp10,brush,0.5375241995824893,99,8,2,0,0,1,3.294581651687622,3.0277276039123535,0.0,0.1334850788116455,1.0,1.0,0.0,0.0,0.0,0.04051654896556256,2,0.06659555435180664,0.11987199783325196,1,0.13319110870361328,0.13319110870361328,1,0.13319110870361328,0.13319110870361328,2,0.6666134255755104,0.9333226851151021
held_trial_low,mlp,3,brush_Pose3_Exp9,brush,0.8692778710752601,330,152,2,1,1,0,10.99442172050476,5.927415609359741,0.799755334854126,4.80024790763855,0.6666666666666666,0.6666666666666666,0.3333333333333333,5.457312946991937,0.1349247948112943,0.4366075842521136,2,0.5167276859283447,0.9301098346710205,2,0.5167276859283447,0.9301098346710205,2,0.266903281211853,0.8801449537277222,2,0.09297971918197022,0.1267419988703466
held_trial_low,mlp,3,screwDriver_Pose1_Exp10,screwDriver,0.6450706843043708,671,253,3,0,1,0,22.36756706237793,13.924768209457397,11.36360239982605,16.364895820617676,0.8571428571428571,0.75,0.25,0.0,0.8160712069956138,0.7316350399209622,3,1.0000078678131104,2.418158006668091,3,1.0000078678131104,2.418158006668091,3,1.0000078678131104,2.418158006668091,3,0.049459773355254276,0.3692464384943345
held_trial_low,mlp,3,screwDriver_Pose1_Exp9,screwDriver,0.33951136690906975,688,308,1,0,3,0,22.927485466003418,12.661098003387451,10.033154249191284,20.29954171180725,0.4,0.25,0.75,0.0,0.792439506155543,0.8853802019374148,1,0.0,0.0,1,0.0,0.0,1,-0.6006069183349609,-0.6006069183349609,1,0.19704572979807053,0.19704572979807053
held_trial_low,mlp,3,screwDriver_Pose2_Exp10,screwDriver,0.6385331633238918,110,23,1,0,0,0,3.6579785346984863,2.891040325164795,0.5650725364685059,1.2357580661773682,1.0,1.0,0.0,0.0,0.19545646995992547,0.3378254012305808,1,0.0,0.0,1,0.0,0.0,1,-0.5659840106964111,-0.5659840106964111,1,0.5035136028157509,0.5035136028157509
held_trial_low,mlp,3,screwDriver_Pose2_Exp9,screwDriver,,627,0,0,1,0,0,20.91916060447693,20.91916060447693,0.13422369956970215,0.13422369956970215,0.0,0.0,0.0,2.8681839168613363,0.006416304272790793,0.006416304272790793,0,,,0,,,0,,,0,,
held_trial_low,mlp,3,screwDriver_Pose3_Exp10,screwDriver,0.4062013144694834,668,268,1,0,3,0,22.261112451553345,13.32762360572815,10.666359663009644,19.56649899482727,0.4,0.25,0.75,0.0,0.8003196952850089,0.87895423184307,1,0.0,0.0,1,0.0,0.0,1,-0.6666340827941895,-0.6666340827941895,1,0.18910221171276034,0.18910221171276034
held_trial_low,mlp,3,screwDriver_Pose3_Exp9,screwDriver,0.3376386730396128,679,240,1,0,6,0,22.62770962715149,14.627729415893555,11.800172567367554,19.80015277862549,0.25,0.14285714285714285,0.8571428571428571,0.0,0.8066988547481773,0.8750400771833684,1,0.0,0.0,1,0.0,0.0,1,-0.6999785900115967,-0.6999785900115967,1,0.02188332125596012,0.02188332125596012
held_trial_low,mlp,3,SpoolSolder_Pose1_Exp10,SpoolSolder,0.2983478763791608,688,117,2,0,1,0,22.938194274902344,19.038597345352173,0.8997030258178711,1.1663601398468018,0.8,0.6666666666666666,0.3333333333333333,0.0,0.0472567915323611,0.05084794931408206,2,0.08336770534515381,0.15006186962127685,2,0.08336770534515381,0.15006186962127685,2,-0.2667858600616455,0.080031156539917,2,0.21222461250889763,0.3247258385657319
held_trial_low,mlp,3,SpoolSolder_Pose1_Exp9,SpoolSolder,0.7490984335776346,278,179,1,0,0,0,9.260969877243042,3.2941131591796875,0.0,2.200157403945923,1.0,1.0,0.0,0.0,0.0,0.23757310876826887,1,3.6999616622924805,3.6999616622924805,1,3.6999616622924805,3.6999616622924805,1,3.6999616622924805,3.6999616622924805,1,0.3687297194996198,0.3687297194996198
held_trial_low,mlp,3,SpoolSolder_Pose2_Exp10,SpoolSolder,0.45013388220428774,367,232,1,2,0,0,12.227764129638672,4.494509220123291,2.1999356746673584,3.966461181640625,0.5,1.0,0.0,9.813731989573958,0.48947183483739987,0.32438155819724934,1,0.0,0.0,1,0.0,0.0,1,-1.433103084564209,-1.433103084564209,1,0.1563742080129839,0.1563742080129839
held_trial_low,mlp,3,SpoolSolder_Pose2_Exp9,SpoolSolder,0.18490995736828525,107,10,1,0,0,0,3.5610547065734863,3.2280662059783936,1.000178337097168,1.3331668376922607,1.0,1.0,0.0,0.0,0.30983823542554145,0.37437415247547795,1,0.0,0.0,1,0.0,0.0,1,-0.8000881671905518,-0.8000881671905518,1,0.24977256497881595,0.24977256497881595
held_trial_low,mlp,3,SpoolSolder_Pose3_Exp10,SpoolSolder,0.24633682848723393,687,120,1,2,2,0,22.894401788711548,18.894401788711548,2.7608423233032227,2.8941009044647217,0.3333333333333333,0.3333333333333333,0.6666666666666666,5.241456016517013,0.14611959426800625,0.12641085498428287,1,0.2665517330169678,0.2665517330169678,1,0.2665517330169678,0.2665517330169678,1,0.2665517330169678,0.2665517330169678,1,0.285602088488937,0.285602088488937
held_trial_low,mlp,3,SpoolSolder_Pose3_Exp9,SpoolSolder,0.8411585514963085,698,135,1,2,1,0,23.26098656654358,18.761017560958862,3.1945104598999023,6.5608649253845215,0.4,0.5,0.5,5.158852555832552,0.17027383773402496,0.2820544565732674,1,0.4998009204864502,0.4998009204864502,1,0.4998009204864502,0.4998009204864502,1,0.4998009204864502,0.4998009204864502,1,0.8211076833143838,0.8211076833143838
held_trial_low,mlp,4,brush_Pose1_Exp10,brush,0.3792594846534042,101,14,1,2,0,0,3.3611581325531006,2.894446849822998,0.6998162269592285,1.099834680557251,0.5,1.0,0.0,35.70197987348166,0.24177891779288463,0.3272189635784342,1,0.0,0.0,1,0.0,0.0,1,-0.3665273189544678,-0.3665273189544678,1,0.48002287677440914,0.48002287677440914
held_trial_low,mlp,4,brush_Pose1_Exp9,brush,0.17166298031673044,90,7,1,0,0,0,2.9944820404052734,2.7610766887664795,0.86659836769104,1.100003719329834,1.0,1.0,0.0,0.0,0.3138624766261729,0.3673435687665568,1,0.0,0.0,1,0.0,0.0,1,-0.8669602870941162,-0.8669602870941162,1,0.21218596586290978,0.21218596586290978
held_trial_low,mlp,4,brush_Pose2_Exp10,brush,0.43060991207284693,128,33,1,0,0,0,4.261070489883423,3.161142587661743,0.7333774566650391,1.8333053588867188,1.0,1.0,0.0,0.0,0.23199758831742828,0.4302452548577472,1,0.0,0.0,1,0.0,0.0,1,-0.7332425117492676,-0.7332425117492676,1,0.5999698287521588,0.5999698287521588
held_trial_low,mlp,4,brush_Pose2_Exp9,brush,0.9658119658119659,107,9,1,0,0,0,3.5613017082214355,3.2613587379455566,0.0,0.166306734085083,1.0,1.0,0.0,0.0,0.0,0.046698299585557705,1,0.06672525405883789,0.06672525405883789,1,0.06672525405883789,0.06672525405883789,1,0.06672525405883789,0.06672525405883789,1,0.5544611828445883,0.5544611828445883
held_trial_low,mlp,4,brush_Pose3_Exp10,brush,0.537415322922913,99,8,1,0,1,1,3.294581651687622,3.0277276039123535,0.0,0.033235788345336914,0.6666666666666666,0.5,0.5,0.0,0.0,0.010088014764579338,1,0.13319110870361328,0.13319110870361328,1,0.13319110870361328,0.13319110870361328,1,0.13319110870361328,0.13319110870361328,1,0.16616107496146973,0.16616107496146973
held_trial_low,mlp,4,brush_Pose3_Exp9,brush,0.7789227676070754,330,152,3,1,0,0,10.99442172050476,5.927415609359741,0.5661106109619141,3.7331552505493164,0.8571428571428571,1.0,0.0,5.457312946991937,0.09550715662117429,0.3395499413658952,3,0.0,0.8535039901733399,3,0.0,0.8535039901733399,3,-0.09950566291809082,0.8336028575897217,3,0.2383686454027892,0.6675440092612168
held_trial_low,mlp,4,screwDriver_Pose1_Exp10,screwDriver,0.7023444223695536,671,253,2,3,2,0,22.36756706237793,13.924768209457397,6.899263381958008,11.36536431312561,0.4444444444444444,0.5,0.5,8.047366058991663,0.4954670180629778,0.5081180390084563,2,0.0,0.0,2,0.0,0.0,2,-1.4328335523605347,-0.819532561302185,2,0.23786925732209296,0.40550695116777263
held_trial_low,mlp,4,screwDriver_Pose1_Exp9,screwDriver,0.9015317019131697,688,308,1,0,3,0,22.927485466003418,12.661098003387451,9.867072343826294,20.000545740127563,0.4,0.25,0.75,0.0,0.7793220099225501,0.8723392615288805,1,0.0,0.0,1,0.0,0.0,1,-0.6006069183349609,-0.6006069183349609,1,0.19999144339068028,0.19999144339068028
held_trial_low,mlp,4,screwDriver_Pose2_Exp10,screwDriver,0.6615009259641184,110,23,1,0,0,0,3.6579785346984863,2.891040325164795,0.5994088649749756,1.366347074508667,1.0,1.0,0.0,0.0,0.2073332771450734,0.37352517559846476,1,0.0,0.0,1,0.0,0.0,1,-0.5988430976867676,-0.5988430976867676,1,0.5613055597967151,0.5613055597967151
held_trial_low,mlp,4,screwDriver_Pose2_Exp9,screwDriver,,627,0,0,1,0,0,20.91916060447693,20.91916060447693,0.1673717498779297,0.1673717498779297,0.0,0.0,0.0,2.8681839168613363,0.008000882685613605,0.008000882685613605,0,,,0,,,0,,,0,,
held_trial_low,mlp,4,screwDriver_Pose3_Exp10,screwDriver,0.6880690705075891,668,268,1,0,3,0,22.261112451553345,13.32762360572815,9.999719619750977,18.60011601448059,0.4,0.25,0.75,0.0,0.7503002722445691,0.835542970054163,1,0.20010709762573242,0.20010709762573242,1,0.20010709762573242,0.20010709762573242,1,0.20010709762573242,0.20010709762573242,1,0.18617563881930177,0.18617563881930177
held_trial_low,mlp,4,screwDriver_Pose3_Exp9,screwDriver,0.36364219168704853,679,240,1,0,6,0,22.62770962715149,14.627729415893555,11.666937351226807,19.466758012771606,0.25,0.14285714285714285,0.8571428571428571,0.0,0.7975904543701949,0.8603061614955945,1,0.0,0.0,1,0.0,0.0,1,-0.6999785900115967,-0.6999785900115967,1,0.022258102961339593,0.022258102961339593
held_trial_low,mlp,4,SpoolSolder_Pose1_Exp10,SpoolSolder,0.11714188212186841,688,117,2,0,1,0,22.938194274902344,19.038597345352173,1.1333889961242676,1.5664043426513672,0.8,0.6666666666666666,0.3333333333333333,0.0,0.05953111857796383,0.06828804063122078,2,0.033240556716918945,0.059833002090454106,2,0.033240556716918945,0.059833002090454106,2,-0.3668355941772461,-0.020182228088378884,2,0.27864640903711113,0.39840355269572414
held_trial_low,mlp,4,SpoolSolder_Pose1_Exp9,SpoolSolder,0.49210836404011943,278,179,1,0,0,0,9.260969877243042,3.2941131591796875,0.0,0.2331984043121338,1.0,1.0,0.0,0.0,0.0,0.025180775599451158,1,5.66679310798645,5.66679310798645,1,5.66679310798645,5.66679310798645,1,5.66679310798645,5.66679310798645,1,0.03908228659256667,0.03908228659256667
held_trial_low,mlp,4,SpoolSolder_Pose2_Exp10,SpoolSolder,0.4595229317339183,367,232,1,2,0,0,12.227764129638672,4.494509220123291,2.166719913482666,4.433214426040649,0.5,1.0,0.0,9.813731989573958,0.4820815371301496,0.362553151912299,1,0.0,0.0,1,0.0,0.0,1,-1.433103084564209,-1.433103084564209,1,0.11271397954618753,0.11271397954618753
held_trial_low,mlp,4,SpoolSolder_Pose2_Exp9,SpoolSolder,0.18425778345524177,107,10,1,0,0,0,3.5610547065734863,3.2280662059783936,1.000178337097168,1.3331668376922607,1.0,1.0,0.0,0.0,0.30983823542554145,0.37437415247547795,1,0.0,0.0,1,0.0,0.0,1,-0.8000881671905518,-0.8000881671905518,1,0.24977256497881595,0.24977256497881595
held_trial_low,mlp,4,SpoolSolder_Pose3_Exp10,SpoolSolder,0.21238406552505174,687,120,1,1,2,0,22.894401788711548,18.894401788711548,2.394432306289673,2.4942574501037598,0.4,0.3333333333333333,0.6666666666666666,2.6207280082585065,0.12672707678526374,0.10894617265490612,1,0.29981398582458496,0.29981398582458496,1,0.29981398582458496,0.29981398582458496,1,0.29981398582458496,0.29981398582458496,1,0.2139469691821158,0.2139469691821158
held_trial_low,mlp,4,SpoolSolder_Pose3_Exp9,SpoolSolder,0.632313821858824,698,135,1,3,1,0,23.26098656654358,18.761017560958862,10.700128316879272,14.433265686035156,0.3333333333333333,0.5,0.5,7.738278833748828,0.5703383775486641,0.6204924131117728,1,0.4998009204864502,0.4998009204864502,1,0.4998009204864502,0.4998009204864502,1,0.4998009204864502,0.4998009204864502,1,0.3050649106584992,0.3050649106584992
held_trial_low,tcn,0,brush_Pose1_Exp10,brush,0.9505205320994794,101,14,1,0,0,0,3.3611581325531006,2.894446849822998,0.0,0.3666229248046875,1.0,1.0,0.0,0.0,0.0,0.10907636902111612,1,0.1001436710357666,0.1001436710357666,1,0.1001436710357666,0.1001436710357666,1,0.1001436710357666,0.1001436710357666,1,0.7855454504122289,0.7855454504122289
held_trial_low,tcn,0,brush_Pose1_Exp9,brush,0.6471449185734899,90,7,1,0,0,0,2.9944820404052734,2.7610766887664795,0.3665342330932617,0.5999395847320557,1.0,1.0,0.0,0.0,0.13275047179403487,0.20034836630740313,1,0.0,0.0,1,0.0,0.0,1,-0.36661696434020996,-0.36661696434020996,1,0.3890480934726739,0.3890480934726739
held_trial_low,tcn,0,brush_Pose2_Exp10,brush,0.7583841589523511,128,33,1,1,0,0,4.261070489883423,3.161142587661743,0.26681971549987793,1.1000151634216309,0.6666666666666666,1.0,0.0,14.080968653874937,0.08440609940889793,0.25815465058211834,1,0.0,0.0,1,0.0,0.0,1,-0.26660799980163574,-0.26660799980163574,1,0.5608289846325067,0.5608289846325067
held_trial_low,tcn,0,brush_Pose2_Exp9,brush,0.8670033670033669,107,9,1,0,0,0,3.5613017082214355,3.2613587379455566,0.40025973320007324,0.7002027034759521,1.0,1.0,0.0,0.0,0.12272790740346791,0.19661426097640103,1,0.0,0.0,1,0.0,0.0,1,-0.13336658477783203,-0.13336658477783203,1,0.4283659128805123,0.4283659128805123
held_trial_low,tcn,0,brush_Pose3_Exp10,brush,1.0,99,8,2,0,0,1,3.294581651687622,3.0277276039123535,0.03319907188415527,0.30005311965942383,1.0,1.0,0.0,0.0,0.010965012784259808,0.09107472552872506,2,0.0,0.0,1,0.0,0.0,1,-0.03341364860534668,-0.03341364860534668,2,0.9288247369142035,0.9857649473828407
held_trial_low,tcn,0,brush_Pose3_Exp9,brush,0.6159501501015037,330,152,2,0,1,0,10.99442172050476,5.927415609359741,3.065976142883301,7.899845123291016,0.8,0.6666666666666666,0.3333333333333333,0.0,0.5172534448304826,0.7185321178427863,2,0.46676790714263916,0.8401822328567505,2,0.46676790714263916,0.8401822328567505,2,0.40050530433654785,0.8269297122955322,2,0.1369691084030852,0.22195615846217556
held_trial_low,tcn,0,screwDriver_Pose1_Exp10,screwDriver,0.9544869209161931,671,253,2,3,2,0,22.36756706237793,13.924768209457397,6.43477988243103,14.374677419662476,0.4444444444444444,0.5,0.5,8.047366058991663,0.46211037667834703,0.6426571731996981,2,0.0503687858581543,0.09066381454467773,2,0.0503687858581543,0.09066381454467773,2,-0.5995156764984131,-0.039313077926635714,2,0.41587535066620485,0.46882621575917194
held_trial_low,tcn,0,screwDriver_Pose1_Exp9,screwDriver,0.758471030975493,688,308,2,0,2,0,22.927485466003418,12.661098003387451,9.500089168548584,19.499380826950073,0.6666666666666666,0.5,0.5,0.0,0.750336911222617,0.8504805664739601,2,0.5998857021331787,0.9461450099945069,2,0.5998857021331787,0.9461450099945069,2,0.5998857021331787,0.9461450099945069,2,0.21264548884895518,0.2219563065986099
held_trial_low,tcn,0,screwDriver_Pose2_Exp10,screwDriver,0.9981884057971013,110,23,1,1,0,0,3.6579785346984863,2.891040325164795,0.1985466480255127,0.9654848575592041,0.6666666666666666,1.0,0.0,16.402501936754962,0.06867654051632613,0.2639394541003739,1,0.0,0.0,1,0.0,0.0,1,-0.1001896858215332,-0.1001896858215332,1,0.8848881638850912,0.8848881638850912
held_trial_low,tcn,0,screwDriver_Pose2_Exp9,screwDriver,,627,0,0,1,0,0,20.91916060447693,20.91916060447693,0.09991836547851562,0.09991836547851562,0.0,0.0,0.0,2.8681839168613363,0.0047764041477425245,0.0047764041477425245,0,,,0,,,0,,,0,,
held_trial_low,tcn,0,screwDriver_Pose3_Exp10,screwDriver,0.5083341047532528,668,268,1,1,3,0,22.261112451553345,13.32762360572815,10.266311883926392,18.16648578643799,0.3333333333333333,0.25,0.75,2.695283092009775,0.7703032579276908,0.8160636996903702,1,1.03334379196167,1.03334379196167,1,1.03334379196167,1.03334379196167,1,1.03334379196167,1.03334379196167,1,0.13913565993479896,0.13913565993479896
held_trial_low,tcn,0,screwDriver_Pose3_Exp9,screwDriver,0.6010496940744602,679,240,3,1,4,0,22.62770962715149,14.627729415893555,10.200126886367798,17.266963005065918,0.5454545454545454,0.42857142857142855,0.5714285714285714,2.651616137410773,0.6973144359154602,0.7630892958051267,3,0.36653780937194824,0.7396508693695069,3,0.36653780937194824,0.7396508693695069,3,0.36653780937194824,0.7396508693695069,3,0.15800098166011975,0.5858678907882223
held_trial_low,tcn,0,SpoolSolder_Pose1_Exp10,SpoolSolder,0.12850065533936883,688,117,1,0,2,0,22.938194274902344,19.038597345352173,15.000294923782349,18.666637420654297,0.5,0.3333333333333333,0.6666666666666666,0.0,0.7878886585856767,0.8137797246350058,1,0.0,0.0,1,0.0,0.0,1,-6.499867677688599,-6.499867677688599,1,0.17677912990842465,0.17677912990842465
held_trial_low,tcn,0,SpoolSolder_Pose1_Exp9,SpoolSolder,0.8740783746801768,278,179,1,2,0,0,9.260969877243042,3.2941131591796875,0.26639485359191895,3.4333925247192383,0.5,1.0,0.0,12.957606124481162,0.08086997644557468,0.37073790005041535,1,0.8666422367095947,0.8666422367095947,1,0.8666422367095947,0.8666422367095947,1,0.8666422367095947,0.8666422367095947,1,0.005585409982917919,0.005585409982917919
held_trial_low,tcn,0,SpoolSolder_Pose2_Exp10,SpoolSolder,0.7639043984047973,367,232,1,0,0,0,12.227764129638672,4.494509220123291,1.4333672523498535,9.166622161865234,1.0,1.0,0.0,0.0,0.3189151878768499,0.749656442885287,1,0.0,0.0,1,0.0,0.0,1,-1.433103084564209,-1.433103084564209,1,0.8436319042020828,0.8436319042020828
held_trial_low,tcn,0,SpoolSolder_Pose2_Exp9,SpoolSolder,0.7914327625082773,107,10,1,0,0,0,3.5610547065734863,3.2280662059783936,0.4335207939147949,0.7334070205688477,1.0,1.0,0.0,0.0,0.13429736760414407,0.20595219141537582,1,0.0,0.0,1,0.0,0.0,1,-0.4332852363586426,-0.4332852363586426,1,0.39123625610541674,0.39123625610541674
held_trial_low,tcn,0,SpoolSolder_Pose3_Exp10,SpoolSolder,0.5769128843000298,687,120,2,13,1,0,22.894401788711548,18.894401788711548,8.767549276351929,11.400551080703735,0.2222222222222222,0.6666666666666666,0.3333333333333333,34.06946410736058,0.4640289422441571,0.4979623921130344,2,0.016608119010925293,0.02989461421966553,2,0.016608119010925293,0.02989461421966553,2,-1.7833824157714844,-0.33010349273681633,2,0.5001638505726508,0.6861287351401435
held_trial_low,tcn,0,SpoolSolder_Pose3_Exp9,SpoolSolder,0.4926809597048739,698,135,1,4,1,0,23.26098656654358,18.761017560958862,11.166063070297241,15.632812261581421,0.2857142857142857,0.5,0.5,10.317705111665104,0.5951736377846315,0.6720614457542481,1,0.03341984748840332,0.03341984748840332,1,0.03341984748840332,0.03341984748840332,1,0.03341984748840332,0.03341984748840332,1,0.31281500468222323,0.31281500468222323
held_trial_low,tcn,1,brush_Pose1_Exp10,brush,0.7432291914434771,101,14,1,1,0,0,3.3611581325531006,2.894446849822998,0.5329911708831787,0.9997024536132812,0.6666666666666666,1.0,0.0,17.85098993674083,0.18414266992526476,0.29742797398643,1,0.0,0.0,1,0.0,0.0,1,-0.4996836185455322,-0.4996836185455322,1,0.48299130899932097,0.48299130899932097
held_trial_low,tcn,1,brush_Pose1_Exp9,brush,0.8766233766233766,90,7,1,0,0,0,2.9944820404052734,2.7610766887664795,0.4997711181640625,0.7331764698028564,1.0,1.0,0.0,0.0,0.18100588085705688,0.2448425002754828,1,0.0,0.0,1,0.0,0.0,1,-0.5003175735473633,-0.5003175735473633,1,0.3183481211577265,0.3183481211577265
held_trial_low,tcn,1,brush_Pose2_Exp10,brush,1.0,128,33,1,0,0,0,4.261070489883423,3.161142587661743,0.2999756336212158,1.3999035358428955,1.0,1.0,0.0,0.0,0.09489468611509358,0.3285332967775417,1,0.0,0.0,1,0.0,0.0,1,-0.29998135566711426,-0.29998135566711426,1,0.7857169255304455,0.7857169255304455
held_trial_low,tcn,1,brush_Pose2_Exp9,brush,0.8851851851851853,107,9,1,0,0,0,3.5613017082214355,3.2613587379455566,0.5335166454315186,0.8334596157073975,1.0,1.0,0.0,0.0,0.16358723105928522,0.2340322960515578,1,0.0,0.0,1,0.0,0.0,1,-0.2665677070617676,-0.2665677070617676,1,0.35987702898034574,0.35987702898034574
held_trial_low,tcn,1,brush_Pose3_Exp10,brush,1.0,99,8,2,0,0,1,3.294581651687622,3.0277276039123535,0.0,0.26685404777526855,1.0,1.0,0.0,0.0,0.0,0.0809978552629208,2,0.0,0.0,1,0.0,0.0,1,0.0,0.0,2,1.0,1.0
held_trial_low,tcn,1,brush_Pose3_Exp9,brush,0.9302209779437853,330,152,1,0,2,0,10.99442172050476,5.927415609359741,3.232651472091675,8.299657583236694,0.5,0.3333333333333333,0.6666666666666666,0.0,0.5453728378666626,0.7548971464099571,1,0.0,0.0,1,0.0,0.0,1,-0.2999849319458008,-0.2999849319458008,1,0.028144032709850688,0.028144032709850688
held_trial_low,tcn,1,screwDriver_Pose1_Exp10,screwDriver,0.9183128569839262,671,253,4,5,0,0,22.36756706237793,13.924768209457397,9.765763521194458,18.07612919807434,0.6153846153846154,1.0,0.0,13.412276764986105,0.7013232374354186,0.8081401588140646,4,0.016535282135009766,0.07961018085479737,4,0.016535282135009766,0.07961018085479737,4,-0.2667633295059204,0.07961018085479737,4,0.4301118069807949,0.7632813840012593
held_trial_low,tcn,1,screwDriver_Pose1_Exp9,screwDriver,0.9427164454817972,688,308,1,0,3,0,22.927485466003418,12.661098003387451,9.733810186386108,20.000197649002075,0.4,0.25,0.75,0.0,0.7687966860205843,0.8723240792653915,1,0.0,0.0,1,0.0,0.0,1,-0.2322239875793457,-0.2322239875793457,1,0.19999492411861308,0.19999492411861308
held_trial_low,tcn,1,screwDriver_Pose2_Exp10,screwDriver,0.9999999999999998,110,23,1,0,0,0,3.6579785346984863,2.891040325164795,0.09976816177368164,0.866706371307373,1.0,1.0,0.0,0.0,0.03450943278281484,0.2369358822327842,1,0.0,0.0,1,0.0,0.0,1,-0.1001896858215332,-0.1001896858215332,1,0.8848881638850912,0.8848881638850912
held_trial_low,tcn,1,screwDriver_Pose2_Exp9,screwDriver,,627,0,0,1,0,0,20.91916060447693,20.91916060447693,17.9180691242218,17.9180691242218,0.0,0.0,0.0,2.8681839168613363,0.8565386280550444,0.8565386280550444,0,,,0,,,0,,,0,,
held_trial_low,tcn,1,screwDriver_Pose3_Exp10,screwDriver,0.7391664958765872,668,268,2,0,2,0,22.261112451553345,13.32762360572815,10.332322597503662,19.165663242340088,0.6666666666666666,0.5,0.5,0.0,0.7752561824347199,0.860948134737208,2,0.0,0.0,2,0.0,0.0,2,-3.300124764442444,-0.7400391817092894,2,0.17556782212868435,0.18267842151786598
held_trial_low,tcn,1,screwDriver_Pose3_Exp9,screwDriver,0.44255285534126687,679,240,1,0,6,0,22.62770962715149,14.627729415893555,11.599934577941895,19.59991478919983,0.25,0.14285714285714285,0.8571428571428571,0.0,0.7930099230122584,0.8661908391153057,1,0.0,0.0,1,0.0,0.0,1,-0.40010905265808105,-0.40010905265808105,1,0.022106887138637517,0.022106887138637517
held_trial_low,tcn,1,SpoolSolder_Pose1_Exp10,SpoolSolder,0.1514503861095805,688,117,2,0,1,0,22.938194274902344,19.038597345352173,15.533600330352783,19.29998540878296,0.8,0.6666666666666666,0.3333333333333333,0.0,0.8159004599225346,0.8413907902898833,2,0.0,0.0,2,0.0,0.0,2,-3.3999990224838257,-1.0268418073654173,2,0.16295411177717065,0.1732611224488562
held_trial_low,tcn,1,SpoolSolder_Pose1_Exp9,SpoolSolder,0.9587445475538252,278,179,1,1,0,0,9.260969877243042,3.2941131591796875,0.3666067123413086,6.333463430404663,0.6666666666666666,1.0,0.0,6.478803062240581,0.11129147501192775,0.6838877044582411,1,0.0,0.0,1,0.0,0.0,1,-0.13319182395935059,-0.13319182395935059,1,0.9471134902343676,0.9471134902343676
held_trial_low,tcn,1,SpoolSolder_Pose2_Exp10,SpoolSolder,0.6438249981424362,367,232,1,2,0,0,12.227764129638672,4.494509220123291,1.6998646259307861,7.466608285903931,0.5,1.0,0.0,9.813731989573958,0.3782091753911579,0.6106274382416115,1,0.0,0.0,1,0.0,0.0,1,-1.433103084564209,-1.433103084564209,1,0.5563738178715967,0.5563738178715967
held_trial_low,tcn,1,SpoolSolder_Pose2_Exp9,SpoolSolder,0.8554501054501054,107,10,1,0,0,0,3.5610547065734863,3.2280662059783936,0.8669140338897705,1.1999025344848633,1.0,1.0,0.0,0.0,0.26855522116747227,0.33695144651103437,1,0.0,0.0,1,0.0,0.0,1,-0.6668822765350342,-0.6668822765350342,1,0.27751295711534596,0.27751295711534596
held_trial_low,tcn,1,SpoolSolder_Pose3_Exp10,SpoolSolder,0.6355097503831992,687,120,1,0,2,0,22.894401788711548,18.894401788711548,12.733446598052979,15.40003776550293,0.5,0.3333333333333333,0.6666666666666666,0.0,0.6739269515090216,0.6726551716715379,1,0.0,0.0,1,0.0,0.0,1,-4.233267068862915,-4.233267068862915,1,0.14718307591414723,0.14718307591414723
held_trial_low,tcn,1,SpoolSolder_Pose3_Exp9,SpoolSolder,0.6178442986131307,698,135,1,1,1,0,23.26098656654358,18.761017560958862,8.099875688552856,12.30021619796753,0.5,0.5,0.5,2.579426277916276,0.4317396784174684,0.5287916814181478,1,0.2998497486114502,0.2998497486114502,1,0.2998497486114502,0.2998497486114502,1,0.2998497486114502,0.2998497486114502,1,0.30240320970576656,0.30240320970576656
held_trial_low,tcn,2,brush_Pose1_Exp10,brush,0.9999999999999998,101,14,1,0,0,0,3.3611581325531006,2.894446849822998,0.7665040493011475,1.23321533203125,1.0,1.0,0.0,0.0,0.26481883726696204,0.3669019080320724,1,0.0,0.0,1,0.0,0.0,1,-0.7663359642028809,-0.7663359642028809,1,0.3784507624969067,0.3784507624969067
held_trial_low,tcn,2,brush_Pose1_Exp9,brush,1.0,90,7,1,0,0,0,2.9944820404052734,2.7610766887664795,0.7330727577209473,0.9664781093597412,1.0,1.0,0.0,0.0,0.26550249788550784,0.32275301582003746,1,0.0,0.0,1,0.0,0.0,1,-0.7332658767700195,-0.7332658767700195,1,0.24150091903624907,0.24150091903624907
held_trial_low,tcn,2,brush_Pose2_Exp10,brush,0.7166110716677473,128,33,1,0,0,0,4.261070489883423,3.161142587661743,0.5333585739135742,1.633286476135254,1.0,1.0,0.0,0.0,0.16872335211810005,0.3833042612209728,1,0.0,0.0,1,0.0,0.0,1,-0.5333576202392578,-0.5333576202392578,1,0.6734445660900664,0.6734445660900664
held_trial_low,tcn,2,brush_Pose2_Exp9,brush,1.0000000000000002,107,9,1,0,0,0,3.5613017082214355,3.2613587379455566,0.8334653377532959,1.1334083080291748,1.0,1.0,0.0,0.0,0.2555576999414436,0.31825675016880695,1,0.0,0.0,1,0.0,0.0,1,-0.5667152404785156,-0.5667152404785156,1,0.26463805510428473,0.26463805510428473
held_trial_low,tcn,2,brush_Pose3_Exp10,brush,1.0,99,8,2,0,0,1,3.294581651687622,3.0277276039123535,0.30007028579711914,0.5669243335723877,1.0,1.0,0.0,0.0,0.09910742479256583,0.1720777912066576,2,0.0,0.0,1,0.0,0.0,1,-0.2999718189239502,-0.2999718189239502,2,0.6999847916866305,0.9399969583373261
held_trial_low,tcn,2,brush_Pose3_Exp9,brush,0.8152220175945838,330,152,1,0,2,0,10.99442172050476,5.927415609359741,3.299502372741699,8.366508483886719,0.5,0.3333333333333333,0.6666666666666666,0.0,0.5566510921777763,0.7609775845038812,1,0.0,0.0,1,0.0,0.0,1,-0.36637330055236816,-0.36637330055236816,1,0.027919153485954504,0.027919153485954504
held_trial_low,tcn,2,screwDriver_Pose1_Exp10,screwDriver,0.7360767064544294,671,253,1,0,3,0,22.36756706237793,13.924768209457397,11.463574647903442,19.906373500823975,0.4,0.25,0.75,0.0,0.8232506620912823,0.889965969267455,1,0.0,0.0,1,0.0,0.0,1,-0.632685661315918,-0.632685661315918,1,0.19253844574172357,0.19253844574172357
held_trial_low,tcn,2,screwDriver_Pose1_Exp9,screwDriver,0.934750625480081,688,308,1,0,3,0,22.927485466003418,12.661098003387451,10.067410945892334,20.3337984085083,0.4,0.25,0.75,0.0,0.7951451717061837,0.8868743342421478,1,0.0,0.0,1,0.0,0.0,1,-0.5671186447143555,-0.5671186447143555,1,0.19671376349908798,0.19671376349908798
held_trial_low,tcn,2,screwDriver_Pose2_Exp10,screwDriver,0.8970910700623167,110,23,1,0,0,0,3.6579785346984863,2.891040325164795,0.66536545753479,1.4323036670684814,1.0,1.0,0.0,0.0,0.23014741501292027,0.39155606121853337,1,0.0,0.0,1,0.0,0.0,1,-0.6656286716461182,-0.6656286716461182,1,0.535457827252091,0.535457827252091
held_trial_low,tcn,2,screwDriver_Pose2_Exp9,screwDriver,,627,0,0,1,0,0,20.91916060447693,20.91916060447693,18.752278804779053,18.752278804779053,0.0,0.0,0.0,2.8681839168613363,0.8964164078727834,0.8964164078727834,0,,,0,,,0,,,0,,
held_trial_low,tcn,2,screwDriver_Pose3_Exp10,screwDriver,0.7408640416156806,668,268,1,3,3,0,22.261112451553345,13.32762360572815,10.626758337020874,19.56024718284607,0.25,0.25,0.75,8.085849276029325,0.7973483234065482,0.8786733917909474,1,0.0,0.0,1,0.0,0.0,1,-0.10001778602600098,-0.10001778602600098,1,0.19205358914059942,0.19205358914059942
held_trial_low,tcn,2,screwDriver_Pose3_Exp9,screwDriver,0.5148633861372482,679,240,1,2,6,0,22.62770962715149,14.627729415893555,11.961166143417358,19.961146354675293,0.2,0.14285714285714285,0.8571428571428571,5.303232274821546,0.8177049084884712,0.8821549632545873,1,0.0,0.0,1,0.0,0.0,1,-0.5335438251495361,-0.5335438251495361,1,0.02195737968194715,0.02195737968194715
held_trial_low,tcn,2,SpoolSolder_Pose1_Exp10,SpoolSolder,0.3957286753937123,688,117,1,0,2,0,22.938194274902344,19.038597345352173,16.67742085456848,20.577017784118652,0.5,0.3333333333333333,0.6666666666666666,0.0,0.8759794932392897,0.8970635411625598,1,0.0,0.0,1,0.0,0.0,1,-0.7334113121032715,-0.7334113121032715,1,0.011335677265062603,0.011335677265062603
held_trial_low,tcn,2,SpoolSolder_Pose1_Exp9,SpoolSolder,0.9891710016923786,278,179,1,0,0,0,9.260969877243042,3.2941131591796875,0.49987268447875977,6.466729402542114,1.0,1.0,0.0,0.0,0.15174727167030289,0.6982777709311843,1,0.0,0.0,1,0.0,0.0,1,-0.26656246185302734,-0.26656246185302734,1,0.9227008502501657,0.9227008502501657
held_trial_low,tcn,2,SpoolSolder_Pose2_Exp10,SpoolSolder,0.9633849131305945,367,232,1,2,0,0,12.227764129638672,4.494509220123291,2.061093330383301,9.794348239898682,0.5,1.0,0.0,9.813731989573958,0.45858028751062657,0.800992571991009,1,0.0,0.0,1,0.0,0.0,1,-1.433103084564209,-1.433103084564209,1,0.8436319042020828,0.8436319042020828
held_trial_low,tcn,2,SpoolSolder_Pose2_Exp9,SpoolSolder,0.8442857142857142,107,10,1,0,0,0,3.5610547065734863,3.2280662059783936,0.967034101486206,1.3000226020812988,1.0,1.0,0.0,0.0,0.29957071502909527,0.36506673140447343,1,0.0,0.0,1,0.0,0.0,1,-0.7666451930999756,-0.7666451930999756,1,0.2561405471427864,0.2561405471427864
held_trial_low,tcn,2,SpoolSolder_Pose3_Exp10,SpoolSolder,0.5440919282972639,687,120,2,2,1,0,22.894401788711548,18.894401788711548,16.22789239883423,19.261303901672363,0.5714285714285714,0.6666666666666666,0.3333333333333333,5.241456016517013,0.8588730450587526,0.8413106435115268,2,0.0,0.0,2,0.0,0.0,2,-3.600003242492676,-1.013417053222656,2,0.08110830659385207,0.11441543902066689
held_trial_low,tcn,2,SpoolSolder_Pose3_Exp9,SpoolSolder,0.4363743729266815,698,135,1,1,1,0,23.26098656654358,18.761017560958862,16.13321352005005,20.633182525634766,0.5,0.5,0.5,2.579426277916276,0.8599327551199996,0.8870295533944205,1,0.0,0.0,1,0.0,0.0,1,-6.933307647705078,-6.933307647705078,1,0.20464826738255018,0.20464826738255018
held_trial_low,tcn,3,brush_Pose1_Exp10,brush,0.9910714285714284,101,14,1,0,0,0,3.3611581325531006,2.894446849822998,0.23324799537658691,0.6999592781066895,1.0,1.0,0.0,0.0,0.0805846531232213,0.20824943382684816,1,0.0,0.0,1,0.0,0.0,1,-0.23335719108581543,-0.23335719108581543,1,0.6667691926200389,0.6667691926200389
held_trial_low,tcn,3,brush_Pose1_Exp9,brush,0.9087301587301586,90,7,1,0,0,0,2.9944820404052734,2.7610766887664795,0.16655898094177246,0.3999643325805664,1.0,1.0,0.0,0.0,0.0603239242210919,0.13356711684483344,1,0.0,0.0,1,0.0,0.0,1,-0.1667468547821045,-0.1667468547821045,1,0.5835654147780245,0.5835654147780245
held_trial_low,tcn,3,brush_Pose2_Exp10,brush,0.8292157080666269,128,33,1,0,0,0,4.261070489883423,3.161142587661743,0.2999756336212158,1.3999035358428955,1.0,1.0,0.0,0.0,0.09489468611509358,0.3285332967775417,1,0.0,0.0,1,0.0,0.0,1,-0.29998135566711426,-0.29998135566711426,1,0.7857169255304455,0.7857169255304455
held_trial_low,tcn,3,brush_Pose2_Exp9,brush,0.5614283320165674,107,9,1,0,0,0,3.5613017082214355,3.2613587379455566,0.266737699508667,0.5666806697845459,1.0,1.0,0.0,0.0,0.08178729202807489,0.15912178080176034,1,0.0,0.0,1,0.0,0.0,1,0.0,0.0,1,0.5292980443287723,0.5292980443287723
held_trial_low,tcn,3,brush_Pose3_Exp10,brush,1.0,99,8,2,0,0,1,3.294581651687622,3.0277276039123535,0.0,0.23344039916992188,1.0,1.0,0.0,0.0,0.0,0.07085585480946996,2,0.01661992073059082,0.029915857315063476,1,0.03323984146118164,0.03323984146118164,1,0.03323984146118164,0.03323984146118164,2,0.9164748596759524,0.9832949719351906
held_trial_low,tcn,3,brush_Pose3_Exp9,brush,0.7362000606420677,330,152,1,0,2,0,10.99442172050476,5.927415609359741,2.932918071746826,7.966678142547607,0.5,0.3333333333333333,0.6666666666666666,0.0,0.49480553837250324,0.7246109295307123,1,0.03347635269165039,0.03347635269165039,1,0.03347635269165039,0.03347635269165039,1,0.03347635269165039,0.03347635269165039,1,0.025042711603113704,0.025042711603113704
held_trial_low,tcn,3,screwDriver_Pose1_Exp10,screwDriver,0.9202798075882561,671,253,1,0,3,0,22.36756706237793,13.924768209457397,10.697074174880981,18.840148210525513,0.4,0.25,0.75,0.0,0.7682048285454234,0.8422976069764195,1,0.06763195991516113,0.06763195991516113,1,0.06763195991516113,0.06763195991516113,1,0.06763195991516113,0.06763195991516113,1,0.1992417047147893,0.1992417047147893
held_trial_low,tcn,3,screwDriver_Pose1_Exp9,screwDriver,0.8866146520640747,688,308,1,2,3,0,22.927485466003418,12.661098003387451,9.467533826828003,19.60084557533264,0.2857142857142857,0.25,0.75,5.23389275190838,0.7477656222465843,0.8549060299000745,1,0.13402152061462402,0.13402152061462402,1,0.13402152061462402,0.13402152061462402,1,0.13402152061462402,0.13402152061462402,1,0.19762626895200844,0.19762626895200844
held_trial_low,tcn,3,screwDriver_Pose2_Exp10,screwDriver,0.931765884585914,110,23,1,0,0,0,3.6579785346984863,2.891040325164795,0.43225741386413574,1.1319658756256104,1.0,1.0,0.0,0.0,0.14951621743273202,0.30945120778816,1,0.0,0.0,1,0.0,0.0,1,-0.4333012104034424,-0.4333012104034424,1,0.5834815005235804,0.5834815005235804
held_trial_low,tcn,3,screwDriver_Pose2_Exp9,screwDriver,,627,0,0,0,0,0,20.91916060447693,20.91916060447693,0.0,0.0,0.0,0.0,0.0,0.0,0.0,0.0,0,,,0,,,0,,,0,,
held_trial_low,tcn,3,screwDriver_Pose3_Exp10,screwDriver,0.7634422624411394,668,268,1,0,3,0,22.261112451553345,13.32762360572815,10.233080625534058,18.866636514663696,0.4,0.25,0.75,0.0,0.7678098457954596,0.8475154400177882,1,0.29999446868896484,0.29999446868896484,1,0.29999446868896484,0.29999446868896484,1,0.29999446868896484,0.29999446868896484,1,0.17739926196926525,0.17739926196926525
held_trial_low,tcn,3,screwDriver_Pose3_Exp9,screwDriver,0.44919572569614286,679,240,1,1,6,0,22.62770962715149,14.627729415893555,11.333667516708374,19.33364772796631,0.2222222222222222,0.14285714285714285,0.8571428571428571,2.651616137410773,0.7748070253742824,0.8544235385081765,1,0.0,0.0,1,0.0,0.0,1,-0.09980154037475586,-0.09980154037475586,1,0.022450331768032974,0.022450331768032974
held_trial_low,tcn,3,SpoolSolder_Pose1_Exp10,SpoolSolder,0.12240997874726738,688,117,2,5,1,0,22.938194274902344,19.038597345352173,8.928167581558228,9.161154985427856,0.4,0.6666666666666666,0.3333333333333333,13.078623208289887,0.4689509116456959,0.3993843140238579,2,0.0,0.0,2,0.0,0.0,2,-4.133423089981079,-0.8266846179962156,2,0.15090598786955933,0.2592982734371087
held_trial_low,tcn,3,SpoolSolder_Pose1_Exp9,SpoolSolder,0.8858799292521756,278,179,1,1,0,0,9.260969877243042,3.2941131591796875,0.29422855377197266,3.060993194580078,0.6666666666666666,1.0,0.0,6.478803062240581,0.08931950408323026,0.3305262013757165,1,3.200180768966675,3.200180768966675,1,3.200180768966675,3.200180768966675,1,3.200180768966675,3.200180768966675,1,0.4438718073548532,0.4438718073548532
held_trial_low,tcn,3,SpoolSolder_Pose2_Exp10,SpoolSolder,0.6560797638495927,367,232,1,1,0,0,12.227764129638672,4.494509220123291,1.5334737300872803,9.266728639602661,0.6666666666666666,1.0,0.0,4.906865994786979,0.34118824881289594,0.7578432607430817,1,0.0,0.0,1,0.0,0.0,1,-1.433103084564209,-1.433103084564209,1,0.8436319042020828,0.8436319042020828
held_trial_low,tcn,3,SpoolSolder_Pose2_Exp9,SpoolSolder,0.817210142798378,107,10,1,0,0,0,3.5610547065734863,3.2280662059783936,0.9335911273956299,1.2665796279907227,1.0,1.0,0.0,0.0,0.2892106505333177,0.35567541988408524,1,0.0,0.0,1,0.0,0.0,1,-0.7334487438201904,-0.7334487438201904,1,0.26290372372666315,0.26290372372666315
held_trial_low,tcn,3,SpoolSolder_Pose3_Exp10,SpoolSolder,0.6678521127997777,687,120,2,1,1,0,22.894401788711548,18.894401788711548,0.06096196174621582,1.694328784942627,0.6666666666666666,0.6666666666666666,0.3333333333333333,2.6207280082585065,0.003226456303191219,0.07400624836496243,2,0.4832496643066406,0.7366540908813477,2,0.4832496643066406,0.7366540908813477,2,0.4832496643066406,0.7366540908813477,2,0.5272793614908113,0.6156453702652388
held_trial_low,tcn,3,SpoolSolder_Pose3_Exp9,SpoolSolder,0.7112430259834454,698,135,1,1,1,0,23.26098656654358,18.761017560958862,8.4608473777771,12.860936641693115,0.5,0.5,0.5,2.579426277916276,0.4509801960520457,0.5528972988699921,1,0.09999251365661621,0.09999251365661621,1,0.09999251365661621,0.09999251365661621,1,0.09999251365661621,0.09999251365661621,1,0.3092781766191346,0.3092781766191346
held_trial_low,tcn,4,brush_Pose1_Exp10,brush,0.984126984126984,101,14,1,1,0,0,3.3611581325531006,2.894446849822998,0.23331904411315918,0.7000303268432617,0.6666666666666666,1.0,0.0,17.85098993674083,0.08060919969127336,0.20827057199820764,1,0.0,0.0,1,0.0,0.0,1,-0.10006022453308105,-0.10006022453308105,1,0.8236335354203456,0.8236335354203456
held_trial_low,tcn,4,brush_Pose1_Exp9,brush,0.9617346938775511,90,7,1,1,0,0,2.9944820404052734,2.7610766887664795,0.3002009391784668,0.5336062908172607,0.6666666666666666,1.0,0.0,20.036854183930785,0.10872604169230178,0.17819652401222696,1,0.0,0.0,1,0.0,0.0,1,-0.26669907569885254,-0.26669907569885254,1,0.46672346325035374,0.46672346325035374
held_trial_low,tcn,4,brush_Pose2_Exp10,brush,0.9656041190045963,128,33,1,0,0,0,4.261070489883423,3.161142587661743,0.26681971549987793,1.3667476177215576,1.0,1.0,0.0,0.0,0.08440609940889793,0.32075217271492495,1,0.0,0.0,1,0.0,0.0,1,-0.26660799980163574,-0.26660799980163574,1,0.8047776253346021,0.8047776253346021
held_trial_low,tcn,4,brush_Pose2_Exp9,brush,0.8328976034858389,107,9,1,0,0,0,3.5613017082214355,3.2613587379455566,0.266737699508667,0.5334651470184326,1.0,1.0,0.0,0.0,0.08178729202807489,0.1497949881041819,1,0.033570289611816406,0.033570289611816406,1,0.033570289611816406,0.033570289611816406,1,0.033570289611816406,0.033570289611816406,1,0.4706838643555221,0.4706838643555221
held_trial_low,tcn,4,brush_Pose3_Exp10,brush,0.9861111111111112,99,8,2,0,0,1,3.294581651687622,3.0277276039123535,0.0,0.16685175895690918,1.0,1.0,0.0,0.0,0.0,0.05064429314460631,2,0.049977660179138184,0.08995978832244873,1,0.09995532035827637,0.09995532035827637,1,0.09995532035827637,0.09995532035827637,2,0.7500211573739111,0.9500042314747822
held_trial_low,tcn,4,brush_Pose3_Exp9,brush,0.7001889122700276,330,152,1,0,2,0,10.99442172050476,5.927415609359741,2.932918071746826,7.966678142547607,0.5,0.3333333333333333,0.6666666666666666,0.0,0.49480553837250324,0.7246109295307123,1,0.03347635269165039,0.03347635269165039,1,0.03347635269165039,0.03347635269165039,1,0.03347635269165039,0.03347635269165039,1,0.025042711603113704,0.025042711603113704
held_trial_low,tcn,4,screwDriver_Pose1_Exp10,screwDriver,0.8782856494495088,671,253,2,2,2,0,22.36756706237793,13.924768209457397,10.662905216217041,18.939523935317993,0.5,0.5,0.5,5.364910705994442,0.765751002517588,0.8467404560585456,2,0.033815979957580566,0.06086876392364502,2,0.033815979957580566,0.06086876392364502,2,-2.032957911491394,-0.3524860143661498,2,0.18468045088790158,0.31579763720011866
held_trial_low,tcn,4,screwDriver_Pose1_Exp9,screwDriver,0.7901446634706664,688,308,2,0,2,0,22.927485466003418,12.661098003387451,9.500089168548584,19.567062854766846,0.6666666666666666,0.5,0.5,0.0,0.750336911222617,0.8534325704308323,2,0.2163599729537964,0.30961549282073975,2,0.2163599729537964,0.30961549282073975,2,0.2163599729537964,0.30961549282073975,2,0.4326810923024817,0.6089351740120195
held_trial_low,tcn,4,screwDriver_Pose2_Exp10,screwDriver,0.9625263229209352,110,23,1,0,0,0,3.6579785346984863,2.891040325164795,0.46563267707824707,1.2325708866119385,1.0,1.0,0.0,0.0,0.1610605957395994,0.3369541059140017,1,0.0,0.0,1,0.0,0.0,1,-0.46602797508239746,-0.46602797508239746,1,0.6222264519340003,0.6222264519340003
held_trial_low,tcn,4,screwDriver_Pose2_Exp9,screwDriver,,627,0,0,1,0,0,20.91916060447693,20.91916060447693,0.09991836547851562,0.09991836547851562,0.0,0.0,0.0,2.8681839168613363,0.0047764041477425245,0.0047764041477425245,0,,,0,,,0,,,0,,
held_trial_low,tcn,4,screwDriver_Pose3_Exp10,screwDriver,0.4882898760452775,668,268,1,0,3,0,22.261112451553345,13.32762360572815,10.233080625534058,18.83334970474243,0.4,0.25,0.75,0.0,0.7678098457954596,0.846020150418326,1,0.3333170413970947,0.3333170413970947,1,0.3333170413970947,0.3333170413970947,1,0.3333170413970947,0.3333170413970947,1,0.17566255003596884,0.17566255003596884
held_trial_low,tcn,4,screwDriver_Pose3_Exp9,screwDriver,0.3997937596943372,679,240,1,1,6,0,22.62770962715149,14.627729415893555,11.300005435943604,19.299985647201538,0.2222222222222222,0.14285714285714285,0.8571428571428571,2.651616137410773,0.7725057741132223,0.8529358898985984,1,0.0,0.0,1,0.0,0.0,1,-0.06661391258239746,-0.06661391258239746,1,0.022489556757871964,0.022489556757871964
held_trial_low,tcn,4,SpoolSolder_Pose1_Exp10,SpoolSolder,0.1613170500984949,688,117,2,0,1,0,22.938194274902344,19.038597345352173,15.777152299880981,19.543537378311157,0.8,0.6666666666666666,0.3333333333333333,0.0,0.8286929973721306,0.8520085384268706,2,0.0,0.0,2,0.0,0.0,2,-3.216750741004944,-0.830130887031555,2,0.19310100510505793,0.21016005604718813
held_trial_low,tcn,4,SpoolSolder_Pose1_Exp9,SpoolSolder,0.8671165732770933,278,179,1,1,0,0,9.260969877243042,3.2941131591796875,0.26639485359191895,4.699784755706787,0.6666666666666666,1.0,0.0,6.478803062240581,0.08086997644557468,0.5074829977857456,1,0.0668482780456543,0.0668482780456543,1,0.0668482780456543,0.0668482780456543,1,0.0668482780456543,0.0668482780456543,1,0.6815221483871836,0.6815221483871836
held_trial_low,tcn,4,SpoolSolder_Pose2_Exp10,SpoolSolder,0.6518230035757626,367,232,1,1,0,0,12.227764129638672,4.494509220123291,1.7997581958770752,8.699830055236816,0.6666666666666666,1.0,0.0,4.906865994786979,0.400434865684335,0.7114816709744544,1,0.0,0.0,1,0.0,0.0,1,-1.433103084564209,-1.433103084564209,1,0.7527387665289901,0.7527387665289901
held_trial_low,tcn,4,SpoolSolder_Pose2_Exp9,SpoolSolder,0.9227124183006535,107,10,1,2,0,0,3.5610547065734863,3.2280662059783936,0.43353867530822754,0.7665271759033203,0.5,1.0,0.0,33.6978816355973,0.1343029069556603,0.2152528503671563,1,0.0,0.0,1,0.0,0.0,1,-0.2000417709350586,-0.2000417709350586,1,0.6244182355492169,0.6244182355492169
held_trial_low,tcn,4,SpoolSolder_Pose3_Exp10,SpoolSolder,0.5753490365033864,687,120,1,0,2,0,22.894401788711548,18.894401788711548,14.433656930923462,17.100248098373413,0.5,0.3333333333333333,0.6666666666666666,0.0,0.7639118238475718,0.7469183189929411,1,0.0,0.0,1,0.0,0.0,1,-5.966453552246094,-5.966453552246094,1,0.132549242237974,0.132549242237974
held_trial_low,tcn,4,SpoolSolder_Pose3_Exp9,SpoolSolder,0.5273049549087451,698,135,1,2,1,0,23.26098656654358,18.761017560958862,8.666647911071777,13.133397102355957,0.4,0.5,0.5,5.158852555832552,0.4619497787319821,0.5646104934021072,1,0.03341984748840332,0.03341984748840332,1,0.03341984748840332,0.03341984748840332,1,0.03341984748840332,0.03341984748840332,1,0.31524420962051736,0.31524420962051736
held_trial_low,gru,0,brush_Pose1_Exp10,brush,0.220213595170084,101,14,1,2,0,0,3.3611581325531006,2.894446849822998,0.8612756729125977,1.2948918342590332,0.5,1.0,0.0,35.70197987348166,0.29756140554637117,0.38525168504209795,1,0.0,0.0,1,0.0,0.0,1,-0.6667258739471436,-0.6667258739471436,1,0.3825943286479473,0.3825943286479473
held_trial_low,gru,0,brush_Pose1_Exp9,brush,0.8801587301587301,90,7,1,1,0,0,2.9944820404052734,2.7610766887664795,0.6944217681884766,0.9278271198272705,0.6666666666666666,1.0,0.0,20.036854183930785,0.2515039770585698,0.3098456117979249,1,0.0,0.0,1,0.0,0.0,1,-0.5333511829376221,-0.5333511829376221,1,0.3044093937297398,0.3044093937297398
held_trial_low,gru,0,brush_Pose2_Exp10,brush,0.7352038073007862,128,33,1,1,0,0,4.261070489883423,3.161142587661743,0.961073637008667,2.0610015392303467,0.6666666666666666,1.0,0.0,14.080968653874937,0.304027297205711,0.48368163449150847,1,0.0,0.0,1,0.0,0.0,1,-0.7332425117492676,-0.7332425117492676,1,0.5999698287521588,0.5999698287521588
held_trial_low,gru,0,brush_Pose2_Exp9,brush,0.4081001786884139,107,9,1,1,0,0,3.5613017082214355,3.2613587379455566,0.9613778591156006,1.2613208293914795,0.6666666666666666,1.0,0.0,16.847772223703238,0.2947783228904177,0.3541741005766683,1,0.0,0.0,1,0.0,0.0,1,-0.5667152404785156,-0.5667152404785156,1,0.26463805510428473,0.26463805510428473
held_trial_low,gru,0,brush_Pose3_Exp10,brush,0.3000463407661616,99,8,1,1,1,1,3.294581651687622,3.0277276039123535,0.1944561004638672,0.2612886428833008,0.5,0.5,0.5,18.21172043778775,0.0642250974666928,0.0793085952959939,1,0.0,0.0,0,,,0,,,1,1.0,1.0
held_trial_low,gru,0,brush_Pose3_Exp9,brush,0.6350682301246011,330,152,1,1,2,0,10.99442172050476,5.927415609359741,3.4605555534362793,8.527561664581299,0.4,0.3333333333333333,0.6666666666666666,5.457312946991937,0.5838219860898326,0.7756262113065273,1,0.0,0.0,1,0.0,0.0,1,-0.3329794406890869,-0.3329794406890869,1,0.028031248348597455,0.028031248348597455
held_trial_low,gru,0,screwDriver_Pose1_Exp10,screwDriver,0.6741364499518021,671,253,2,1,2,0,22.36756706237793,13.924768209457397,11.0923752784729,17.02803945541382,0.5714285714285714,0.5,0.5,2.682455352997221,0.7965931720816152,0.7612825931370446,2,1.5202068090438843,2.7363722562789916,2,1.5202068090438843,2.7363722562789916,2,1.3872274160385132,2.7097763776779176,2,0.22404428451761643,0.398565447161202
held_trial_low,gru,0,screwDriver_Pose1_Exp9,screwDriver,0.9590343792288981,688,308,1,1,3,0,22.927485466003418,12.661098003387451,10.194408416748047,20.460795879364014,0.3333333333333333,0.25,0.75,2.61694637595419,0.8051756975596077,0.8924134270940012,1,0.0,0.0,1,0.0,0.0,1,-0.6006069183349609,-0.6006069183349609,1,0.1963959717005036,0.1963959717005036
held_trial_low,gru,0,screwDriver_Pose2_Exp10,screwDriver,0.9999999999999998,110,23,1,1,0,0,3.6579785346984863,2.891040325164795,0.5565547943115234,1.3234930038452148,0.6666666666666666,1.0,0.0,16.402501936754962,0.192510214910198,0.3618099426475463,1,0.0,0.0,1,0.0,0.0,1,-0.46602797508239746,-0.46602797508239746,1,0.6222264519340003,0.6222264519340003
held_trial_low,gru,0,screwDriver_Pose2_Exp9,screwDriver,,627,0,0,1,0,0,20.91916060447693,20.91916060447693,0.09467935562133789,0.09467935562133789,0.0,0.0,0.0,2.8681839168613363,0.004525963417531939,0.004525963417531939,0,,,0,,,0,,,0,,
held_trial_low,gru,0,screwDriver_Pose3_Exp10,screwDriver,0.8715373038984997,668,268,1,1,3,0,22.261112451553345,13.32762360572815,11.027520418167114,19.96100926399231,0.3333333333333333,0.25,0.75,2.695283092009775,0.8274183563698136,0.8966761794781493,1,0.0,0.0,1,0.0,0.0,1,-0.6666340827941895,-0.6666340827941895,1,0.18655922697081534,0.18655922697081534
held_trial_low,gru,0,screwDriver_Pose3_Exp9,screwDriver,0.732808238854041,679,240,1,1,6,0,22.62770962715149,14.627729415893555,12.027947902679443,20.027928113937378,0.2222222222222222,0.14285714285714285,0.8571428571428571,2.651616137410773,0.8222703305962609,0.8851062897636544,1,0.0,0.0,1,0.0,0.0,1,-0.6999785900115967,-0.6999785900115967,1,0.021773344809919166,0.021773344809919166
held_trial_low,gru,0,SpoolSolder_Pose1_Exp10,SpoolSolder,0.203660530860979,688,117,3,1,0,0,22.938194274902344,19.038597345352173,9.104944705963135,12.771006345748901,0.8571428571428571,1.0,0.0,2.615724641657977,0.4782361085117383,0.55675726662243,3,0.0,0.1333883285522461,3,0.0,0.1333883285522461,3,-0.7668037414550781,-0.01997241973876948,3,0.2369025702824411,0.2881063475263176
held_trial_low,gru,0,SpoolSolder_Pose1_Exp9,SpoolSolder,0.8387248783768155,278,179,1,3,0,0,9.260969877243042,3.2941131591796875,0.5605993270874023,5.293890953063965,0.4,1.0,0.0,19.436409186721743,0.1701821704349115,0.5716346152979754,1,0.0,0.0,1,0.0,0.0,1,-0.13319182395935059,-0.13319182395935059,1,0.005450549213467969,0.005450549213467969
held_trial_low,gru,0,SpoolSolder_Pose2_Exp10,SpoolSolder,0.45718400341108506,367,232,1,2,0,0,12.227764129638672,4.494509220123291,2.1944661140441895,3.327867031097412,0.5,1.0,0.0,9.813731989573958,0.48825489204002387,0.2721566261677432,1,0.0,0.0,1,0.0,0.0,1,-1.433103084564209,-1.433103084564209,1,0.12364433670762284,0.12364433670762284
held_trial_low,gru,0,SpoolSolder_Pose2_Exp9,SpoolSolder,0.9733333333333333,107,10,1,1,0,0,3.5610547065734863,3.2280662059783936,1.1281099319458008,1.4610984325408936,0.6666666666666666,1.0,0.0,16.84894081779865,0.34946926734542677,0.4102993503143314,1,0.0,0.0,1,0.0,0.0,1,-0.7666451930999756,-0.7666451930999756,1,0.2561405471427864,0.2561405471427864
held_trial_low,gru,0,SpoolSolder_Pose3_Exp10,SpoolSolder,0.41048929214521934,687,120,0,1,3,0,22.894401788711548,18.894401788711548,0.26093173027038574,0.26093173027038574,0.0,0.0,1.0,2.6207280082585065,0.013810002200031509,0.01139718489604923,0,,,0,,,0,,,0,,
held_trial_low,gru,0,SpoolSolder_Pose3_Exp9,SpoolSolder,0.7377135225050737,698,135,1,2,1,0,23.26098656654358,18.761017560958862,14.46073031425476,18.960699319839478,0.4,0.5,0.5,5.158852555832552,0.7707860337142439,0.8151287678877202,1,0.0,0.0,1,0.0,0.0,1,-4.6335413455963135,-4.6335413455963135,1,0.23119374928851452,0.23119374928851452
held_trial_low,gru,1,brush_Pose1_Exp10,brush,0.9999999999999998,101,14,1,1,0,0,3.3611581325531006,2.894446849822998,0.7946243286132812,1.2613356113433838,0.6666666666666666,1.0,0.0,17.85098993674083,0.2745340888404547,0.37526815508239314,1,0.0,0.0,1,0.0,0.0,1,-0.6667258739471436,-0.6667258739471436,1,0.4117952830311723,0.4117952830311723
held_trial_low,gru,1,brush_Pose1_Exp9,brush,0.8401360544217686,90,7,1,1,0,0,2.9944820404052734,2.7610766887664795,0.9277095794677734,1.1611149311065674,0.6666666666666666,1.0,0.0,20.036854183930785,0.3359955857952757,0.3877515094227855,1,0.0,0.0,1,0.0,0.0,1,-0.8001656532287598,-0.8001656532287598,1,0.22587474657608048,0.22587474657608048
held_trial_low,gru,1,brush_Pose2_Exp10,brush,0.6819544032537564,128,33,1,1,0,0,4.261070489883423,3.161142587661743,0.8276517391204834,1.927579641342163,0.6666666666666666,1.0,0.0,14.080968653874937,0.26182043870810867,0.45236980845977487,1,0.0,0.0,1,0.0,0.0,1,-0.7332425117492676,-0.7332425117492676,1,0.5999698287521588,0.5999698287521588
held_trial_low,gru,1,brush_Pose2_Exp9,brush,0.3584929957478977,107,9,1,1,0,0,3.5613017082214355,3.2613587379455566,0.9615046977996826,1.2614476680755615,0.6666666666666666,1.0,0.0,16.847772223703238,0.29481721425266083,0.3542097163976445,1,0.0,0.0,1,0.0,0.0,1,-0.5999431610107422,-0.5999431610107422,1,0.2570680051632161,0.2570680051632161
held_trial_low,gru,1,brush_Pose3_Exp10,brush,0.461197806016885,99,8,2,1,0,1,3.294581651687622,3.0277276039123535,0.12773489952087402,0.22798418998718262,0.8,1.0,0.0,18.21172043778775,0.042188372347571224,0.06919973887136767,2,0.08330392837524414,0.14994707107543945,1,0.16660785675048828,0.16660785675048828,1,0.16660785675048828,0.16660785675048828,2,0.5835328880947754,0.9167065776189551
held_trial_low,gru,1,brush_Pose3_Exp9,brush,0.892722101906261,330,152,1,1,2,0,10.99442172050476,5.927415609359741,3.427596092224121,8.49460220336914,0.4,0.3333333333333333,0.6666666666666666,5.457312946991937,0.5782614748342841,0.7726283763998775,1,0.0,0.0,1,0.0,0.0,1,-0.39983034133911133,-0.39983034133911133,1,0.02780798314167454,0.02780798314167454
held_trial_low,gru,1,screwDriver_Pose1_Exp10,screwDriver,0.6405730284565176,671,253,2,1,2,0,22.36756706237793,13.924768209457397,11.458038568496704,19.79982280731201,0.5714285714285714,0.5,0.5,2.682455352997221,0.8228530914227108,0.8852023446311761,2,0.5000039339065552,0.9000070810317994,2,0.5000039339065552,0.9000070810317994,2,0.23343098163604736,0.8466924905776978,2,0.21311789409154744,0.22423910435685293
held_trial_low,gru,1,screwDriver_Pose1_Exp9,screwDriver,0.9191680090552975,688,308,1,1,3,0,22.927485466003418,12.661098003387451,10.12822413444519,20.394611597061157,0.3333333333333333,0.25,0.75,2.61694637595419,0.7999483245240977,0.8895267484653747,1,0.0,0.0,1,0.0,0.0,1,-0.5671186447143555,-0.5671186447143555,1,0.19671376349908798,0.19671376349908798
held_trial_low,gru,1,screwDriver_Pose2_Exp10,screwDriver,0.9999999999999998,110,23,1,1,0,0,3.6579785346984863,2.891040325164795,0.5569095611572266,1.323847770690918,0.6666666666666666,1.0,0.0,16.402501936754962,0.1926329274308831,0.36190692704544203,1,0.0,0.0,1,0.0,0.0,1,-0.4994032382965088,-0.4994032382965088,1,0.6060187941311671,0.6060187941311671
held_trial_low,gru,1,screwDriver_Pose2_Exp9,screwDriver,,627,0,0,1,0,0,20.91916060447693,20.91916060447693,0.06105756759643555,0.06105756759643555,0.0,0.0,0.0,2.8681839168613363,0.0029187388897128387,0.0029187388897128387,0,,,0,,,0,,,0,,
held_trial_low,gru,1,screwDriver_Pose3_Exp10,screwDriver,0.8533822711704115,668,268,1,1,3,0,22.261112451553345,13.32762360572815,11.027520418167114,19.96100926399231,0.3333333333333333,0.25,0.75,2.695283092009775,0.8274183563698136,0.8966761794781493,1,0.0,0.0,1,0.0,0.0,1,-0.6666340827941895,-0.6666340827941895,1,0.18655922697081534,0.18655922697081534
held_trial_low,gru,1,screwDriver_Pose3_Exp9,screwDriver,0.7045032261160216,679,240,1,1,6,0,22.62770962715149,14.627729415893555,11.994710445404053,19.994690656661987,0.2222222222222222,0.14285714285714285,0.8571428571428571,2.651616137410773,0.8199981080024196,0.8836374067956889,1,0.0,0.0,1,0.0,0.0,1,-0.6999785900115967,-0.6999785900115967,1,0.021773344809919166,0.021773344809919166
held_trial_low,gru,1,SpoolSolder_Pose1_Exp10,SpoolSolder,0.28276445090926705,688,117,1,1,2,0,22.938194274902344,19.038597345352173,16.671762466430664,20.571359395980835,0.4,0.3333333333333333,0.6666666666666666,2.615724641657977,0.8756822870935229,0.8968168614078239,1,0.0,0.0,1,0.0,0.0,1,-0.7334113121032715,-0.7334113121032715,1,0.011428344075884092,0.011428344075884092
held_trial_low,gru,1,SpoolSolder_Pose1_Exp9,SpoolSolder,0.9974033300814513,278,179,1,1,0,0,9.260969877243042,3.2941131591796875,0.993941068649292,6.9607977867126465,0.6666666666666666,1.0,0.0,6.478803062240581,0.30173252120361493,0.7516273002698559,1,0.0,0.0,1,0.0,0.0,1,-0.5997614860534668,-0.5997614860534668,1,0.8732175352142014,0.8732175352142014
held_trial_low,gru,1,SpoolSolder_Pose2_Exp10,SpoolSolder,0.43738612407718563,367,232,0,3,1,0,12.227764129638672,4.494509220123291,1.3945889472961426,1.3945889472961426,0.0,0.0,1.0,14.720597984360937,0.31028725918552835,0.11405101803655354,0,,,0,,,0,,,0,,
held_trial_low,gru,1,SpoolSolder_Pose2_Exp9,SpoolSolder,0.3302053730583142,107,10,1,1,0,0,3.5610547065734863,3.2280662059783936,1.0947093963623047,1.4276978969573975,0.6666666666666666,1.0,0.0,16.84894081779865,0.3391223495772478,0.4009199561921797,1,0.0,0.0,1,0.0,0.0,1,-0.7666451930999756,-0.7666451930999756,1,0.2561405471427864,0.2561405471427864
held_trial_low,gru,1,SpoolSolder_Pose3_Exp10,SpoolSolder,0.4777238902987136,687,120,1,1,2,0,22.894401788711548,18.894401788711548,16.094282627105713,20.094282627105713,0.4,0.3333333333333333,0.6666666666666666,2.6207280082585065,0.8518016504084948,0.8776941547786377,1,0.0,0.0,1,0.0,0.0,1,-0.3998985290527344,-0.3998985290527344,1,0.06723063790308938,0.06723063790308938
held_trial_low,gru,1,SpoolSolder_Pose3_Exp9,SpoolSolder,0.8432626888951568,698,135,1,2,1,0,23.26098656654358,18.761017560958862,11.494568586349487,15.994537591934204,0.4,0.5,0.5,5.158852555832552,0.6126836430380702,0.6876121761292466,1,0.0,0.0,1,0.0,0.0,1,-2.4668450355529785,-2.4668450355529785,1,0.2633698598380335,0.2633698598380335
held_trial_low,gru,2,brush_Pose1_Exp10,brush,0.39649268179425096,101,14,1,0,0,0,3.3611581325531006,2.894446849822998,0.4664139747619629,0.9331252574920654,1.0,1.0,0.0,0.0,0.16114097061083887,0.2776201596868259,1,0.0,0.0,1,0.0,0.0,1,-0.4667181968688965,-0.4667181968688965,1,0.50015930764158,0.50015930764158
held_trial_low,gru,2,brush_Pose1_Exp9,brush,0.8083333333333331,90,7,1,0,0,0,2.9944820404052734,2.7610766887664795,0.13316679000854492,0.36657214164733887,1.0,1.0,0.0,0.0,0.0482300222048659,0.12241587583464918,1,0.0,0.0,1,0.0,0.0,1,-0.13327741622924805,-0.13327741622924805,1,0.6367241945607035,0.6367241945607035
held_trial_low,gru,2,brush_Pose2_Exp10,brush,0.553380085955288,128,33,1,0,0,0,4.261070489883423,3.161142587661743,0.6001193523406982,1.700047254562378,1.0,1.0,0.0,0.0,0.18984254449104077,0.39897186835998316,1,0.0,0.0,1,0.0,0.0,1,-0.5998668670654297,-0.5998668670654297,1,0.6469984285847515,0.6469984285847515
held_trial_low,gru,2,brush_Pose2_Exp9,brush,0.48624159065335537,107,9,1,0,0,0,3.5613017082214355,3.2613587379455566,0.6000955104827881,0.900038480758667,1.0,1.0,0.0,0.0,0.18400168724180557,0.25272738860649885,1,0.0,0.0,1,0.0,0.0,1,-0.3666830062866211,-0.3666830062866211,1,0.3332557181589045,0.3332557181589045
held_trial_low,gru,2,brush_Pose3_Exp10,brush,0.8648018648018648,99,8,0,0,2,1,3.294581651687622,3.0277276039123535,0.0,0.0,0.0,0.0,1.0,0.0,0.0,0.0,0,,,0,,,0,,,0,,
held_trial_low,gru,2,brush_Pose3_Exp9,brush,0.8956818208849937,330,152,1,0,2,0,10.99442172050476,5.927415609359741,0.6321368217468262,4.465919017791748,0.5,0.3333333333333333,0.6666666666666666,0.0,0.10664627949297913,0.4061986279335404,1,0.0,0.0,1,0.0,0.0,1,-0.09960246086120605,-0.09960246086120605,1,0.0523040909547604,0.0523040909547604
held_trial_low,gru,2,screwDriver_Pose1_Exp10,screwDriver,0.7239320505319573,671,253,2,0,2,0,22.36756706237793,13.924768209457397,4.066511869430542,11.0731041431427,0.6666666666666666,0.5,0.5,0.0,0.29203443879724017,0.4950517913844807,2,0.018487095832824707,0.03327677249908447,2,0.018487095832824707,0.03327677249908447,2,-0.031526803970336914,0.02327399253845215,2,0.3033454062763719,0.3461643473419353
held_trial_low,gru,2,screwDriver_Pose1_Exp9,screwDriver,0.9081903707347818,688,308,1,0,3,0,22.927485466003418,12.661098003387451,9.299524068832397,19.466761827468872,0.4,0.25,0.75,0.0,0.7344958601808729,0.8490578635993004,1,0.0,0.0,1,0.0,0.0,1,-0.03328514099121094,-0.03328514099121094,1,0.20547526325232274,0.20547526325232274
held_trial_low,gru,2,screwDriver_Pose2_Exp10,screwDriver,0.9999999999999998,110,23,1,0,0,0,3.6579785346984863,2.891040325164795,0.0,0.7331676483154297,1.0,1.0,0.0,0.0,0.0,0.20042972952433194,1,0.033135414123535156,0.033135414123535156,1,0.033135414123535156,0.033135414123535156,1,0.033135414123535156,0.033135414123535156,1,0.955967037763323,0.955967037763323
held_trial_low,gru,2,screwDriver_Pose2_Exp9,screwDriver,,627,0,0,0,0,0,20.91916060447693,20.91916060447693,0.0,0.0,0.0,0.0,0.0,0.0,0.0,0.0,0,,,0,,,0,,,0,,
held_trial_low,gru,2,screwDriver_Pose3_Exp10,screwDriver,0.48285160220779655,668,268,1,0,3,0,22.261112451553345,13.32762360572815,9.999719619750977,18.03336477279663,0.4,0.25,0.75,0.0,0.7503002722445691,0.8100837194027243,1,0.8001725673675537,0.8001725673675537,1,0.8001725673675537,0.8001725673675537,1,0.8001725673675537,0.8001725673675537,1,0.1539852462157162,0.1539852462157162
held_trial_low,gru,2,screwDriver_Pose3_Exp9,screwDriver,0.616004613860069,679,240,1,0,6,0,22.62770962715149,14.627729415893555,11.300082445144653,19.300062656402588,0.25,0.14285714285714285,0.8571428571428571,0.0,0.772511038717103,0.8529392932126023,1,0.0,0.0,1,0.0,0.0,1,-0.33351826667785645,-0.33351826667785645,1,0.02245034702143895,0.02245034702143895
held_trial_low,gru,2,SpoolSolder_Pose1_Exp10,SpoolSolder,0.17520844178074818,688,117,0,0,3,0,22.938194274902344,19.038597345352173,0.0,0.0,0.0,0.0,1.0,0.0,0.0,0.0,0,,,0,,,0,,,0,,
held_trial_low,gru,2,SpoolSolder_Pose1_Exp9,SpoolSolder,0.8929201137689107,278,179,0,0,1,0,9.260969877243042,3.2941131591796875,0.0,0.0,0.0,0.0,1.0,0.0,0.0,0.0,0,,,0,,,0,,,0,,
held_trial_low,gru,2,SpoolSolder_Pose2_Exp10,SpoolSolder,0.6270959020547321,367,232,1,1,0,0,12.227764129638672,4.494509220123291,1.5000479221343994,1.8001189231872559,0.6666666666666666,1.0,0.0,4.906865994786979,0.3337512170223673,0.14721570551266833,1,0.0,0.0,1,0.0,0.0,1,-1.433103084564209,-1.433103084564209,1,0.03273517722822751,0.03273517722822751
held_trial_low,gru,2,SpoolSolder_Pose2_Exp9,SpoolSolder,0.7896078431372549,107,10,1,0,0,0,3.5610547065734863,3.2280662059783936,0.6339824199676514,0.9669709205627441,1.0,1.0,0.0,0.0,0.19639696942817125,0.27154059688489923,1,0.0,0.0,1,0.0,0.0,1,-0.4667081832885742,-0.4667081832885742,1,0.34436247617591725,0.34436247617591725
held_trial_low,gru,2,SpoolSolder_Pose3_Exp10,SpoolSolder,0.16843371889049352,687,120,0,0,3,0,22.894401788711548,18.894401788711548,0.0,0.0,0.0,0.0,1.0,0.0,0.0,0.0,0,,,0,,,0,,,0,,
held_trial_low,gru,2,SpoolSolder_Pose3_Exp9,SpoolSolder,0.705628934975765,698,135,1,0,1,0,23.26098656654358,18.761017560958862,2.6333937644958496,5.333327054977417,0.6666666666666666,0.5,0.5,0.0,0.14036518839872877,0.22928206590550954,1,1.3998944759368896,1.3998944759368896,1,1.3998944759368896,1.3998944759368896,1,1.3998944759368896,1.3998944759368896,1,0.4009901580842992,0.4009901580842992
held_trial_low,gru,3,brush_Pose1_Exp10,brush,0.9999999999999998,101,14,1,1,0,0,3.3611581325531006,2.894446849822998,0.6944196224212646,1.1611309051513672,0.6666666666666666,1.0,0.0,17.85098993674083,0.23991444944436618,0.3454556017182638,1,0.0,0.0,1,0.0,0.0,1,-0.6334073543548584,-0.6334073543548584,1,0.42421838243755416,0.42421838243755416
held_trial_low,gru,3,brush_Pose1_Exp9,brush,0.6131313131313132,90,7,1,2,0,0,2.9944820404052734,2.7610766887664795,0.5277848243713379,0.7611901760101318,0.5,1.0,0.0,40.07370836786157,0.19115181643401857,0.25419760938259367,1,0.0,0.0,1,0.0,0.0,1,-0.4336862564086914,-0.4336862564086914,1,0.35013878968811035,0.35013878968811035
held_trial_low,gru,3,brush_Pose2_Exp10,brush,0.6730382684017857,128,33,1,1,0,0,4.261070489883423,3.161142587661743,0.7944538593292236,1.8943817615509033,0.6666666666666666,1.0,0.0,14.080968653874937,0.25131857779211125,0.4445788367145109,1,0.0,0.0,1,0.0,0.0,1,-0.7332425117492676,-0.7332425117492676,1,0.5999698287521588,0.5999698287521588
held_trial_low,gru,3,brush_Pose2_Exp9,brush,0.3584929957478977,107,9,1,1,0,0,3.5613017082214355,3.2613587379455566,0.861464262008667,1.161407232284546,0.6666666666666666,1.0,0.0,16.847772223703238,0.2641427488444075,0.32611874180819383,1,0.0,0.0,1,0.0,0.0,1,-0.5667152404785156,-0.5667152404785156,1,0.26463805510428473,0.26463805510428473
held_trial_low,gru,3,brush_Pose3_Exp10,brush,0.9415178571428572,99,8,2,1,0,1,3.294581651687622,3.0277276039123535,0.09434151649475098,0.36119556427001953,0.8,1.0,0.0,18.21172043778775,0.03115918234283865,0.10963321066424324,2,0.0,0.0,1,0.0,0.0,1,-0.03341364860534668,-0.03341364860534668,2,0.9288247369142035,0.9857649473828407
held_trial_low,gru,3,brush_Pose3_Exp9,brush,0.9843464573412923,330,152,1,1,2,0,10.99442172050476,5.927415609359741,3.2939937114715576,8.360999822616577,0.4,0.3333333333333333,0.6666666666666666,5.457312946991937,0.5557217392129794,0.760476543029379,1,0.0,0.0,1,0.0,0.0,1,-0.2999849319458008,-0.2999849319458008,1,0.028144032709850688,0.028144032709850688
held_trial_low,gru,3,screwDriver_Pose1_Exp10,screwDriver,0.52478219285902,671,253,2,1,2,0,22.36756706237793,13.924768209457397,10.725187063217163,16.628472328186035,0.5714285714285714,0.5,0.5,2.682455352997221,0.7702237410266443,0.7434189101484798,2,1.570081353187561,2.63926956653595,2,1.570081353187561,2.63926956653595,2,1.570081353187561,2.63926956653595,2,0.22230210376091736,0.3859766217798525
held_trial_low,gru,3,screwDriver_Pose1_Exp9,screwDriver,0.905904612006283,688,308,1,1,3,0,22.927485466003418,12.661098003387451,10.128408432006836,20.394795894622803,0.3333333333333333,0.25,0.75,2.61694637595419,0.7999628807309603,0.8895347867459755,1,0.0,0.0,1,0.0,0.0,1,-0.6006069183349609,-0.6006069183349609,1,0.1963959717005036,0.1963959717005036
held_trial_low,gru,3,screwDriver_Pose2_Exp10,screwDriver,0.9465041128084604,110,23,1,1,0,0,3.6579785346984863,2.891040325164795,0.5909230709075928,1.3578612804412842,0.6666666666666666,1.0,0.0,16.402501936754962,0.204398072819655,0.37120537137137893,1,0.0,0.0,1,0.0,0.0,1,-0.5659840106964111,-0.5659840106964111,1,0.5757747914838716,0.5757747914838716
held_trial_low,gru,3,screwDriver_Pose2_Exp9,screwDriver,,627,0,0,1,0,0,20.91916060447693,20.91916060447693,0.027196168899536133,0.027196168899536133,0.0,0.0,0.0,2.8681839168613363,0.0013000602372982334,0.0013000602372982334,0,,,0,,,0,,,0,,
held_trial_low,gru,3,screwDriver_Pose3_Exp10,screwDriver,0.9359511305886081,668,268,1,1,3,0,22.261112451553345,13.32762360572815,10.960997819900513,19.894486665725708,0.3333333333333333,0.25,0.75,2.695283092009775,0.8224270240637294,0.8936878922390737,1,0.0,0.0,1,0.0,0.0,1,-0.6666340827941895,-0.6666340827941895,1,0.18655922697081534,0.18655922697081534
held_trial_low,gru,3,screwDriver_Pose3_Exp9,screwDriver,0.5421667306424447,679,240,1,1,6,0,22.62770962715149,14.627729415893555,11.961333990097046,19.96131420135498,0.2222222222222222,0.14285714285714285,0.8571428571428571,2.651616137410773,0.8177163830430597,0.8821623810039951,1,0.0,0.0,1,0.0,0.0,1,-0.6999785900115967,-0.6999785900115967,1,0.021773344809919166,0.021773344809919166
held_trial_low,gru,3,SpoolSolder_Pose1_Exp10,SpoolSolder,0.22383628934638095,688,117,2,13,1,0,22.938194274902344,19.038597345352173,11.127690553665161,14.760703802108765,0.2222222222222222,0.6666666666666666,0.3333333333333333,34.004420341553704,0.5844805870838865,0.6434989443898416,2,0.01668262481689453,0.030028724670410158,2,0.01668262481689453,0.030028724670410158,2,-3.299965977668762,-0.6333009958267211,2,0.40249940226743697,0.5014052905554118
held_trial_low,gru,3,SpoolSolder_Pose1_Exp9,SpoolSolder,0.9884687954434218,278,179,1,1,0,0,9.260969877243042,3.2941131591796875,1.0606956481933594,7.027552366256714,0.6666666666666666,1.0,0.0,6.478803062240581,0.32199733188810603,0.7588354631760007,1,0.0,0.0,1,0.0,0.0,1,-0.7000489234924316,-0.7000489234924316,1,0.8606321159711824,0.8606321159711824
held_trial_low,gru,3,SpoolSolder_Pose2_Exp10,SpoolSolder,0.7460327802257816,367,232,1,2,0,0,12.227764129638672,4.494509220123291,1.728161334991455,6.9949424266815186,0.5,1.0,0.0,9.813731989573958,0.38450501497559486,0.5720540854829376,1,0.0,0.0,1,0.0,0.0,1,-1.433103084564209,-1.433103084564209,1,0.574560726807395,0.574560726807395
held_trial_low,gru,3,SpoolSolder_Pose2_Exp9,SpoolSolder,0.05472659937056716,107,10,0,1,1,0,3.5610547065734863,3.2280662059783936,0.06109452247619629,0.06109452247619629,0.0,0.0,1.0,16.84894081779865,0.018926043822474568,0.017156299891551676,0,,,0,,,0,,,0,,
held_trial_low,gru,3,SpoolSolder_Pose3_Exp10,SpoolSolder,0.6148145346262854,687,120,2,4,1,0,22.894401788711548,18.894401788711548,5.527831792831421,8.061218023300171,0.4444444444444444,0.6666666666666666,0.3333333333333333,10.482912033034026,0.29256453073491967,0.3521043309056838,2,0.06654965877532959,0.11978938579559327,2,0.06654965877532959,0.11978938579559327,2,-0.23343515396118164,0.05979242324829104,2,0.43901380087327463,0.5451846988740913
held_trial_low,gru,3,SpoolSolder_Pose3_Exp9,SpoolSolder,0.8360671100748851,698,135,1,2,1,0,23.26098656654358,18.761017560958862,14.294226169586182,18.7941951751709,0.4,0.5,0.5,5.158852555832552,0.7619110276476717,0.807970681785385,1,0.0,0.0,1,0.0,0.0,1,-4.9000327587127686,-4.9000327587127686,1,0.23075883163238678,0.23075883163238678
held_trial_low,gru,4,brush_Pose1_Exp10,brush,0.33045650755593053,101,14,1,2,0,0,3.3611581325531006,2.894446849822998,0.3280777931213379,0.46159863471984863,0.5,1.0,0.0,35.70197987348166,0.11334731993486098,0.1373332097199554,1,0.30010175704956055,0.30010175704956055,1,0.30010175704956055,0.30010175704956055,1,0.30010175704956055,0.30010175704956055,1,0.28608873738269014,0.28608873738269014
held_trial_low,gru,4,brush_Pose1_Exp9,brush,1.0,90,7,1,1,0,0,2.9944820404052734,2.7610766887664795,0.7272477149963379,0.9606530666351318,0.6666666666666666,1.0,0.0,20.036854183930785,0.2633927981628204,0.320807756958568,1,0.0,0.0,1,0.0,0.0,1,-0.7000772953033447,-0.7000772953033447,1,0.250142066215121,0.250142066215121
held_trial_low,gru,4,brush_Pose2_Exp10,brush,0.8758334293139305,128,33,1,1,0,0,4.261070489883423,3.161142587661743,0.7613894939422607,1.8613173961639404,0.6666666666666666,1.0,0.0,14.080968653874937,0.2408589529982103,0.4368191985049427,1,0.0,0.0,1,0.0,0.0,1,-0.7332425117492676,-0.7332425117492676,1,0.5999698287521588,0.5999698287521588
held_trial_low,gru,4,brush_Pose2_Exp9,brush,0.9436868686868689,107,9,1,1,0,0,3.5613017082214355,3.2613587379455566,0.8282363414764404,1.1281793117523193,0.6666666666666666,1.0,0.0,16.847772223703238,0.25395438160175393,0.31678846786495607,1,0.0,0.0,1,0.0,0.0,1,-0.5332460403442383,-0.5332460403442383,1,0.27263071918441273,0.27263071918441273
held_trial_low,gru,4,brush_Pose3_Exp10,brush,0.6387362637362637,99,8,1,1,1,1,3.294581651687622,3.0277276039123535,0.02777862548828125,0.09461116790771484,0.5,0.5,0.5,18.21172043778775,0.00917474394076482,0.028717202337131653,1,0.0,0.0,0,,,0,,,1,1.0,1.0
held_trial_low,gru,4,brush_Pose3_Exp9,brush,0.9748504689684846,330,152,1,1,2,0,10.99442172050476,5.927415609359741,3.36094331741333,8.42794942855835,0.4,0.3333333333333333,0.6666666666666666,5.457312946991937,0.5670166458559446,0.766565958884413,1,0.0,0.0,1,0.0,0.0,1,-0.39983034133911133,-0.39983034133911133,1,0.02780798314167454,0.02780798314167454
held_trial_low,gru,4,screwDriver_Pose1_Exp10,screwDriver,0.6992524640766027,671,253,2,2,2,0,22.36756706237793,13.924768209457397,3.060249090194702,7.658771753311157,0.5,0.5,0.5,5.364910705994442,0.21977019970186995,0.3424052214508904,2,0.0,0.0,2,0.0,0.0,2,-0.8997014760971069,-0.3663401365280151,2,0.46495181388213025,0.6716110430298403
held_trial_low,gru,4,screwDriver_Pose1_Exp9,screwDriver,0.9587979338004597,688,308,3,3,1,0,22.927485466003418,12.661098003387451,5.028351783752441,15.228092432022095,0.6,0.75,0.25,7.850839127862569,0.3971497402837508,0.6641850217112607,3,0.0,0.05283946990966797,3,0.0,0.05283946990966797,3,-0.5335452556610107,-0.05386958122253416,3,0.8759320932346716,0.9371000691099135
held_trial_low,gru,4,screwDriver_Pose2_Exp10,screwDriver,0.9999999999999998,110,23,1,0,0,0,3.6579785346984863,2.891040325164795,0.46563267707824707,1.2325708866119385,1.0,1.0,0.0,0.0,0.1610605957395994,0.3369541059140017,1,0.0,0.0,1,0.0,0.0,1,-0.46602797508239746,-0.46602797508239746,1,0.6222264519340003,0.6222264519340003
held_trial_low,gru,4,screwDriver_Pose2_Exp9,screwDriver,,627,0,0,0,0,0,20.91916060447693,20.91916060447693,0.0,0.0,0.0,0.0,0.0,0.0,0.0,0.0,0,,,0,,,0,,,0,,
held_trial_low,gru,4,screwDriver_Pose3_Exp10,screwDriver,0.9268025689635097,668,268,1,1,3,0,22.261112451553345,13.32762360572815,10.66080093383789,19.594289779663086,0.3333333333333333,0.25,0.75,2.695283092009775,0.799902611989727,0.8802026323844309,1,0.0,0.0,1,0.0,0.0,1,-0.5330193042755127,-0.5330193042755127,1,0.1891022071043243,0.1891022071043243
held_trial_low,gru,4,screwDriver_Pose3_Exp9,screwDriver,0.5830596445506864,679,240,1,1,6,0,22.62770962715149,14.627729415893555,11.894327640533447,19.894307851791382,0.2222222222222222,0.14285714285714285,0.8571428571428571,2.651616137410773,0.8131356071988748,0.8792011290404647,1,0.0,0.0,1,0.0,0.0,1,-0.6667001247406006,-0.6667001247406006,1,0.02181013893523768,0.02181013893523768
held_trial_low,gru,4,SpoolSolder_Pose1_Exp10,SpoolSolder,0.1537583151949779,688,117,0,2,3,0,22.938194274902344,19.038597345352173,0.1609666347503662,0.1609666347503662,0.0,0.0,1.0,5.231449283315954,0.008454752828188913,0.0070174065500215365,0,,,0,,,0,,,0,,
held_trial_low,gru,4,SpoolSolder_Pose1_Exp9,SpoolSolder,0.8792136045296151,278,179,1,2,0,0,9.260969877243042,3.2941131591796875,0.02783370018005371,0.32782936096191406,0.5,1.0,0.0,12.957606124481162,0.008449527637655581,0.035399031128207026,1,3.8333261013031006,3.8333261013031006,1,3.8333261013031006,3.8333261013031006,1,3.8333261013031006,3.8333261013031006,1,0.022326935701076737,0.022326935701076737
held_trial_low,gru,4,SpoolSolder_Pose2_Exp10,SpoolSolder,0.5939165554460726,367,232,1,2,0,0,12.227764129638672,4.494509220123291,2.0279195308685303,8.46151065826416,0.5,1.0,0.0,9.813731989573958,0.45119932601070545,0.6919916485593999,1,0.0,0.0,1,0.0,0.0,1,-1.433103084564209,-1.433103084564209,1,0.7018497123357504,0.7018497123357504
held_trial_low,gru,4,SpoolSolder_Pose2_Exp9,SpoolSolder,0.1850744937140122,107,10,1,1,0,0,3.5610547065734863,3.2280662059783936,0.7947137355804443,1.0610706806182861,0.6666666666666666,1.0,0.0,16.84894081779865,0.24618879690528986,0.29796528502064723,1,0.0,0.0,1,0.0,0.0,1,-0.7666451930999756,-0.7666451930999756,1,0.24216705287139056,0.24216705287139056
held_trial_low,gru,4,SpoolSolder_Pose3_Exp10,SpoolSolder,0.5156949839573614,687,120,0,1,3,0,22.894401788711548,18.894401788711548,0.0608830451965332,0.0608830451965332,0.0,0.0,1.0,2.6207280082585065,0.0032222795872218486,0.002659298362910385,0,,,0,,,0,,,0,,
held_trial_low,gru,4,SpoolSolder_Pose3_Exp9,SpoolSolder,0.7553576114767762,698,135,1,2,1,0,23.26098656654358,18.761017560958862,7.66099214553833,11.327623128890991,0.4,0.5,0.5,5.158852555832552,0.40834630214731177,0.48697947941656017,1,0.5666396617889404,0.5666396617889404,1,0.5666396617889404,0.5666396617889404,1,0.5666396617889404,0.5666396617889404,1,0.299428680814328,0.299428680814328
held_trial_low,mamba,0,brush_Pose1_Exp10,brush,0.5803998611707782,101,14,1,3,0,0,3.3611581325531006,2.894446849822998,0.5332212448120117,0.9999325275421143,0.4,1.0,0.0,53.55296981022249,0.1842221579728159,0.29749642477623506,1,0.0,0.0,1,0.0,0.0,1,-0.16603493690490723,-0.16603493690490723,1,0.7369451581632173,0.7369451581632173
held_trial_low,mamba,0,brush_Pose1_Exp9,brush,0.4007242757242757,90,7,1,0,0,0,2.9944820404052734,2.7610766887664795,0.8333802223205566,1.0667855739593506,1.0,1.0,0.0,0.0,0.3018316100060488,0.35625044984907367,1,0.0,0.0,1,0.0,0.0,1,-0.8335144519805908,-0.8335144519805908,1,0.21879312706912155,0.21879312706912155
held_trial_low,mamba,0,brush_Pose2_Exp10,brush,0.5627215796343592,128,33,1,0,0,0,4.261070489883423,3.161142587661743,0.7667949199676514,1.866722822189331,1.0,1.0,0.0,0.0,0.2425689125699451,0.43808775907868214,1,0.0,0.0,1,0.0,0.0,1,-0.7665390968322754,-0.7665390968322754,1,0.5892293645029001,0.5892293645029001
held_trial_low,mamba,0,brush_Pose2_Exp9,brush,0.8256613756613758,107,9,1,0,0,0,3.5613017082214355,3.2613587379455566,0.6667606830596924,0.9667036533355713,1.0,1.0,0.0,0.0,0.2044426070956267,0.2714467159869914,1,0.0,0.0,1,0.0,0.0,1,-0.6333193778991699,-0.6333193778991699,1,0.3102739595955162,0.3102739595955162
held_trial_low,mamba,0,brush_Pose3_Exp10,brush,0.5586358086358086,99,8,1,0,1,1,3.294581651687622,3.0277276039123535,0.0,0.06665253639221191,0.6666666666666666,0.5,0.5,0.0,0.0,0.020230955987407297,1,0.13319110870361328,0.13319110870361328,1,0.13319110870361328,0.13319110870361328,1,0.13319110870361328,0.13319110870361328,1,0.33322685115102074,0.33322685115102074
held_trial_low,mamba,0,brush_Pose3_Exp9,brush,0.575207077475095,330,152,3,2,0,0,10.99442172050476,5.927415609359741,3.366609811782837,5.900104522705078,0.75,1.0,0.0,10.914625893983875,0.567972626462494,0.5366452800060685,3,0.0,0.02661685943603516,3,0.0,0.02661685943603516,3,-0.4996488094329834,-0.0733129024505615,3,0.227292034183226,0.22743578389211305
held_trial_low,mamba,0,screwDriver_Pose1_Exp10,screwDriver,0.7736894297850454,671,253,2,1,2,0,22.36756706237793,13.924768209457397,4.699654579162598,12.504897832870483,0.5714285714285714,0.5,0.5,2.682455352997221,0.33750325380430357,0.5590638355077796,2,0.018487095832824707,0.03327677249908447,2,0.018487095832824707,0.03327677249908447,2,-0.28122854232788086,-0.026666355133056624,2,0.40568006737503703,0.4606159636577108
held_trial_low,mamba,0,screwDriver_Pose1_Exp9,screwDriver,0.8927178161901504,688,308,1,0,3,0,22.927485466003418,12.661098003387451,10.09971284866333,20.366100311279297,0.4,0.25,0.75,0.0,0.7976964435439305,0.8882832066986975,1,0.0,0.0,1,0.0,0.0,1,-0.6335093975067139,-0.6335093975067139,1,0.19640176322583267,0.19640176322583267
held_trial_low,mamba,0,screwDriver_Pose2_Exp10,screwDriver,0.8441550919917833,110,23,1,0,0,0,3.6579785346984863,2.891040325164795,0.4985971450805664,1.098712682723999,1.0,1.0,0.0,0.0,0.17246288152419506,0.3003606151052939,1,0.0,0.0,1,0.0,0.0,1,-0.4994032382965088,-0.4994032382965088,1,0.4741989510252372,0.4741989510252372
held_trial_low,mamba,0,screwDriver_Pose2_Exp9,screwDriver,,627,0,0,1,0,0,20.91916060447693,20.91916060447693,0.06658506393432617,0.06658506393432617,0.0,0.0,0.0,2.8681839168613363,0.0031829701579936358,0.0031829701579936358,0,,,0,,,0,,,0,,
held_trial_low,mamba,0,screwDriver_Pose3_Exp10,screwDriver,0.8926314291166858,668,268,1,0,3,0,22.261112451553345,13.32762360572815,10.69978952407837,19.599928855895996,0.4,0.25,0.75,0.0,0.8028280089992675,0.8804559474981829,1,0.0,0.0,1,0.0,0.0,1,-0.6998653411865234,-0.6998653411865234,1,0.18877967683460722,0.18877967683460722
held_trial_low,mamba,0,screwDriver_Pose3_Exp9,screwDriver,0.3469027200384612,679,240,1,0,6,0,22.62770962715149,14.627729415893555,11.866577863693237,19.866558074951172,0.25,0.14285714285714285,0.8571428571428571,0.0,0.8112385406035589,0.8779747664391472,1,0.0,0.0,1,0.0,0.0,1,-0.7666802406311035,-0.7666802406311035,1,0.02181017479409643,0.02181017479409643
held_trial_low,mamba,0,SpoolSolder_Pose1_Exp10,SpoolSolder,0.20013061545869368,688,117,1,0,2,0,22.938194274902344,19.038597345352173,16.200703620910645,20.100300550460815,0.5,0.3333333333333333,0.6666666666666666,0.0,0.8509399787724208,0.876280857576196,1,0.0,0.0,1,0.0,0.0,1,-0.8336436748504639,-0.8336436748504639,1,0.011604524623532314,0.011604524623532314
held_trial_low,mamba,0,SpoolSolder_Pose1_Exp9,SpoolSolder,0.9531810096047947,278,179,1,2,0,0,9.260969877243042,3.2941131591796875,0.26663732528686523,3.8336148262023926,0.5,1.0,0.0,12.957606124481162,0.08094358402468003,0.41395392459084923,1,2.3666579723358154,2.3666579723358154,1,2.3666579723358154,2.3666579723358154,1,2.3666579723358154,2.3666579723358154,1,0.5866241208278594,0.5866241208278594
held_trial_low,mamba,0,SpoolSolder_Pose2_Exp10,SpoolSolder,0.7807470977593782,367,232,1,1,0,0,12.227764129638672,4.494509220123291,0.20001745223999023,1.266509771347046,0.6666666666666666,1.0,0.0,4.906865994786979,0.044502623633399394,0.10357656215147086,1,6.366710901260376,6.366710901260376,1,6.366710901260376,6.366710901260376,1,6.366710901260376,6.366710901260376,1,0.13790988808538956,0.13790988808538956
held_trial_low,mamba,0,SpoolSolder_Pose2_Exp9,SpoolSolder,0.3299454376268892,107,10,1,0,0,0,3.5610547065734863,3.2280662059783936,0.7669007778167725,1.0667870044708252,1.0,1.0,0.0,0.0,0.23757281569890626,0.2995705183920939,1,0.0,0.0,1,0.0,0.0,1,-0.7666451930999756,-0.7666451930999756,1,0.2726512863977179,0.2726512863977179
held_trial_low,mamba,0,SpoolSolder_Pose3_Exp10,SpoolSolder,0.514579772686425,687,120,2,3,1,0,22.894401788711548,18.894401788711548,2.6944737434387207,5.1609814167022705,0.5,0.6666666666666666,0.3333333333333333,7.862184024775519,0.14260698875624275,0.22542547581422176,2,0.09992754459381104,0.17986958026885985,2,0.09992754459381104,0.17986958026885985,2,-0.9499469995498657,-0.03010532855987544,2,0.42417636771305955,0.4969672668676779
held_trial_low,mamba,0,SpoolSolder_Pose3_Exp9,SpoolSolder,0.6402769695007968,698,135,1,2,1,0,23.26098656654358,18.761017560958862,8.860525369644165,12.793920755386353,0.4,0.5,0.5,5.158852555832552,0.47228383752929604,0.5500162565670335,1,0.5666396617889404,0.5666396617889404,1,0.5666396617889404,0.5666396617889404,1,0.5666396617889404,0.5666396617889404,1,0.2697145995275807,0.2697145995275807
held_trial_low,mamba,1,brush_Pose1_Exp10,brush,0.7851499359405152,101,14,1,2,0,0,3.3611581325531006,2.894446849822998,0.5670273303985596,1.033738613128662,0.5,1.0,0.0,35.70197987348166,0.19590179395874363,0.3075542930030028,1,0.0,0.0,1,0.0,0.0,1,-0.2994706630706787,-0.2994706630706787,1,0.6087459087127897,0.6087459087127897
held_trial_low,mamba,1,brush_Pose1_Exp9,brush,0.8690476190476191,90,7,1,0,0,0,2.9944820404052734,2.7610766887664795,0.86659836769104,1.100003719329834,1.0,1.0,0.0,0.0,0.3138624766261729,0.3673435687665568,1,0.0,0.0,1,0.0,0.0,1,-0.8669602870941162,-0.8669602870941162,1,0.21218596586290978,0.21218596586290978
held_trial_low,mamba,1,brush_Pose2_Exp10,brush,0.9869605142332415,128,33,1,0,0,0,4.261070489883423,3.161142587661743,0.8335368633270264,1.933464765548706,1.0,1.0,0.0,0.0,0.26368214663280437,0.45375094595104976,1,0.0,0.0,1,0.0,0.0,1,-0.8333842754364014,-0.8333842754364014,1,0.5688895509350161,0.5688895509350161
held_trial_low,mamba,1,brush_Pose2_Exp9,brush,0.609347442680776,107,9,1,0,0,0,3.5613017082214355,3.2613587379455566,0.9001929759979248,1.2001359462738037,1.0,1.0,0.0,0.0,0.2760177730601288,0.33699361767165986,1,0.0,0.0,1,0.0,0.0,1,-0.6333193778991699,-0.6333193778991699,1,0.24992416168113737,0.24992416168113737
held_trial_low,mamba,1,brush_Pose3_Exp10,brush,0.8675595238095238,99,8,2,0,0,1,3.294581651687622,3.0277276039123535,0.5999021530151367,0.8667562007904053,1.0,1.0,0.0,0.0,0.19813610452933686,0.2630853602752315,2,0.0,0.0,1,0.0,0.0,1,-0.5998964309692383,-0.5998964309692383,2,0.6250253716480737,0.9250050743296148
held_trial_low,mamba,1,brush_Pose3_Exp9,brush,0.5681514531379884,330,152,1,1,2,0,10.99442172050476,5.927415609359741,3.427314281463623,8.461263179779053,0.4,0.3333333333333333,0.6666666666666666,5.457312946991937,0.5782139312201577,0.7695960183152398,1,0.0,0.0,1,0.0,0.0,1,-0.46669507026672363,-0.46669507026672363,1,0.02769813390632629,0.02769813390632629
held_trial_low,mamba,1,screwDriver_Pose1_Exp10,screwDriver,0.7305543760570351,671,253,1,0,3,0,22.36756706237793,13.924768209457397,11.430052995681763,19.872851848602295,0.4,0.25,0.75,0.0,0.8208433220395526,0.8884672970100657,1,0.0,0.0,1,0.0,0.0,1,-0.5994312763214111,-0.5994312763214111,1,0.19286322081007445,0.19286322081007445
held_trial_low,mamba,1,screwDriver_Pose1_Exp9,screwDriver,0.7366991058473056,688,308,1,0,3,0,22.927485466003418,12.661098003387451,10.100313425064087,20.366700887680054,0.4,0.25,0.75,0.0,0.7977438783241207,0.8883094013026216,1,0.0,0.0,1,0.0,0.0,1,-0.6006069183349609,-0.6006069183349609,1,0.1963959717005036,0.1963959717005036
held_trial_low,mamba,1,screwDriver_Pose2_Exp10,screwDriver,0.9981884057971013,110,23,1,1,0,0,3.6579785346984863,2.891040325164795,0.7568526268005371,1.5237908363342285,0.6666666666666666,1.0,0.0,16.402501936754962,0.2617924835612229,0.41656636906969413,1,0.0,0.0,1,0.0,0.0,1,-0.7323782444000244,-0.7323782444000244,1,0.5119951766858719,0.5119951766858719
held_trial_low,mamba,1,screwDriver_Pose2_Exp9,screwDriver,,627,0,0,3,0,0,20.91916060447693,20.91916060447693,18.71285390853882,18.71285390853882,0.0,0.0,0.0,8.60455175058401,0.8945317769841139,0.8945317769841139,0,,,0,,,0,,,0,,
held_trial_low,mamba,1,screwDriver_Pose3_Exp10,screwDriver,0.5092828610493054,668,268,1,0,3,0,22.261112451553345,13.32762360572815,10.866432666778564,19.79992151260376,0.4,0.25,0.75,0.0,0.8153315991088032,0.8894398946006921,1,0.0,0.0,1,0.0,0.0,1,-0.6666340827941895,-0.6666340827941895,1,0.18687287386679982,0.18687287386679982
held_trial_low,mamba,1,screwDriver_Pose3_Exp9,screwDriver,0.5424869902145661,679,240,1,0,6,0,22.62770962715149,14.627729415893555,11.933312177658081,19.933292388916016,0.25,0.14285714285714285,0.8571428571428571,0.0,0.8158007191937874,0.8809239961696175,1,0.0,0.0,1,0.0,0.0,1,-0.7335505485534668,-0.7335505485534668,1,0.021737156899012188,0.021737156899012188
held_trial_low,mamba,1,SpoolSolder_Pose1_Exp10,SpoolSolder,0.18986626206027346,688,117,1,0,2,0,22.938194274902344,19.038597345352173,16.477338075637817,20.37693500518799,0.5,0.3333333333333333,0.6666666666666666,0.0,0.8654701697160675,0.8883408502422208,1,0.0,0.0,1,0.0,0.0,1,-0.7668037414550781,-0.7668037414550781,1,0.011446983200311324,0.011446983200311324
held_trial_low,mamba,1,SpoolSolder_Pose1_Exp9,SpoolSolder,0.9247193714528471,278,179,1,1,0,0,9.260969877243042,3.2941131591796875,1.0663323402404785,6.933176755905151,0.6666666666666666,1.0,0.0,6.478803062240581,0.32370847287651183,0.7486447799535586,1,0.0,0.0,1,0.0,0.0,1,-0.7999739646911621,-0.7999739646911621,1,0.0098554040886207,0.0098554040886207
held_trial_low,mamba,1,SpoolSolder_Pose2_Exp10,SpoolSolder,0.6923822120067147,367,232,1,1,0,0,12.227764129638672,4.494509220123291,2.066810131072998,9.533361434936523,0.6666666666666666,1.0,0.0,4.906865994786979,0.459852239665959,0.7796487840183938,1,0.0,0.0,1,0.0,0.0,1,-1.433103084564209,-1.433103084564209,1,0.8145368241450702,0.8145368241450702
held_trial_low,mamba,1,SpoolSolder_Pose2_Exp9,SpoolSolder,0.861337513061651,107,10,1,0,0,0,3.5610547065734863,3.2280662059783936,0.7669007778167725,1.0667870044708252,1.0,1.0,0.0,0.0,0.23757281569890626,0.2995705183920939,1,0.0,0.0,1,0.0,0.0,1,-0.7666451930999756,-0.7666451930999756,1,0.2726512863977179,0.2726512863977179
held_trial_low,mamba,1,SpoolSolder_Pose3_Exp10,SpoolSolder,0.20705834094041808,687,120,1,1,2,0,22.894401788711548,18.894401788711548,15.727885961532593,19.727885961532593,0.4,0.3333333333333333,0.6666666666666666,2.6207280082585065,0.8324098395604782,0.861690388051971,1,0.0,0.0,1,0.0,0.0,1,-0.6332228183746338,-0.6332228183746338,1,0.06768546852187884,0.06768546852187884
held_trial_low,mamba,1,SpoolSolder_Pose3_Exp9,SpoolSolder,0.8531706445707711,698,135,1,1,1,0,23.26098656654358,18.761017560958862,16.299461364746094,20.79943037033081,0.5,0.5,0.5,2.579426277916276,0.8687940998821303,0.8941766210486859,1,0.0,0.0,1,0.0,0.0,1,-6.933307647705078,-6.933307647705078,1,0.20671277043738845,0.20671277043738845
held_trial_low,mamba,2,brush_Pose1_Exp10,brush,0.434092501640261,101,14,1,0,0,0,3.3611581325531006,2.894446849822998,0.7999846935272217,1.2666959762573242,1.0,1.0,0.0,0.0,0.2763860367918459,0.3768629520846599,1,0.0,0.0,1,0.0,0.0,1,-0.7997736930847168,-0.7997736930847168,1,0.36844775027160265,0.36844775027160265
held_trial_low,mamba,2,brush_Pose1_Exp9,brush,0.8274170274170274,90,7,1,0,0,0,2.9944820404052734,2.7610766887664795,0.7999343872070312,1.0333397388458252,1.0,1.0,0.0,0.0,0.2897182792718462,0.34508129449524866,1,0.0,0.0,1,0.0,0.0,1,-0.8001656532287598,-0.8001656532287598,1,0.22587474657608048,0.22587474657608048
held_trial_low,mamba,2,brush_Pose2_Exp10,brush,0.48464296204958623,128,33,1,0,0,0,4.261070489883423,3.161142587661743,0.800222635269165,1.86678147315979,1.0,1.0,0.0,0.0,0.25314347995326575,0.43810152345329134,1,0.0,0.0,1,0.0,0.0,1,-0.7999565601348877,-0.7999565601348877,1,0.5613022846595195,0.5613022846595195
held_trial_low,mamba,2,brush_Pose2_Exp9,brush,0.3821874204227146,107,9,1,0,0,0,3.5613017082214355,3.2613587379455566,0.9001929759979248,1.2001359462738037,1.0,1.0,0.0,0.0,0.2760177730601288,0.33699361767165986,1,0.0,0.0,1,0.0,0.0,1,-0.6333193778991699,-0.6333193778991699,1,0.24992416168113737,0.24992416168113737
held_trial_low,mamba,2,brush_Pose3_Exp10,brush,0.7582815734989647,99,8,2,0,0,1,3.294581651687622,3.0277276039123535,0.5664827823638916,0.8333368301391602,1.0,1.0,0.0,0.0,0.18709833131352266,0.25294162301677675,2,0.0,0.0,1,0.0,0.0,1,-0.5665972232818604,-0.5665972232818604,2,0.6304764425720819,0.9260952885144164
held_trial_low,mamba,2,brush_Pose3_Exp9,brush,0.43669171046836774,330,152,2,0,1,0,10.99442172050476,5.927415609359741,3.4660961627960205,6.999942779541016,0.8,0.6666666666666666,0.3333333333333333,0.0,0.584756728939818,0.6366813059831985,2,1.5832805633544922,2.849905014038086,2,1.5832805633544922,2.849905014038086,2,1.3166898488998413,2.7965868711471558,2,0.07399667012727473,0.08760393059912898
held_trial_low,mamba,2,screwDriver_Pose1_Exp10,screwDriver,0.6768049103728084,671,253,2,0,2,0,22.36756706237793,13.924768209457397,11.396798610687256,19.437979459762573,0.6666666666666666,0.5,0.5,0.0,0.818455175644992,0.869025200888169,2,0.5000039339065552,0.9000070810317994,2,0.5000039339065552,0.9000070810317994,2,0.2169872522354126,0.8434037446975708,2,0.21452080436862372,0.2245196864122682
held_trial_low,mamba,2,screwDriver_Pose1_Exp9,screwDriver,0.8848913993655779,688,308,1,0,3,0,22.927485466003418,12.661098003387451,10.16659665107727,20.432984113693237,0.4,0.25,0.75,0.0,0.8029790661408054,0.8912003954376508,1,0.0,0.0,1,0.0,0.0,1,-0.6659979820251465,-0.6659979820251465,1,0.19575887637914136,0.19575887637914136
held_trial_low,mamba,2,screwDriver_Pose2_Exp10,screwDriver,0.8105533555733662,110,23,1,0,0,0,3.6579785346984863,2.891040325164795,0.5650725364685059,1.2357580661773682,1.0,1.0,0.0,0.0,0.19545646995992547,0.3378254012305808,1,0.0,0.0,1,0.0,0.0,1,-0.5659840106964111,-0.5659840106964111,1,0.5035136028157509,0.5035136028157509
held_trial_low,mamba,2,screwDriver_Pose2_Exp9,screwDriver,,627,0,0,1,0,0,20.91916060447693,20.91916060447693,0.13422369956970215,0.13422369956970215,0.0,0.0,0.0,2.8681839168613363,0.006416304272790793,0.006416304272790793,0,,,0,,,0,,,0,,
held_trial_low,mamba,2,screwDriver_Pose3_Exp10,screwDriver,0.7738735650650737,668,268,1,1,3,0,22.261112451553345,13.32762360572815,10.699647665023804,19.59978699684143,0.3333333333333333,0.25,0.75,2.695283092009775,0.8028173650121051,0.8804495749929959,1,0.0,0.0,1,0.0,0.0,1,-0.6666340827941895,-0.6666340827941895,1,0.18910221171276034,0.18910221171276034
held_trial_low,mamba,2,screwDriver_Pose3_Exp9,screwDriver,0.42893893594045174,679,240,1,1,6,0,22.62770962715149,14.627729415893555,11.733238697052002,19.49978280067444,0.2222222222222222,0.14285714285714285,0.8571428571428571,2.651616137410773,0.8021230338252918,0.8617656458378897,1,0.0,0.0,1,0.0,0.0,1,-0.7335505485534668,-0.7335505485534668,1,0.022258270887593874,0.022258270887593874
held_trial_low,mamba,2,SpoolSolder_Pose1_Exp10,SpoolSolder,0.5416459940875186,688,117,1,0,2,0,22.938194274902344,19.038597345352173,16.2338547706604,20.13345170021057,0.5,0.3333333333333333,0.6666666666666666,0.0,0.8526812388636138,0.8777260955645249,1,0.0,0.0,1,0.0,0.0,1,-0.8336436748504639,-0.8336436748504639,1,0.011585416954400476,0.011585416954400476
held_trial_low,mamba,2,SpoolSolder_Pose1_Exp9,SpoolSolder,0.9790820703867952,278,179,1,0,0,0,9.260969877243042,3.2941131591796875,0.0,2.5001726150512695,1.0,1.0,0.0,0.0,0.0,0.2699687665754035,1,3.36669659614563,3.36669659614563,1,3.36669659614563,3.36669659614563,1,3.36669659614563,3.36669659614563,1,0.4190099969189043,0.4190099969189043
held_trial_low,mamba,2,SpoolSolder_Pose2_Exp10,SpoolSolder,0.6919013375603253,367,232,1,1,0,0,12.227764129638672,4.494509220123291,2.0332558155059814,8.766534090042114,0.6666666666666666,1.0,0.0,4.906865994786979,0.45238661574048483,0.7169368003094744,1,0.0,0.0,1,0.0,0.0,1,-1.433103084564209,-1.433103084564209,1,0.7345430143884144,0.7345430143884144
held_trial_low,mamba,2,SpoolSolder_Pose2_Exp9,SpoolSolder,0.24506781524926685,107,10,1,0,0,0,3.5610547065734863,3.2280662059783936,0.7669007778167725,0.9999961853027344,1.0,1.0,0.0,0.0,0.23757281569890626,0.28081460906983635,1,0.0,0.0,1,0.0,0.0,1,-0.7666451930999756,-0.7666451930999756,1,0.21192624754241568,0.21192624754241568
held_trial_low,mamba,2,SpoolSolder_Pose3_Exp10,SpoolSolder,0.3942318112408911,687,120,2,0,1,0,22.894401788711548,18.894401788711548,0.5662610530853271,0.733184814453125,0.8,0.6666666666666666,0.3333333333333333,0.0,0.029969779377912856,0.032024632974452016,2,0.14990699291229248,0.26983258724212644,2,0.14990699291229248,0.26983258724212644,2,-0.10005307197570801,0.21984057426452638,2,0.12527595742011377,0.1962127668297154
held_trial_low,mamba,2,SpoolSolder_Pose3_Exp9,SpoolSolder,0.5427133941751224,698,135,2,0,0,0,23.26098656654358,18.761017560958862,8.133199214935303,11.833327531814575,1.0,1.0,0.0,0.0,0.4335158894504878,0.508719933179211,2,0.299984335899353,0.5399718046188354,2,0.299984335899353,0.5399718046188354,2,-4.200010180473328,-0.3600270986557005,2,0.2477034275057773,0.41374406645281364
held_trial_low,mamba,3,brush_Pose1_Exp10,brush,0.3827232290415184,101,14,1,2,0,0,3.3611581325531006,2.894446849822998,0.43358707427978516,0.8336145877838135,0.5,1.0,0.0,35.70197987348166,0.1497996324604475,0.24801409362748683,1,0.0668187141418457,0.0668187141418457,1,0.0668187141418457,0.0668187141418457,1,0.0668187141418457,0.0668187141418457,1,0.8571198689776754,0.8571198689776754
held_trial_low,mamba,3,brush_Pose1_Exp9,brush,1.0,90,7,1,0,0,0,2.9944820404052734,2.7610766887664795,0.8333802223205566,1.0667855739593506,1.0,1.0,0.0,0.0,0.3018316100060488,0.35625044984907367,1,0.0,0.0,1,0.0,0.0,1,-0.8335144519805908,-0.8335144519805908,1,0.21879312706912155,0.21879312706912155
held_trial_low,mamba,3,brush_Pose2_Exp10,brush,0.9374536269975646,128,33,1,0,0,0,4.261070489883423,3.161142587661743,0.7667949199676514,1.866722822189331,1.0,1.0,0.0,0.0,0.2425689125699451,0.43808775907868214,1,0.0,0.0,1,0.0,0.0,1,-0.7665390968322754,-0.7665390968322754,1,0.5892293645029001,0.5892293645029001
held_trial_low,mamba,3,brush_Pose2_Exp9,brush,0.9121572871572874,107,9,1,0,0,0,3.5613017082214355,3.2613587379455566,0.7001521587371826,1.0000951290130615,1.0,1.0,0.0,0.0,0.21468112372643583,0.2808229155941194,1,0.0,0.0,1,0.0,0.0,1,-0.6333193778991699,-0.6333193778991699,1,0.2999144397112263,0.2999144397112263
held_trial_low,mamba,3,brush_Pose3_Exp10,brush,0.24860111610861232,99,8,1,0,1,1,3.294581651687622,3.0277276039123535,0.5999021530151367,0.7332711219787598,0.6666666666666666,0.5,0.5,0.0,0.19813610452933686,0.22256881130966893,1,0.0,0.0,1,0.0,0.0,1,-0.5998964309692383,-0.5998964309692383,1,0.1667271214796,0.1667271214796
held_trial_low,mamba,3,brush_Pose3_Exp9,brush,0.5714723935465478,330,152,1,0,2,0,10.99442172050476,5.927415609359741,3.3993208408355713,8.433269739151001,0.5,0.3333333333333333,0.6666666666666666,0.0,0.5734912253272475,0.7670498688824012,1,0.0,0.0,1,0.0,0.0,1,-0.46669507026672363,-0.46669507026672363,1,0.02769813390632629,0.02769813390632629
held_trial_low,mamba,3,screwDriver_Pose1_Exp10,screwDriver,0.5772590995330898,671,253,1,0,3,0,22.36756706237793,13.924768209457397,11.496699094772339,19.93949794769287,0.4,0.25,0.75,0.0,0.8256294770468088,0.8914468834310973,1,0.0,0.0,1,0.0,0.0,1,-0.6662073135375977,-0.6662073135375977,1,0.19221859167453884,0.19221859167453884
held_trial_low,mamba,3,screwDriver_Pose1_Exp9,screwDriver,0.8875420388352425,688,308,1,0,3,0,22.927485466003418,12.661098003387451,10.100313425064087,20.366700887680054,0.4,0.25,0.75,0.0,0.7977438783241207,0.8883094013026216,1,0.0,0.0,1,0.0,0.0,1,-0.6006069183349609,-0.6006069183349609,1,0.1963959717005036,0.1963959717005036
held_trial_low,mamba,3,screwDriver_Pose2_Exp10,screwDriver,0.6428041337841206,110,23,1,0,0,0,3.6579785346984863,2.891040325164795,0.5650725364685059,1.2357580661773682,1.0,1.0,0.0,0.0,0.19545646995992547,0.3378254012305808,1,0.0,0.0,1,0.0,0.0,1,-0.5659840106964111,-0.5659840106964111,1,0.5035136028157509,0.5035136028157509
held_trial_low,mamba,3,screwDriver_Pose2_Exp9,screwDriver,,627,0,0,1,0,0,20.91916060447693,20.91916060447693,0.2017970085144043,0.2017970085144043,0.0,0.0,0.0,2.8681839168613363,0.009646515571529077,0.009646515571529077,0,,,0,,,0,,,0,,
held_trial_low,mamba,3,screwDriver_Pose3_Exp10,screwDriver,0.446465329315141,668,268,1,1,3,0,22.261112451553345,13.32762360572815,10.76630687713623,19.699795722961426,0.3333333333333333,0.25,0.75,2.695283092009775,0.8078189477461626,0.8849421054690735,1,0.0,0.0,1,0.0,0.0,1,-0.6666340827941895,-0.6666340827941895,1,0.18845998421348803,0.18845998421348803
held_trial_low,mamba,3,screwDriver_Pose3_Exp9,screwDriver,0.3573879036401487,679,240,1,0,6,0,22.62770962715149,14.627729415893555,11.933312177658081,19.933292388916016,0.25,0.14285714285714285,0.8571428571428571,0.0,0.8158007191937874,0.8809239961696175,1,0.0,0.0,1,0.0,0.0,1,-0.7335505485534668,-0.7335505485534668,1,0.021737156899012188,0.021737156899012188
held_trial_low,mamba,3,SpoolSolder_Pose1_Exp10,SpoolSolder,0.28390773747601084,688,117,3,2,0,0,22.938194274902344,19.038597345352173,7.566486597061157,11.199451684951782,0.75,1.0,0.0,5.231449283315954,0.3974287842643165,0.48824469575643886,3,0.0,0.1333883285522461,3,0.0,0.1333883285522461,3,-0.7334113121032715,-0.013293933868408159,3,0.33306830846986885,0.3359916246299141
held_trial_low,mamba,3,SpoolSolder_Pose1_Exp9,SpoolSolder,0.9514602489036542,278,179,1,1,0,0,9.260969877243042,3.2941131591796875,0.1333456039428711,2.6002721786499023,0.6666666666666666,1.0,0.0,6.478803062240581,0.04047997063224061,0.2807775225615996,1,3.4016551971435547,3.4016551971435547,1,3.4016551971435547,3.4016551971435547,1,3.4016551971435547,3.4016551971435547,1,0.4134382123235757,0.4134382123235757
held_trial_low,mamba,3,SpoolSolder_Pose2_Exp10,SpoolSolder,0.7281252593640745,367,232,1,1,0,0,12.227764129638672,4.494509220123291,2.066810131072998,9.40011715888977,0.6666666666666666,1.0,0.0,4.906865994786979,0.459852239665959,0.7687519205661634,1,0.0,0.0,1,0.0,0.0,1,-1.433103084564209,-1.433103084564209,1,0.8000010143676068,0.8000010143676068
held_trial_low,mamba,3,SpoolSolder_Pose2_Exp9,SpoolSolder,0.9669230769230769,107,10,1,0,0,0,3.5610547065734863,3.2280662059783936,0.7669007778167725,1.0998892784118652,1.0,1.0,0.0,0.0,0.23757281569890626,0.30886615596821293,1,0.0,0.0,1,0.0,0.0,1,-0.7666451930999756,-0.7666451930999756,1,0.30274729205097467,0.30274729205097467
held_trial_low,mamba,3,SpoolSolder_Pose3_Exp10,SpoolSolder,0.7268585859254938,687,120,0,1,3,0,22.894401788711548,18.894401788711548,0.06662201881408691,0.06662201881408691,0.0,0.0,1.0,2.6207280082585065,0.0035260189530790125,0.002909969844546712,0,,,0,,,0,,,0,,
held_trial_low,mamba,3,SpoolSolder_Pose3_Exp9,SpoolSolder,0.8376727394763872,698,135,2,8,0,0,23.26098656654358,18.761017560958862,9.199723243713379,13.633117198944092,0.3333333333333333,1.0,0.0,20.635410223330208,0.4903637669876573,0.5860936792144787,2,0.01670992374420166,0.030077862739562988,2,0.01670992374420166,0.030077862739562988,2,-5.716629981994629,-1.1165901184082028,2,0.0324240346657636,0.03247462031139963
held_trial_low,mamba,4,brush_Pose1_Exp10,brush,0.6059087946305992,101,14,1,1,0,0,3.3611581325531006,2.894446849822998,0.7666440010070801,1.2333552837371826,0.6666666666666666,1.0,0.0,17.85098993674083,0.2648671890637626,0.366943545973643,1,0.0,0.0,1,0.0,0.0,1,-0.6667258739471436,-0.6667258739471436,1,0.4117952830311723,0.4117952830311723
held_trial_low,mamba,4,brush_Pose1_Exp9,brush,1.0,90,7,1,0,0,0,2.9944820404052734,2.7610766887664795,0.8333802223205566,1.0667855739593506,1.0,1.0,0.0,0.0,0.3018316100060488,0.35625044984907367,1,0.0,0.0,1,0.0,0.0,1,-0.8335144519805908,-0.8335144519805908,1,0.21879312706912155,0.21879312706912155
held_trial_low,mamba,4,brush_Pose2_Exp10,brush,1.0,128,33,1,0,0,0,4.261070489883423,3.161142587661743,0.800222635269165,1.9001505374908447,1.0,1.0,0.0,0.0,0.25314347995326575,0.44593266926753666,1,0.0,0.0,1,0.0,0.0,1,-0.7999565601348877,-0.7999565601348877,1,0.5788635587126366,0.5788635587126366
held_trial_low,mamba,4,brush_Pose2_Exp9,brush,0.9797979797979799,107,9,1,0,0,0,3.5613017082214355,3.2613587379455566,0.9001929759979248,1.2001359462738037,1.0,1.0,0.0,0.0,0.2760177730601288,0.33699361767165986,1,0.0,0.0,1,0.0,0.0,1,-0.6333193778991699,-0.6333193778991699,1,0.24992416168113737,0.24992416168113737
held_trial_low,mamba,4,brush_Pose3_Exp10,brush,0.747037037037037,99,8,2,0,0,1,3.294581651687622,3.0277276039123535,0.6333248615264893,0.9001789093017578,1.0,1.0,0.0,0.0,0.2091749801759322,0.2732301106699385,2,0.0,0.0,1,0.0,0.0,1,-0.6333158016204834,-0.6333158016204834,2,0.6200110262099935,0.9240022052419987
held_trial_low,mamba,4,brush_Pose3_Exp9,brush,0.9250482821887973,330,152,1,0,2,0,10.99442172050476,5.927415609359741,3.4660961627960205,8.53310227394104,0.5,0.3333333333333333,0.6666666666666666,0.0,0.584756728939818,0.776130158626413,1,0.0,0.0,1,0.0,0.0,1,-0.5331814289093018,-0.5331814289093018,1,0.02737408119629761,0.02737408119629761
held_trial_low,mamba,4,screwDriver_Pose1_Exp10,screwDriver,0.9456787731341921,671,253,1,0,3,0,22.36756706237793,13.924768209457397,11.530148267745972,19.972947120666504,0.4,0.25,0.75,0.0,0.8280316120389672,0.8929423153160382,1,0.0,0.0,1,0.0,0.0,1,-0.6993317604064941,-0.6993317604064941,1,0.19189667859467005,0.19189667859467005
held_trial_low,mamba,4,screwDriver_Pose1_Exp9,screwDriver,0.907038472683354,688,308,1,0,3,0,22.927485466003418,12.661098003387451,10.16659665107727,20.432984113693237,0.4,0.25,0.75,0.0,0.8029790661408054,0.8912003954376508,1,0.0,0.0,1,0.0,0.0,1,-0.6659979820251465,-0.6659979820251465,1,0.19575887637914136,0.19575887637914136
held_trial_low,mamba,4,screwDriver_Pose2_Exp10,screwDriver,0.867934622830113,110,23,1,0,0,0,3.6579785346984863,2.891040325164795,0.5994088649749756,1.366347074508667,1.0,1.0,0.0,0.0,0.2073332771450734,0.37352517559846476,1,0.0,0.0,1,0.0,0.0,1,-0.5988430976867676,-0.5988430976867676,1,0.5613055597967151,0.5613055597967151
held_trial_low,mamba,4,screwDriver_Pose2_Exp9,screwDriver,,627,0,0,2,0,0,20.91916060447693,20.91916060447693,0.33486342430114746,0.33486342430114746,0.0,0.0,0.0,5.736367833722673,0.016007498132094414,0.016007498132094414,0,,,0,,,0,,,0,,
held_trial_low,mamba,4,screwDriver_Pose3_Exp10,screwDriver,0.8218643269464675,668,268,1,0,3,0,22.261112451553345,13.32762360572815,10.866432666778564,19.79992151260376,0.4,0.25,0.75,0.0,0.8153315991088032,0.8894398946006921,1,0.0,0.0,1,0.0,0.0,1,-0.6666340827941895,-0.6666340827941895,1,0.18687287386679982,0.18687287386679982
held_trial_low,mamba,4,screwDriver_Pose3_Exp9,screwDriver,0.33085135280607486,679,240,1,1,6,0,22.62770962715149,14.627729415893555,11.96664834022522,19.966628551483154,0.2222222222222222,0.14285714285714285,0.8571428571428571,2.651616137410773,0.8180796896080826,0.8823972412799904,1,0.0,0.0,1,0.0,0.0,1,-0.7335505485534668,-0.7335505485534668,1,0.021737156899012188,0.021737156899012188
held_trial_low,mamba,4,SpoolSolder_Pose1_Exp10,SpoolSolder,0.19182692208485447,688,117,1,0,2,0,22.938194274902344,19.038597345352173,16.30051565170288,20.20011258125305,0.5,0.3333333333333333,0.6666666666666666,0.0,0.8561825934977436,0.8806322040508157,1,0.0,0.0,1,0.0,0.0,1,-0.8336436748504639,-0.8336436748504639,1,0.011547184786222287,0.011547184786222287
held_trial_low,mamba,4,SpoolSolder_Pose1_Exp9,SpoolSolder,0.9278540659751128,278,179,1,1,0,0,9.260969877243042,3.2941131591796875,0.9665043354034424,6.933361053466797,0.6666666666666666,1.0,0.0,6.478803062240581,0.2934035015494504,0.7486646804136711,1,0.0,0.0,1,0.0,0.0,1,-0.6665477752685547,-0.6665477752685547,1,0.8647554069907885,0.8647554069907885
held_trial_low,mamba,4,SpoolSolder_Pose2_Exp10,SpoolSolder,0.6960764379688779,367,232,1,1,0,0,12.227764129638672,4.494509220123291,2.066810131072998,9.70002818107605,0.6666666666666666,1.0,0.0,4.906865994786979,0.459852239665959,0.7932789738366244,1,0.0,0.0,1,0.0,0.0,1,-1.433103084564209,-1.433103084564209,1,0.8327187392711118,0.8327187392711118
held_trial_low,mamba,4,SpoolSolder_Pose2_Exp9,SpoolSolder,0.7946708463949843,107,10,1,0,0,0,3.5610547065734863,3.2280662059783936,0.8004283905029297,1.1334168910980225,1.0,1.0,0.0,0.0,0.2479590997918607,0.3182812353333986,1,0.0,0.0,1,0.0,0.0,1,-0.7666451930999756,-0.7666451930999756,1,0.2937917223666068,0.2937917223666068
held_trial_low,mamba,4,SpoolSolder_Pose3_Exp10,SpoolSolder,0.3768372459450792,687,120,1,1,2,0,22.894401788711548,18.894401788711548,16.028019666671753,20.028019666671753,0.4,0.3333333333333333,0.6666666666666666,2.6207280082585065,0.8482946348821526,0.8747998681733143,1,0.0,0.0,1,0.0,0.0,1,-0.6666078567504883,-0.6666078567504883,1,0.06689276100504307,0.06689276100504307
held_trial_low,mamba,4,SpoolSolder_Pose3_Exp9,SpoolSolder,0.7051404379215013,698,135,1,1,1,0,23.26098656654358,18.761017560958862,15.799448490142822,20.29941749572754,0.5,0.5,0.5,2.579426277916276,0.8421424071912293,0.872680848581217,1,0.0,0.0,1,0.0,0.0,1,-6.933307647705078,-6.933307647705078,1,0.21205897313591468,0.21205897313591468
held_trial_full,mlp,0,brush_Pose1_Exp10,brush,0.4215402141717931,101,14,1,1,0,0,3.3611581325531006,2.894446849822998,0.4665377140045166,0.8665561676025391,0.6666666666666666,1.0,0.0,17.85098993674083,0.16118372117734567,0.25781475712489377,1,0.0,0.0,1,0.0,0.0,1,-0.3332350254058838,-0.3332350254058838,1,0.5000424699573482,0.5000424699573482
held_trial_full,mlp,0,brush_Pose1_Exp9,brush,0.1470263621478455,90,7,1,0,0,0,2.9944820404052734,2.7610766887664795,0.86659836769104,1.100003719329834,1.0,1.0,0.0,0.0,0.3138624766261729,0.3673435687665568,1,0.0,0.0,1,0.0,0.0,1,-0.8669602870941162,-0.8669602870941162,1,0.21218596586290978,0.21218596586290978
held_trial_full,mlp,0,brush_Pose2_Exp10,brush,0.8280882188174955,128,33,1,1,0,0,4.261070489883423,3.161142587661743,0.03342771530151367,0.9002013206481934,0.6666666666666666,1.0,0.0,14.080968653874937,0.010574567383320639,0.21126177630373386,1,0.19996404647827148,0.19996404647827148,1,0.19996404647827148,0.19996404647827148,1,0.19996404647827148,0.19996404647827148,1,0.7880276548998663,0.7880276548998663
held_trial_full,mlp,0,brush_Pose2_Exp9,brush,0.43707892995968256,107,9,1,0,0,0,3.5613017082214355,3.2613587379455566,0.6334552764892578,0.8665478229522705,1.0,1.0,0.0,0.0,0.19423048103205393,0.24332333903409625,1,0.0,0.0,1,0.0,0.0,1,-0.6333193778991699,-0.6333193778991699,1,0.24972464569205885,0.24972464569205885
held_trial_full,mlp,0,brush_Pose3_Exp10,brush,0.5720419900832272,99,8,1,0,1,1,3.294581651687622,3.0277276039123535,0.0,0.10001921653747559,0.6666666666666666,0.5,0.5,0.0,0.0,0.03035870016645105,1,0.09995532035827637,0.09995532035827637,1,0.09995532035827637,0.09995532035827637,1,0.09995532035827637,0.09995532035827637,1,0.500042314747822,0.500042314747822
held_trial_full,mlp,0,brush_Pose3_Exp9,brush,0.408637027159661,330,152,1,0,2,0,10.99442172050476,5.927415609359741,0.5331780910491943,0.7334094047546387,0.5,0.3333333333333333,0.6666666666666666,0.0,0.08995119056731478,0.06670741066688567,1,0.0,0.0,1,0.0,0.0,1,-0.5331814289093018,-0.5331814289093018,1,0.26113815091287707,0.26113815091287707
held_trial_full,mlp,0,screwDriver_Pose1_Exp10,screwDriver,0.6942594383191631,671,253,1,0,3,0,22.36756706237793,13.924768209457397,11.530148267745972,19.972947120666504,0.4,0.25,0.75,0.0,0.8280316120389672,0.8929423153160382,1,0.0,0.0,1,0.0,0.0,1,-0.6993317604064941,-0.6993317604064941,1,0.19189667859467005,0.19189667859467005
held_trial_full,mlp,0,screwDriver_Pose1_Exp9,screwDriver,0.8281017738668912,688,308,1,0,3,0,22.927485466003418,12.661098003387451,10.067224264144897,20.333611726760864,0.4,0.25,0.75,0.0,0.7951304271913409,0.886866191973441,1,0.0,0.0,1,0.0,0.0,1,-0.6006069183349609,-0.6006069183349609,1,0.19671556951710428,0.19671556951710428
held_trial_full,mlp,0,screwDriver_Pose2_Exp10,screwDriver,0.7093817435513592,110,23,1,0,0,0,3.6579785346984863,2.891040325164795,0.7310020923614502,1.4016876220703125,1.0,1.0,0.0,0.0,0.25285088070149336,0.38318639892889594,1,0.0,0.0,1,0.0,0.0,1,-0.7323782444000244,-0.7323782444000244,1,0.44773849055288417,0.44773849055288417
held_trial_full,mlp,0,screwDriver_Pose2_Exp9,screwDriver,,627,0,0,1,0,0,20.91916060447693,20.91916060447693,18.685508489608765,18.685508489608765,0.0,0.0,0.0,2.8681839168613363,0.8932245821378637,0.8932245821378637,0,,,0,,,0,,,0,,
held_trial_full,mlp,0,screwDriver_Pose3_Exp10,screwDriver,0.8418777104513777,668,268,1,0,3,0,22.261112451553345,13.32762360572815,10.799799680709839,19.733288526535034,0.4,0.25,0.75,0.0,0.8103319841706916,0.8864466485886727,1,0.0,0.0,1,0.0,0.0,1,-0.6998653411865234,-0.6998653411865234,1,0.18750388362395437,0.18750388362395437
held_trial_full,mlp,0,screwDriver_Pose3_Exp9,screwDriver,0.6493030563904804,679,240,1,0,6,0,22.62770962715149,14.627729415893555,11.866690635681152,19.866670846939087,0.25,0.14285714285714285,0.8571428571428571,0.0,0.811246250069923,0.8779797502395306,1,0.0,0.0,1,0.0,0.0,1,-0.7335505485534668,-0.7335505485534668,1,0.02181005098992273,0.02181005098992273
held_trial_full,mlp,0,SpoolSolder_Pose1_Exp10,SpoolSolder,0.4475297052582744,688,117,1,0,2,0,22.938194274902344,19.038597345352173,16.267088413238525,20.166685342788696,0.5,0.3333333333333333,0.6666666666666666,0.0,0.8544268318805405,0.8791749298615857,1,0.0,0.0,1,0.0,0.0,1,-0.8001523017883301,-0.8001523017883301,1,0.011566324793262615,0.011566324793262615
held_trial_full,mlp,0,SpoolSolder_Pose1_Exp9,SpoolSolder,0.9753029239319444,278,179,1,0,0,0,9.260969877243042,3.2941131591796875,1.0663323402404785,7.033189058303833,1.0,1.0,0.0,0.0,0.32370847287651183,0.7594441134709304,1,0.0,0.0,1,0.0,0.0,1,-0.7999739646911621,-0.7999739646911621,1,0.8483856567197638,0.8483856567197638
held_trial_full,mlp,0,SpoolSolder_Pose2_Exp10,SpoolSolder,0.44400612439694276,367,232,0,1,1,0,12.227764129638672,4.494509220123291,0.7333526611328125,0.7333526611328125,0.0,0.0,1.0,4.906865994786979,0.16316634925329968,0.05997438725165227,0,,,0,,,0,,,0,,
held_trial_full,mlp,0,SpoolSolder_Pose2_Exp9,SpoolSolder,0.19093577736149653,107,10,1,0,0,0,3.5610547065734863,3.2280662059783936,0.8000450134277344,1.1330335140228271,1.0,1.0,0.0,0.0,0.24784033609535247,0.3181735770392175,1,0.0,0.0,1,0.0,0.0,1,-0.8000881671905518,-0.8000881671905518,1,0.29389113073347634,0.29389113073347634
held_trial_full,mlp,0,SpoolSolder_Pose3_Exp10,SpoolSolder,0.3303635992884391,687,120,2,0,1,0,22.894401788711548,18.894401788711548,7.266748428344727,8.86652660369873,0.8,0.6666666666666666,0.3333333333333333,0.0,0.3845979623809123,0.38727924343804054,2,0.08324706554412842,0.14984471797943116,2,0.08324706554412842,0.14984471797943116,2,-0.23336434364318848,0.08652243614196779,2,0.3113663046141707,0.43544920315979324
held_trial_full,mlp,0,SpoolSolder_Pose3_Exp9,SpoolSolder,0.6587876626083861,698,135,1,1,1,0,23.26098656654358,18.761017560958862,7.86658787727356,10.466244459152222,0.5,0.5,0.5,2.579426277916276,0.41930496849188514,0.4499484331505477,1,0.0,0.0,1,0.0,0.0,1,-6.933307647705078,-6.933307647705078,1,0.23561986289003853,0.23561986289003853
held_trial_full,mlp,1,brush_Pose1_Exp10,brush,0.35965337833511307,101,14,1,1,0,0,3.3611581325531006,2.894446849822998,0.5333099365234375,1.00002121925354,0.6666666666666666,1.0,0.0,17.85098993674083,0.18425279999736413,0.29752281202370395,1,0.0,0.0,1,0.0,0.0,1,-0.3665273189544678,-0.3665273189544678,1,0.560054393851309,0.560054393851309
held_trial_full,mlp,1,brush_Pose1_Exp9,brush,0.1481849797167369,90,7,1,0,0,0,2.9944820404052734,2.7610766887664795,0.86659836769104,1.100003719329834,1.0,1.0,0.0,0.0,0.3138624766261729,0.3673435687665568,1,0.0,0.0,1,0.0,0.0,1,-0.8669602870941162,-0.8669602870941162,1,0.21218596586290978,0.21218596586290978
held_trial_full,mlp,1,brush_Pose2_Exp10,brush,0.9184391182333655,128,33,1,1,0,0,4.261070489883423,3.161142587661743,0.6668646335601807,1.7334234714508057,0.6666666666666666,1.0,0.0,14.080968653874937,0.21095683445695246,0.4068046927564979,1,0.0,0.0,1,0.0,0.0,1,-0.5665202140808105,-0.5665202140808105,1,0.6399481801095965,0.6399481801095965
held_trial_full,mlp,1,brush_Pose2_Exp9,brush,0.6012203441010967,107,9,1,0,0,0,3.5613017082214355,3.2613587379455566,0.8334565162658691,1.133399486541748,1.0,1.0,0.0,0.0,0.25555499509106205,0.31825427312862625,1,0.0,0.0,1,0.0,0.0,1,-0.6666707992553711,-0.6666707992553711,1,0.26464011483812394,0.26464011483812394
held_trial_full,mlp,1,brush_Pose3_Exp10,brush,0.48709793746558455,99,8,1,0,1,1,3.294581651687622,3.0277276039123535,0.6333248615264893,0.8333463668823242,0.6666666666666666,0.5,0.5,0.0,0.2091749801759322,0.2529445176917833,1,0.0,0.0,1,0.0,0.0,1,-0.6333158016204834,-0.6333158016204834,1,0.24002205241998703,0.24002205241998703
held_trial_full,mlp,1,brush_Pose3_Exp9,brush,0.423408478469915,330,152,2,0,1,0,10.99442172050476,5.927415609359741,0.5664048194885254,0.9331965446472168,0.8,0.6666666666666666,0.3333333333333333,0.0,0.09555679183253804,0.08487909308652326,2,0.5000923871994019,0.9001662969589234,2,0.5000923871994019,0.9001662969589234,2,0.21688032150268555,0.8435238838195801,2,0.19267651535006985,0.23876895600718637
held_trial_full,mlp,1,screwDriver_Pose1_Exp10,screwDriver,0.6236555987391561,671,253,1,0,3,0,22.36756706237793,13.924768209457397,11.530148267745972,19.972947120666504,0.4,0.25,0.75,0.0,0.8280316120389672,0.8929423153160382,1,0.0,0.0,1,0.0,0.0,1,-0.6993317604064941,-0.6993317604064941,1,0.19189667859467005,0.19189667859467005
held_trial_full,mlp,1,screwDriver_Pose1_Exp9,screwDriver,0.4243334803721806,688,308,1,0,3,0,22.927485466003418,12.661098003387451,10.09971284866333,20.366100311279297,0.4,0.25,0.75,0.0,0.7976964435439305,0.8882832066986975,1,0.0,0.0,1,0.0,0.0,1,-0.6335093975067139,-0.6335093975067139,1,0.19640176322583267,0.19640176322583267
held_trial_full,mlp,1,screwDriver_Pose2_Exp10,screwDriver,0.689624077519679,110,23,1,0,0,0,3.6579785346984863,2.891040325164795,0.7310020923614502,1.4979403018951416,1.0,1.0,0.0,0.0,0.25285088070149336,0.4094994783829729,1,0.0,0.0,1,0.0,0.0,1,-0.7323782444000244,-0.7323782444000244,1,0.5119951766858719,0.5119951766858719
held_trial_full,mlp,1,screwDriver_Pose2_Exp9,screwDriver,,627,0,0,9,0,0,20.91916060447693,20.91916060447693,6.212636470794678,6.212636470794678,0.0,0.0,0.0,25.813655251752028,0.29698306678065783,0.29698306678065783,0,,,0,,,0,,,0,,
held_trial_full,mlp,1,screwDriver_Pose3_Exp10,screwDriver,0.6999771554719264,668,268,1,0,3,0,22.261112451553345,13.32762360572815,10.69978952407837,19.633278369903564,0.4,0.25,0.75,0.0,0.8028280089992675,0.8819540538520385,1,0.0,0.0,1,0.0,0.0,1,-0.6998653411865234,-0.6998653411865234,1,0.1884590115662641,0.1884590115662641
held_trial_full,mlp,1,screwDriver_Pose3_Exp9,screwDriver,0.7432542411706947,679,240,1,0,6,0,22.62770962715149,14.627729415893555,11.800274848937988,19.800255060195923,0.25,0.14285714285714285,0.8571428571428571,0.0,0.8067058470548796,0.8750445973744139,1,0.0,0.0,1,0.0,0.0,1,-0.7335505485534668,-0.7335505485534668,1,0.02188320821395851,0.02188320821395851
held_trial_full,mlp,1,SpoolSolder_Pose1_Exp10,SpoolSolder,0.532143039064356,688,117,1,0,2,0,22.938194274902344,19.038597345352173,16.36718201637268,20.26677894592285,0.5,0.3333333333333333,0.6666666666666666,0.0,0.8596842361587286,0.8835385515980915,1,0.0,0.0,1,0.0,0.0,1,-0.8336436748504639,-0.8336436748504639,1,0.01150920100824149,0.01150920100824149
held_trial_full,mlp,1,SpoolSolder_Pose1_Exp9,SpoolSolder,0.9410998092151521,278,179,1,0,0,0,9.260969877243042,3.2941131591796875,1.0663323402404785,7.033189058303833,1.0,1.0,0.0,0.0,0.32370847287651183,0.7594441134709304,1,0.0,0.0,1,0.0,0.0,1,-0.7999739646911621,-0.7999739646911621,1,0.8483856567197638,0.8483856567197638
held_trial_full,mlp,1,SpoolSolder_Pose2_Exp10,SpoolSolder,0.4670562509936142,367,232,1,1,0,0,12.227764129638672,4.494509220123291,0.7333526611328125,1.7999379634857178,0.6666666666666666,1.0,0.0,4.906865994786979,0.16316634925329968,0.14720090642923658,1,6.666615724563599,6.666615724563599,1,6.666615724563599,6.666615724563599,1,6.666615724563599,6.666615724563599,1,0.13792191190290723,0.13792191190290723
held_trial_full,mlp,1,SpoolSolder_Pose2_Exp9,SpoolSolder,0.190568130302673,107,10,1,0,0,0,3.5610547065734863,3.2280662059783936,0.8335726261138916,1.1665611267089844,1.0,1.0,0.0,0.0,0.25822662018830694,0.3275886564044031,1,0.0,0.0,1,0.0,0.0,1,-0.8000881671905518,-0.8000881671905518,1,0.2854445369138051,0.2854445369138051
held_trial_full,mlp,1,SpoolSolder_Pose3_Exp10,SpoolSolder,0.3528680472932317,687,120,2,0,1,0,22.894401788711548,18.894401788711548,7.300261974334717,10.866741180419922,0.8,0.6666666666666666,0.3333333333333333,0.0,0.3863716912538747,0.4746462161670432,2,0.08324706554412842,0.14984471797943116,2,0.08324706554412842,0.14984471797943116,2,-0.2500568628311157,0.08318393230438234,2,0.29652965563479927,0.43248187336391897
held_trial_full,mlp,1,SpoolSolder_Pose3_Exp9,SpoolSolder,0.6257418461752557,698,135,1,1,1,0,23.26098656654358,18.761017560958862,7.899740934371948,10.699695348739624,0.5,0.5,0.5,2.579426277916276,0.42107209316892713,0.4599845891372923,1,0.0,0.0,1,0.0,0.0,1,-6.933307647705078,-6.933307647705078,1,0.2537738560586778,0.2537738560586778
held_trial_full,mlp,2,brush_Pose1_Exp10,brush,0.5171949082663369,101,14,0,1,1,0,3.3611581325531006,2.894446849822998,0.13372373580932617,0.13372373580932617,0.0,0.0,1.0,17.85098993674083,0.04620010065740322,0.039785017703927845,0,,,0,,,0,,,0,,
held_trial_full,mlp,2,brush_Pose1_Exp9,brush,0.13444322649730622,90,7,1,0,0,0,2.9944820404052734,2.7610766887664795,0.86659836769104,1.066720724105835,1.0,1.0,0.0,0.0,0.3138624766261729,0.3562287933980946,1,0.0,0.0,1,0.0,0.0,1,-0.8669602870941162,-0.8669602870941162,1,0.18192879978325657,0.18192879978325657
held_trial_full,mlp,2,brush_Pose2_Exp10,brush,0.6806355832361675,128,33,1,1,0,0,4.261070489883423,3.161142587661743,0.06684517860412598,0.13358545303344727,0.6666666666666666,1.0,0.0,14.080968653874937,0.02114589163583744,0.031350209612960894,1,0.9666957855224609,0.9666957855224609,1,0.9666957855224609,0.9666957855224609,1,0.9666957855224609,0.9666957855224609,1,0.06067695372989133,0.06067695372989133
held_trial_full,mlp,2,brush_Pose2_Exp9,brush,0.4447820974874115,107,9,1,0,0,0,3.5613017082214355,3.2613587379455566,0.766812801361084,1.066755771636963,1.0,1.0,0.0,0.0,0.23512065460303397,0.2995409709810056,1,0.0,0.0,1,0.0,0.0,1,-0.6333193778991699,-0.6333193778991699,1,0.28117304658742,0.28117304658742
held_trial_full,mlp,2,brush_Pose3_Exp10,brush,0.4900653015462798,99,8,1,0,1,1,3.294581651687622,3.0277276039123535,0.5999021530151367,0.7999236583709717,0.6666666666666666,0.5,0.5,0.0,0.19813610452933686,0.24279976729707622,1,0.0,0.0,1,0.0,0.0,1,-0.5998964309692383,-0.5998964309692383,1,0.2500507432961474,0.2500507432961474
held_trial_full,mlp,2,brush_Pose3_Exp9,brush,0.3142434403382898,330,152,2,0,1,0,10.99442172050476,5.927415609359741,0.5331780910491943,0.9001197814941406,0.8,0.6666666666666666,0.3333333333333333,0.0,0.08995119056731478,0.08187058895652545,2,0.5167276859283447,0.9301098346710205,2,0.5167276859283447,0.9301098346710205,2,0.25013697147369385,0.8767916917800904,2,0.19816035985265887,0.24854259270083343
held_trial_full,mlp,2,screwDriver_Pose1_Exp10,screwDriver,0.7038275947391195,671,253,2,4,2,0,22.36756706237793,13.924768209457397,9.665032148361206,18.10783100128174,0.4,0.5,0.5,10.729821411988883,0.6940892661895031,0.8095574700092871,2,0.0,0.0,2,0.0,0.0,2,-0.6997071504592896,-0.6994068384170532,2,0.1789244111736899,0.29329338355716594
held_trial_full,mlp,2,screwDriver_Pose1_Exp9,screwDriver,0.3785153536386049,688,308,1,0,3,0,22.927485466003418,12.661098003387451,9.86747431755066,20.133861780166626,0.4,0.25,0.75,0.0,0.7793537586479969,0.8781539436594937,1,0.0,0.0,1,0.0,0.0,1,-0.5671186447143555,-0.5671186447143555,1,0.1986672032838566,0.1986672032838566
held_trial_full,mlp,2,screwDriver_Pose2_Exp10,screwDriver,0.5922511399233097,110,23,1,0,0,0,3.6579785346984863,2.891040325164795,0.765113115310669,1.5320513248443604,1.0,1.0,0.0,0.0,0.26464975553983533,0.41882458038279374,1,0.0,0.0,1,0.0,0.0,1,-0.7647726535797119,-0.7647726535797119,1,0.5005956374285332,0.5005956374285332
held_trial_full,mlp,2,screwDriver_Pose2_Exp9,screwDriver,,627,0,0,2,0,0,20.91916060447693,20.91916060447693,0.36884212493896484,0.36884212493896484,0.0,0.0,0.0,5.736367833722673,0.01763178417684831,0.01763178417684831,0,,,0,,,0,,,0,,
held_trial_full,mlp,2,screwDriver_Pose3_Exp10,screwDriver,0.6406290237846374,668,268,1,0,3,0,22.261112451553345,13.32762360572815,10.666359663009644,19.53318190574646,0.4,0.25,0.75,0.0,0.8003196952850089,0.8774575820618284,1,0.0,0.0,1,0.0,0.0,1,-0.6666340827941895,-0.6666340827941895,1,0.18942475697258607,0.18942475697258607
held_trial_full,mlp,2,screwDriver_Pose3_Exp9,screwDriver,0.34778725051114145,679,240,1,0,6,0,22.62770962715149,14.627729415893555,11.866690635681152,19.866670846939087,0.25,0.14285714285714285,0.8571428571428571,0.0,0.811246250069923,0.8779797502395306,1,0.0,0.0,1,0.0,0.0,1,-0.7335505485534668,-0.7335505485534668,1,0.02181005098992273,0.02181005098992273
held_trial_full,mlp,2,SpoolSolder_Pose1_Exp10,SpoolSolder,0.433392092686977,688,117,1,0,2,0,22.938194274902344,19.038597345352173,16.200427532196045,20.100024461746216,0.5,0.3333333333333333,0.6666666666666666,0.0,0.8509254772464107,0.8762688213752949,1,0.0,0.0,1,0.0,0.0,1,-0.8001523017883301,-0.8001523017883301,1,0.011604684020268022,0.011604684020268022
held_trial_full,mlp,2,SpoolSolder_Pose1_Exp9,SpoolSolder,0.9696701288898537,278,179,1,0,0,0,9.260969877243042,3.2941131591796875,1.0663323402404785,7.033189058303833,1.0,1.0,0.0,0.0,0.32370847287651183,0.7594441134709304,1,0.0,0.0,1,0.0,0.0,1,-0.7999739646911621,-0.7999739646911621,1,0.8483856567197638,0.8483856567197638
held_trial_full,mlp,2,SpoolSolder_Pose2_Exp10,SpoolSolder,0.4767074564420297,367,232,0,1,1,0,12.227764129638672,4.494509220123291,0.133530855178833,0.133530855178833,0.0,0.0,1.0,4.906865994786979,0.029709774446779323,0.010920300208864007,0,,,0,,,0,,,0,,
held_trial_full,mlp,2,SpoolSolder_Pose2_Exp9,SpoolSolder,0.1903818356891338,107,10,1,0,0,0,3.5610547065734863,3.2280662059783936,0.8000450134277344,1.1330335140228271,1.0,1.0,0.0,0.0,0.24784033609535247,0.3181735770392175,1,0.0,0.0,1,0.0,0.0,1,-0.8000881671905518,-0.8000881671905518,1,0.29389113073347634,0.29389113073347634
held_trial_full,mlp,2,SpoolSolder_Pose3_Exp10,SpoolSolder,0.34916411871956,687,120,2,0,1,0,22.894401788711548,18.894401788711548,6.266807794570923,7.8000993728637695,0.8,0.6666666666666666,0.3333333333333333,0.0,0.3316753747829701,0.34069898156106154,2,0.09992754459381104,0.17986958026885985,2,0.09992754459381104,0.17986958026885985,2,-0.20012032985687256,0.11986000537872316,2,0.2887390851483428,0.3775018139832355
held_trial_full,mlp,2,SpoolSolder_Pose3_Exp9,SpoolSolder,0.6238631003865366,698,135,1,0,1,0,23.26098656654358,18.761017560958862,0.0,2.399808645248413,0.6666666666666666,0.5,0.5,0.0,0.0,0.10316882469207359,1,0.03341984748840332,0.03341984748840332,1,0.03341984748840332,0.03341984748840332,1,0.03341984748840332,0.03341984748840332,1,0.5853517023538048,0.5853517023538048
held_trial_full,mlp,3,brush_Pose1_Exp10,brush,0.5557512613286537,101,14,1,0,0,0,3.3611581325531006,2.894446849822998,0.5667285919189453,1.0334398746490479,1.0,1.0,0.0,0.0,0.19579858305347775,0.3074654133764476,1,0.0,0.0,1,0.0,0.0,1,-0.5665419101715088,-0.5665419101715088,1,0.45160951708835106,0.45160951708835106
held_trial_full,mlp,3,brush_Pose1_Exp9,brush,0.2182674468388754,90,7,1,0,0,0,2.9944820404052734,2.7610766887664795,0.86659836769104,1.066720724105835,1.0,1.0,0.0,0.0,0.3138624766261729,0.3562287933980946,1,0.0,0.0,1,0.0,0.0,1,-0.8669602870941162,-0.8669602870941162,1,0.18192879978325657,0.18192879978325657
held_trial_full,mlp,3,brush_Pose2_Exp10,brush,0.8055201668277878,128,33,1,1,0,0,4.261070489883423,3.161142587661743,0.06684517860412598,0.9336187839508057,0.6666666666666666,1.0,0.0,14.080968653874937,0.02114589163583744,0.21910428052466888,1,0.19996404647827148,0.19996404647827148,1,0.19996404647827148,0.19996404647827148,1,0.19996404647827148,0.19996404647827148,1,0.7880276548998663,0.7880276548998663
held_trial_full,mlp,3,brush_Pose2_Exp9,brush,0.617445620223398,107,9,1,4,0,0,3.5613017082214355,3.2613587379455566,1.194993019104004,1.4949359893798828,0.3333333333333333,1.0,0.0,67.39108889481295,0.3664095596722891,0.41977235063481183,1,0.0,0.0,1,0.0,0.0,1,-0.6666707992553711,-0.6666707992553711,1,0.2431655991725753,0.2431655991725753
held_trial_full,mlp,3,brush_Pose3_Exp10,brush,0.5771649085165982,99,8,1,1,1,1,3.294581651687622,3.0277276039123535,0.29997801780700684,0.4333460330963135,0.5,0.5,0.5,18.21172043778775,0.09907695045597324,0.13153294679290634,1,0.0665886402130127,0.0665886402130127,1,0.0665886402130127,0.0665886402130127,1,0.0665886402130127,0.0665886402130127,1,0.6667683809900697,0.6667683809900697
held_trial_full,mlp,3,brush_Pose3_Exp9,brush,0.3617082341092488,330,152,3,0,0,0,10.99442172050476,5.927415609359741,0.5664048194885254,1.1000244617462158,1.0,1.0,0.0,0.0,0.09555679183253804,0.10005296228492434,3,0.0,0.800147819519043,3,0.0,0.800147819519043,3,0.0,0.800147819519043,3,0.1621694355319539,0.2660224505103803
held_trial_full,mlp,3,screwDriver_Pose1_Exp10,screwDriver,0.7252473393468818,671,253,3,1,1,0,22.36756706237793,13.924768209457397,9.630292892456055,17.772048950195312,0.75,0.75,0.25,2.682455352997221,0.6915944845613567,0.794545464003001,3,0.0,0.13304100036621094,3,0.0,0.13304100036621094,3,-0.6993317604064941,-0.006825351715087857,3,0.45810386491223176,0.8141149794141722
held_trial_full,mlp,3,screwDriver_Pose1_Exp9,screwDriver,0.9425467359853655,688,308,1,1,3,0,22.927485466003418,12.661098003387451,9.498321056365967,19.36415958404541,0.3333333333333333,0.25,0.75,2.61694637595419,0.7501972620245662,0.8445827874477704,1,0.39972829818725586,0.39972829818725586,1,0.39972829818725586,0.39972829818725586,1,0.39972829818725586,0.39972829818725586,1,0.18271643595783674,0.18271643595783674
held_trial_full,mlp,3,screwDriver_Pose2_Exp10,screwDriver,0.5431365744073754,110,23,1,0,0,0,3.6579785346984863,2.891040325164795,0.8317277431488037,1.5649752616882324,1.0,1.0,0.0,0.0,0.2876915053412109,0.4278251626802473,1,0.0,0.0,1,0.0,0.0,1,-0.8325622081756592,-0.8325622081756592,1,0.45866212219574065,0.45866212219574065
held_trial_full,mlp,3,screwDriver_Pose2_Exp9,screwDriver,,627,0,0,1,0,0,20.91916060447693,20.91916060447693,0.3010241985321045,0.3010241985321045,0.0,0.0,0.0,2.8681839168613363,0.0143898794135976,0.0143898794135976,0,,,0,,,0,,,0,,
held_trial_full,mlp,3,screwDriver_Pose3_Exp10,screwDriver,0.49218883056997875,668,268,1,0,3,0,22.261112451553345,13.32762360572815,10.69978952407837,19.5334415435791,0.4,0.25,0.75,0.0,0.8028280089992675,0.8774692453528345,1,0.0,0.0,1,0.0,0.0,1,-0.6998653411865234,-0.6998653411865234,1,0.18942223914523654,0.18942223914523654
held_trial_full,mlp,3,screwDriver_Pose3_Exp9,screwDriver,0.7008101489768441,679,240,1,0,6,0,22.62770962715149,14.627729415893555,11.800274848937988,19.800255060195923,0.25,0.14285714285714285,0.8571428571428571,0.0,0.8067058470548796,0.8750445973744139,1,0.0,0.0,1,0.0,0.0,1,-0.7335505485534668,-0.7335505485534668,1,0.02188320821395851,0.02188320821395851
held_trial_full,mlp,3,SpoolSolder_Pose1_Exp10,SpoolSolder,0.8219406023137765,688,117,1,0,2,0,22.938194274902344,19.038597345352173,16.200427532196045,20.100024461746216,0.5,0.3333333333333333,0.6666666666666666,0.0,0.8509254772464107,0.8762688213752949,1,0.0,0.0,1,0.0,0.0,1,-0.8001523017883301,-0.8001523017883301,1,0.011604684020268022,0.011604684020268022
held_trial_full,mlp,3,SpoolSolder_Pose1_Exp9,SpoolSolder,0.9803872526940517,278,179,1,1,0,0,9.260969877243042,3.2941131591796875,1.0663323402404785,6.999781131744385,0.6666666666666666,1.0,0.0,6.478803062240581,0.32370847287651183,0.7558367238559893,1,0.0,0.0,1,0.0,0.0,1,-0.7999739646911621,-0.7999739646911621,1,0.0098554040886207,0.0098554040886207
held_trial_full,mlp,3,SpoolSolder_Pose2_Exp10,SpoolSolder,0.5382717020176212,367,232,1,1,0,0,12.227764129638672,4.494509220123291,0.7333526611328125,2.266716480255127,0.6666666666666666,1.0,0.0,4.906865994786979,0.16316634925329968,0.18537456694645188,1,6.200131893157959,6.200131893157959,1,6.200131893157959,6.200131893157959,1,6.200131893157959,6.200131893157959,1,0.1982818149749063,0.1982818149749063
held_trial_full,mlp,3,SpoolSolder_Pose2_Exp9,SpoolSolder,0.19172219410379565,107,10,1,0,0,0,3.5610547065734863,3.2280662059783936,0.8335726261138916,1.1665611267089844,1.0,1.0,0.0,0.0,0.25822662018830694,0.3275886564044031,1,0.0,0.0,1,0.0,0.0,1,-0.8000881671905518,-0.8000881671905518,1,0.2854445369138051,0.2854445369138051
held_trial_full,mlp,3,SpoolSolder_Pose3_Exp10,SpoolSolder,0.34475696534903266,687,120,2,2,1,0,22.894401788711548,18.894401788711548,7.399900674819946,11.233211994171143,0.5714285714285714,0.6666666666666666,0.3333333333333333,5.241456016517013,0.3916451421733296,0.49065322159716174,2,0.08324706554412842,0.14984471797943116,2,0.08324706554412842,0.14984471797943116,2,-0.23336434364318848,0.08652243614196779,2,0.29496794889865574,0.4321695320166903
held_trial_full,mlp,3,SpoolSolder_Pose3_Exp9,SpoolSolder,0.6807014566322435,698,135,1,2,1,0,23.26098656654358,18.761017560958862,8.000036001205444,10.66631531715393,0.4,0.5,0.5,5.158852555832552,0.42641802211481794,0.4585495669601288,1,0.0,0.0,1,0.0,0.0,1,-6.933307647705078,-6.933307647705078,1,0.24165821410008467,0.24165821410008467
held_trial_full,mlp,4,brush_Pose1_Exp10,brush,0.5345107506872213,101,14,1,1,0,0,3.3611581325531006,2.894446849822998,0.4665377140045166,0.9001538753509521,0.6666666666666666,1.0,0.0,17.85098993674083,0.16118372117734567,0.2678106295068018,1,0.0,0.0,1,0.0,0.0,1,-0.3332350254058838,-0.3332350254058838,1,0.5420412343051155,0.5420412343051155
held_trial_full,mlp,4,brush_Pose1_Exp9,brush,0.258543771043771,90,7,1,0,0,0,2.9944820404052734,2.7610766887664795,0.86659836769104,1.066720724105835,1.0,1.0,0.0,0.0,0.3138624766261729,0.3562287933980946,1,0.0,0.0,1,0.0,0.0,1,-0.8669602870941162,-0.8669602870941162,1,0.18192879978325657,0.18192879978325657
held_trial_full,mlp,4,brush_Pose2_Exp10,brush,0.663081820613463,128,33,1,1,0,0,4.261070489883423,3.161142587661743,0.6335504055023193,1.7001092433929443,0.6666666666666666,1.0,0.0,14.080968653874937,0.20041816777741384,0.39898641607298474,1,0.0,0.0,1,0.0,0.0,1,-0.5665202140808105,-0.5665202140808105,1,0.6399481801095965,0.6399481801095965
held_trial_full,mlp,4,brush_Pose2_Exp9,brush,0.7404761904761905,107,9,1,0,0,0,3.5613017082214355,3.2613587379455566,0.8334565162658691,1.133399486541748,1.0,1.0,0.0,0.0,0.25555499509106205,0.31825427312862625,1,0.0,0.0,1,0.0,0.0,1,-0.6666707992553711,-0.6666707992553711,1,0.26464011483812394,0.26464011483812394
held_trial_full,mlp,4,brush_Pose3_Exp10,brush,0.5467302627481784,99,8,1,1,1,1,3.294581651687622,3.0277276039123535,0.16680645942687988,0.3001744747161865,0.5,0.5,0.5,18.21172043778775,0.055092954601112985,0.09111156026818296,1,0.0665886402130127,0.0665886402130127,1,0.0665886402130127,0.0665886402130127,1,0.0665886402130127,0.0665886402130127,1,0.6667683809900697,0.6667683809900697
held_trial_full,mlp,4,brush_Pose3_Exp9,brush,0.42508040019678106,330,152,2,0,1,0,10.99442172050476,5.927415609359741,0.5664048194885254,1.9668858051300049,0.8,0.6666666666666666,0.3333333333333333,0.0,0.09555679183253804,0.1788985228265106,2,0.01666700839996338,0.03000061511993408,2,0.01666700839996338,0.03000061511993408,2,-0.26654505729675293,-0.026641798019409163,2,0.6191004268551501,0.8807922049352808
held_trial_full,mlp,4,screwDriver_Pose1_Exp10,screwDriver,0.6492143986670654,671,253,2,0,2,0,22.36756706237793,13.924768209457397,11.363507509231567,19.17273187637329,0.6666666666666666,0.5,0.5,0.0,0.8160643924768329,0.8571666208892997,2,0.3165234327316284,0.5697421789169311,2,0.3165234327316284,0.5697421789169311,2,-0.03314244747161865,0.49980900287628177,2,0.33778198582718777,0.4355252038980981
held_trial_full,mlp,4,screwDriver_Pose1_Exp9,screwDriver,0.5786051835774966,688,308,1,1,3,0,22.927485466003418,12.661098003387451,10.032069444656372,20.29845690727234,0.3333333333333333,0.25,0.75,2.61694637595419,0.7923538260245921,0.885332887349144,1,0.0,0.0,1,0.0,0.0,1,-0.499222993850708,-0.499222993850708,1,0.1980208743136131,0.1980208743136131
held_trial_full,mlp,4,screwDriver_Pose2_Exp10,screwDriver,0.8338956862510063,110,23,1,0,0,0,3.6579785346984863,2.891040325164795,0.7310020923614502,1.4979403018951416,1.0,1.0,0.0,0.0,0.25285088070149336,0.4094994783829729,1,0.0,0.0,1,0.0,0.0,1,-0.7323782444000244,-0.7323782444000244,1,0.5119951766858719,0.5119951766858719
held_trial_full,mlp,4,screwDriver_Pose2_Exp9,screwDriver,,627,0,0,1,0,0,20.91916060447693,20.91916060447693,0.23494505882263184,0.23494505882263184,0.0,0.0,0.0,2.8681839168613363,0.011231093984351887,0.011231093984351887,0,,,0,,,0,,,0,,
held_trial_full,mlp,4,screwDriver_Pose3_Exp10,screwDriver,0.5943859042333135,668,268,1,0,3,0,22.261112451553345,13.32762360572815,10.69978952407837,19.566611766815186,0.4,0.25,0.75,0.0,0.8028280089992675,0.8789592977169413,1,0.0,0.0,1,0.0,0.0,1,-0.6998653411865234,-0.6998653411865234,1,0.1891011218238931,0.1891011218238931
held_trial_full,mlp,4,screwDriver_Pose3_Exp9,screwDriver,0.6993706548405689,679,240,1,0,6,0,22.62770962715149,14.627729415893555,11.83330225944519,19.833282470703125,0.25,0.14285714285714285,0.8571428571428571,0.0,0.8089637101564021,0.8765041976190436,1,0.0,0.0,1,0.0,0.0,1,-0.7335505485534668,-0.7335505485534668,1,0.02184676716079625,0.02184676716079625
held_trial_full,mlp,4,SpoolSolder_Pose1_Exp10,SpoolSolder,0.40291275726567133,688,117,1,0,2,0,22.938194274902344,19.038597345352173,16.267407655715942,20.167004585266113,0.5,0.3333333333333333,0.6666666666666666,0.0,0.8544436000526714,0.8791888473684998,1,0.0,0.0,1,0.0,0.0,1,-0.8336436748504639,-0.8336436748504639,1,0.011566141699032332,0.011566141699032332
held_trial_full,mlp,4,SpoolSolder_Pose1_Exp9,SpoolSolder,0.9813816464009258,278,179,1,0,0,0,9.260969877243042,3.2941131591796875,1.0663323402404785,7.033189058303833,1.0,1.0,0.0,0.0,0.32370847287651183,0.7594441134709304,1,0.0,0.0,1,0.0,0.0,1,-0.7999739646911621,-0.7999739646911621,1,0.8483856567197638,0.8483856567197638
held_trial_full,mlp,4,SpoolSolder_Pose2_Exp10,SpoolSolder,0.49037255132611757,367,232,1,1,0,0,12.227764129638672,4.494509220123291,0.7333526611328125,1.6667568683624268,0.6666666666666666,1.0,0.0,4.906865994786979,0.16316634925329968,0.1363092099824205,1,6.800013303756714,6.800013303756714,1,6.800013303756714,6.800013303756714,1,6.800013303756714,6.800013303756714,1,0.12070004392084727,0.12070004392084727
held_trial_full,mlp,4,SpoolSolder_Pose2_Exp9,SpoolSolder,0.19100994339154492,107,10,1,0,0,0,3.5610547065734863,3.2280662059783936,0.8335726261138916,1.1665611267089844,1.0,1.0,0.0,0.0,0.25822662018830694,0.3275886564044031,1,0.0,0.0,1,0.0,0.0,1,-0.8000881671905518,-0.8000881671905518,1,0.2854445369138051,0.2854445369138051
held_trial_full,mlp,4,SpoolSolder_Pose3_Exp10,SpoolSolder,0.3502847539385437,687,120,2,0,1,0,22.894401788711548,18.894401788711548,7.300261974334717,11.066946506500244,0.8,0.6666666666666666,0.3333333333333333,0.0,0.3863716912538747,0.483390944591397,2,0.08324706554412842,0.14984471797943116,2,0.08324706554412842,0.14984471797943116,2,-0.2500568628311157,0.08318393230438234,2,0.2953490637866239,0.4322457549942839
held_trial_full,mlp,4,SpoolSolder_Pose3_Exp9,SpoolSolder,0.6504240739004438,698,135,1,1,1,0,23.26098656654358,18.761017560958862,0.16640162467956543,2.6994946002960205,0.5,0.5,0.5,2.579426277916276,0.008869541544795653,0.11605245515161082,1,0.0,0.0,1,0.0,0.0,1,0.0,0.0,1,0.6178618817935261,0.6178618817935261
held_trial_full,tcn,0,brush_Pose1_Exp10,brush,0.9643525242264737,101,14,1,0,0,0,3.3611581325531006,2.894446849822998,0.09993791580200195,0.5666491985321045,1.0,1.0,0.0,0.0,0.03452746620934269,0.16858748567764756,1,0.0,0.0,1,0.0,0.0,1,-0.10006022453308105,-0.10006022453308105,1,0.8236335354203456,0.8236335354203456
held_trial_full,tcn,0,brush_Pose1_Exp9,brush,1.0,90,7,1,0,0,0,2.9944820404052734,2.7610766887664795,0.13316679000854492,0.36657214164733887,1.0,1.0,0.0,0.0,0.0482300222048659,0.12241587583464918,1,0.0,0.0,1,0.0,0.0,1,-0.13327741622924805,-0.13327741622924805,1,0.6367241945607035,0.6367241945607035
held_trial_full,tcn,0,brush_Pose2_Exp10,brush,1.0,128,33,1,0,0,0,4.261070489883423,3.161142587661743,0.0,0.06668376922607422,1.0,1.0,0.0,0.0,0.0,0.015649534403243022,1,1.0333971977233887,1.0333971977233887,1,1.0333971977233887,1.0333971977233887,1,1.0333971977233887,1.0333971977233887,1,0.0606255819962232,0.0606255819962232
held_trial_full,tcn,0,brush_Pose2_Exp9,brush,0.8207282913165266,107,9,1,0,0,0,3.5613017082214355,3.2613587379455566,0.266737699508667,0.4998948574066162,1.0,1.0,0.0,0.0,0.08178729202807489,0.14036857822312135,1,0.06672525405883789,0.06672525405883789,1,0.06672525405883789,0.06672525405883789,1,0.06672525405883789,0.06672525405883789,1,0.4114436407132017,0.4114436407132017
held_trial_full,tcn,0,brush_Pose3_Exp10,brush,1.0,99,8,2,0,0,1,3.294581651687622,3.0277276039123535,0.03319907188415527,0.30005311965942383,1.0,1.0,0.0,0.0,0.010965012784259808,0.09107472552872506,2,0.0,0.0,1,0.0,0.0,1,-0.03341364860534668,-0.03341364860534668,2,0.9288247369142035,0.9857649473828407
held_trial_full,tcn,0,brush_Pose3_Exp9,brush,0.6357684396412575,330,152,2,1,1,0,10.99442172050476,5.927415609359741,0.1329801082611084,1.0332133769989014,0.6666666666666666,0.6666666666666666,0.3333333333333333,5.457312946991937,0.022434753529198274,0.09397614565502277,2,0.016738176345825195,0.03012871742248535,2,0.016738176345825195,0.03012871742248535,2,0.016738176345825195,0.03012871742248535,2,0.37980554040898706,0.4457873929007542
held_trial_full,tcn,0,screwDriver_Pose1_Exp10,screwDriver,0.7132173929965449,671,253,3,12,1,0,22.36756706237793,13.924768209457397,6.135990619659424,11.071121454238892,0.3157894736842105,0.75,0.25,32.18946423596665,0.44065298088710686,0.49496315014342485,3,0.0332338809967041,0.16682534217834474,3,0.0332338809967041,0.16682534217834474,3,0.0332338809967041,0.16682534217834474,3,0.47514113679181114,0.49672488916728874
held_trial_full,tcn,0,screwDriver_Pose1_Exp9,screwDriver,0.6549189664733743,688,308,1,0,3,0,22.927485466003418,12.661098003387451,9.500089168548584,19.699317693710327,0.4,0.25,0.75,0.0,0.750336911222617,0.8592009674554247,1,0.06620168685913086,0.06620168685913086,1,0.06620168685913086,0.06620168685913086,1,0.06620168685913086,0.06620168685913086,1,0.19896206830885815,0.19896206830885815
held_trial_full,tcn,0,screwDriver_Pose2_Exp10,screwDriver,0.9999999999999998,110,23,1,0,0,0,3.6579785346984863,2.891040325164795,0.03307342529296875,0.8000116348266602,1.0,1.0,0.0,0.0,0.011439973702574869,0.21870320649451327,1,0.0,0.0,1,0.0,0.0,1,-0.03377056121826172,-0.03377056121826172,1,0.9586588196306235,0.9586588196306235
held_trial_full,tcn,0,screwDriver_Pose2_Exp9,screwDriver,,627,0,0,0,0,0,20.91916060447693,20.91916060447693,0.0,0.0,0.0,0.0,0.0,0.0,0.0,0.0,0,,,0,,,0,,,0,,
held_trial_full,tcn,0,screwDriver_Pose3_Exp10,screwDriver,0.6511394909067247,668,268,1,0,3,0,22.261112451553345,13.32762360572815,10.233080625534058,18.766682386398315,0.4,0.25,0.75,0.0,0.7678098457954596,0.8430253621529505,1,0.399991512298584,0.399991512298584,1,0.399991512298584,0.399991512298584,1,0.399991512298584,0.399991512298584,1,0.1721842375271113,0.1721842375271113
held_trial_full,tcn,0,screwDriver_Pose3_Exp9,screwDriver,0.36183971196676185,679,240,1,0,6,0,22.62770962715149,14.627729415893555,11.333380222320557,19.33336043357849,0.25,0.14285714285714285,0.8571428571428571,0.0,0.7747873849789996,0.8544108419342612,1,0.0,0.0,1,0.0,0.0,1,-0.13346362113952637,-0.13346362113952637,1,0.022411680869467602,0.022411680869467602
held_trial_full,tcn,0,SpoolSolder_Pose1_Exp10,SpoolSolder,0.17835879194030163,688,117,1,0,2,0,22.938194274902344,19.038597345352173,15.70033597946167,19.59993290901184,0.5,0.3333333333333333,0.6666666666666666,0.0,0.8246582295252196,0.8544671247490899,1,0.0,0.0,1,0.0,0.0,1,-0.30015015602111816,-0.30015015602111816,1,0.011900777097608062,0.011900777097608062
held_trial_full,tcn,0,SpoolSolder_Pose1_Exp9,SpoolSolder,0.9832411868691353,278,179,1,1,0,0,9.260969877243042,3.2941131591796875,0.2665824890136719,5.633343935012817,0.6666666666666666,1.0,0.0,6.478803062240581,0.0809269372762098,0.6082887656135908,1,0.6001074314117432,0.6001074314117432,1,0.6001074314117432,0.6001074314117432,1,0.6001074314117432,0.6001074314117432,1,0.8655963927544071,0.8655963927544071
held_trial_full,tcn,0,SpoolSolder_Pose2_Exp10,SpoolSolder,0.8524517732592815,367,232,1,0,0,0,12.227764129638672,4.494509220123291,0.0,1.3332931995391846,1.0,1.0,0.0,0.0,0.0,0.10903818436499259,1,6.40034031867981,6.40034031867981,1,6.40034031867981,6.40034031867981,1,6.40034031867981,6.40034031867981,1,0.17241035180395184,0.17241035180395184
held_trial_full,tcn,0,SpoolSolder_Pose2_Exp9,SpoolSolder,0.7435497835497835,107,10,1,0,0,0,3.5610547065734863,3.2280662059783936,0.800257682800293,1.1332461833953857,1.0,1.0,0.0,0.0,0.24790621744938565,0.31823329793375077,1,0.0,0.0,1,0.0,0.0,1,-0.7334487438201904,-0.7334487438201904,1,0.2938359779844184,0.2938359779844184
held_trial_full,tcn,0,SpoolSolder_Pose3_Exp10,SpoolSolder,0.547504944572997,687,120,2,1,1,0,22.894401788711548,18.894401788711548,7.466629266738892,11.33342432975769,0.6666666666666666,0.6666666666666666,0.3333333333333333,2.6207280082585065,0.3951768015857388,0.4950303761745728,2,0.06654965877532959,0.11978938579559327,2,0.06654965877532959,0.11978938579559327,2,-0.06651365756988525,0.09317672252655029,2,0.36855109120153856,0.5661204860478419
held_trial_full,tcn,0,SpoolSolder_Pose3_Exp9,SpoolSolder,0.7223763310964726,698,135,2,3,0,0,23.26098656654358,18.761017560958862,6.33341383934021,9.266887903213501,0.5714285714285714,1.0,0.0,7.738278833748828,0.33758370614821354,0.3983875695342227,2,0.13331818580627441,0.23997273445129394,2,0.13331818580627441,0.23997273445129394,2,-2.6334807872772217,-0.3133870601654052,2,0.24545657362079826,0.2816148303161075
held_trial_full,tcn,1,brush_Pose1_Exp10,brush,0.9374776226279984,101,14,1,2,0,0,3.3611581325531006,2.894446849822998,0.1990680694580078,0.5990955829620361,0.5,1.0,0.0,35.70197987348166,0.06877585935640217,0.17824082037668648,1,0.0668187141418457,0.0668187141418457,1,0.0668187141418457,0.0668187141418457,1,0.0668187141418457,0.0668187141418457,1,0.8571198689776754,0.8571198689776754
held_trial_full,tcn,1,brush_Pose1_Exp9,brush,0.7440836940836941,90,7,1,0,0,0,2.9944820404052734,2.7610766887664795,0.7665855884552002,0.9999909400939941,1.0,1.0,0.0,0.0,0.2776400929297168,0.3339445441985871,1,0.0,0.0,1,0.0,0.0,1,-0.7666528224945068,-0.7666528224945068,1,0.2334074662884996,0.2334074662884996
held_trial_full,tcn,1,brush_Pose2_Exp10,brush,0.978283843322021,128,33,1,0,0,0,4.261070489883423,3.161142587661743,0.3334057331085205,1.4333336353302002,1.0,1.0,0.0,0.0,0.10547000771488023,0.3363787664938193,1,0.0,0.0,1,0.0,0.0,1,-0.33313727378845215,-0.33313727378845215,1,0.7673913980036385,0.7673913980036385
held_trial_full,tcn,1,brush_Pose2_Exp9,brush,0.9071969696969697,107,9,1,1,0,0,3.5613017082214355,3.2613587379455566,0.3666870594024658,0.6666300296783447,0.6666666666666666,1.0,0.0,16.847772223703238,0.11243383168374012,0.18718718162502138,1,0.0,0.0,1,0.0,0.0,1,-0.03321552276611328,-0.03321552276611328,1,0.49988337861104126,0.49988337861104126
held_trial_full,tcn,1,brush_Pose3_Exp10,brush,1.0,99,8,2,0,0,1,3.294581651687622,3.0277276039123535,0.06658315658569336,0.3334372043609619,1.0,1.0,0.0,0.0,0.02199113173181639,0.1012077524896557,2,0.0,0.0,1,0.0,0.0,1,-0.06661272048950195,-0.06661272048950195,2,0.8751275463437013,0.9750255092687402
held_trial_full,tcn,1,brush_Pose3_Exp9,brush,0.878705847595404,330,152,3,0,0,0,10.99442172050476,5.927415609359741,0.1329801082611084,2.7997422218322754,1.0,1.0,0.0,0.0,0.022434753529198274,0.2546511579240875,3,0.10012698173522949,0.5001145839691162,3,0.10012698173522949,0.5001145839691162,3,0.10012698173522949,0.5001145839691162,3,0.36107120393093706,0.8290067958986317
held_trial_full,tcn,1,screwDriver_Pose1_Exp10,screwDriver,0.7206805184584073,671,253,4,3,0,0,22.36756706237793,13.924768209457397,8.833349704742432,16.173718214035034,0.7272727272727273,1.0,0.0,8.047366058991663,0.6343624232641096,0.7230879500184488,4,0.11672854423522949,1.2034916639328006,4,0.11672854423522949,1.2034916639328006,4,0.11672854423522949,1.2034916639328006,4,0.5090151843713209,0.7175762529037277
held_trial_full,tcn,1,screwDriver_Pose1_Exp9,screwDriver,0.9142237412319552,688,308,2,0,2,0,22.927485466003418,12.661098003387451,9.699028015136719,19.932280778884888,0.6666666666666666,0.5,0.5,0.0,0.766049517391127,0.8693618324800694,2,0.06655633449554443,0.11980140209197998,2,0.06655633449554443,0.11980140209197998,2,-0.03326141834259033,0.09983785152435304,2,0.49635766839368545,0.7198372006905653
held_trial_full,tcn,1,screwDriver_Pose2_Exp10,screwDriver,0.9392381285432605,110,23,1,0,0,0,3.6579785346984863,2.891040325164795,0.6986076831817627,1.465545892715454,1.0,1.0,0.0,0.0,0.24164577612453078,0.4006436557278086,1,0.0,0.0,1,0.0,0.0,1,-0.6991360187530518,-0.6991360187530518,1,0.5233123120509456,0.5233123120509456
held_trial_full,tcn,1,screwDriver_Pose2_Exp9,screwDriver,,627,0,0,1,0,0,20.91916060447693,20.91916060447693,18.651702404022217,18.651702404022217,0.0,0.0,0.0,2.8681839168613363,0.8916085476216741,0.8916085476216741,0,,,0,,,0,,,0,,
held_trial_full,tcn,1,screwDriver_Pose3_Exp10,screwDriver,0.7755089656189832,668,268,2,1,2,0,22.261112451553345,13.32762360572815,10.365553855895996,18.999080896377563,0.5714285714285714,0.5,0.5,2.695283092009775,0.7777495945669511,0.8534650250622061,2,0.16663694381713867,0.2999464988708496,2,0.16663694381713867,0.2999464988708496,2,0.11662805080413818,0.2899447202682495,2,0.4058722806279256,0.5648876311836784
held_trial_full,tcn,1,screwDriver_Pose3_Exp9,screwDriver,0.604141903287509,679,240,1,1,6,0,22.62770962715149,14.627729415893555,11.466494083404541,19.466474294662476,0.2222222222222222,0.14285714285714285,0.8571428571428571,2.651616137410773,0.7838874891236217,0.860293622970317,1,0.0,0.0,1,0.0,0.0,1,-0.13346362113952637,-0.13346362113952637,1,0.022411680869467602,0.022411680869467602
held_trial_full,tcn,1,SpoolSolder_Pose1_Exp10,SpoolSolder,0.31558377912369406,688,117,2,1,1,0,22.938194274902344,19.038597345352173,16.210472106933594,20.110069036483765,0.6666666666666666,0.6666666666666666,0.3333333333333333,2.615724641657977,0.8514530673075557,0.876706718736228,2,0.0,0.0,2,0.0,0.0,2,-3.1667468547821045,-1.2467923641204832,2,0.03677367096767601,0.051264284756957886
held_trial_full,tcn,1,SpoolSolder_Pose1_Exp9,SpoolSolder,0.9618944903886562,278,179,1,1,0,0,9.260969877243042,3.2941131591796875,0.6332192420959473,6.600075960159302,0.6666666666666666,1.0,0.0,6.478803062240581,0.19222753181121255,0.7126765390283422,1,0.0,0.0,1,0.0,0.0,1,-0.2332158088684082,-0.2332158088684082,1,0.9227243236754223,0.9227243236754223
held_trial_full,tcn,1,SpoolSolder_Pose2_Exp10,SpoolSolder,0.796992944251646,367,232,1,1,0,0,12.227764129638672,4.494509220123291,1.5334737300872803,9.133363246917725,0.6666666666666666,1.0,0.0,4.906865994786979,0.34118824881289594,0.7469364922389629,1,0.0,0.0,1,0.0,0.0,1,-1.433103084564209,-1.433103084564209,1,0.829082881636305,0.829082881636305
held_trial_full,tcn,1,SpoolSolder_Pose2_Exp9,SpoolSolder,0.6289285714285714,107,10,1,0,0,0,3.5610547065734863,3.2280662059783936,0.9003946781158447,1.2333831787109375,1.0,1.0,0.0,0.0,0.27892695523044403,0.3463533363961493,1,0.0,0.0,1,0.0,0.0,1,-0.6999680995941162,-0.6999680995941162,1,0.26997976487981096,0.26997976487981096
held_trial_full,tcn,1,SpoolSolder_Pose3_Exp10,SpoolSolder,0.6428110395503647,687,120,2,4,1,0,22.894401788711548,18.894401788711548,14.300497770309448,18.266908407211304,0.4444444444444444,0.6666666666666666,0.3333333333333333,10.482912033034026,0.7568642781193143,0.7978766414511907,2,0.016608119010925293,0.02989461421966553,2,0.016608119010925293,0.02989461421966553,2,-0.08335578441619873,0.009901833534240727,2,0.3290065313083521,0.5285895850421161
held_trial_full,tcn,1,SpoolSolder_Pose3_Exp9,SpoolSolder,0.6397716299703343,698,135,2,2,0,0,23.26098656654358,18.761017560958862,7.666707992553711,10.433211088180542,0.6666666666666666,1.0,0.0,5.158852555832552,0.4086509682986444,0.44852831406500593,2,0.11666202545166016,0.2099916458129883,2,0.11666202545166016,0.2099916458129883,2,-3.349991798400879,-0.48333911895751935,2,0.2429318699308079,0.24878147556342337
held_trial_full,tcn,2,brush_Pose1_Exp10,brush,0.4228569170649916,101,14,1,1,0,0,3.3611581325531006,2.894446849822998,0.06665396690368652,0.13347268104553223,0.6666666666666666,1.0,0.0,17.85098993674083,0.023028222787287514,0.03971032476956024,1,0.03341412544250488,0.03341412544250488,1,0.03341412544250488,0.03341412544250488,1,0.03341412544250488,0.03341412544250488,1,0.14316927105549904,0.14316927105549904
held_trial_full,tcn,2,brush_Pose1_Exp9,brush,0.982142857142857,90,7,1,0,0,0,2.9944820404052734,2.7610766887664795,0.16655898094177246,0.3999643325805664,1.0,1.0,0.0,0.0,0.0603239242210919,0.13356711684483344,1,0.0,0.0,1,0.0,0.0,1,-0.1667468547821045,-0.1667468547821045,1,0.5835654147780245,0.5835654147780245
held_trial_full,tcn,2,brush_Pose2_Exp10,brush,1.0,128,33,1,0,0,0,4.261070489883423,3.161142587661743,0.0,0.9001426696777344,1.0,1.0,0.0,0.0,0.0,0.21124801192912465,1,0.19996404647827148,0.19996404647827148,1,0.19996404647827148,0.19996404647827148,1,0.19996404647827148,0.19996404647827148,1,0.8183651563521473,0.8183651563521473
held_trial_full,tcn,2,brush_Pose2_Exp9,brush,0.39328536387359914,107,9,1,0,0,0,3.5613017082214355,3.2613587379455566,0.266737699508667,0.5666806697845459,1.0,1.0,0.0,0.0,0.08178729202807489,0.15912178080176034,1,0.0,0.0,1,0.0,0.0,1,0.0,0.0,1,0.5292980443287723,0.5292980443287723
held_trial_full,tcn,2,brush_Pose3_Exp10,brush,1.0,99,8,2,0,0,1,3.294581651687622,3.0277276039123535,0.06658315658569336,0.3334372043609619,1.0,1.0,0.0,0.0,0.02199113173181639,0.1012077524896557,2,0.0,0.0,1,0.0,0.0,1,-0.06661272048950195,-0.06661272048950195,2,0.8751275463437013,0.9750255092687402
held_trial_full,tcn,2,brush_Pose3_Exp9,brush,0.4832050658526013,330,152,3,2,0,0,10.99442172050476,5.927415609359741,3.065976142883301,6.439709186553955,0.75,1.0,0.0,10.914625893983875,0.5172534448304826,0.5857251386440636,3,0.0,0.7200904846191407,3,0.0,0.7200904846191407,3,-0.13252520561218262,0.6935854434967041,3,0.35048412334431106,0.5160104537725672
held_trial_full,tcn,2,screwDriver_Pose1_Exp10,screwDriver,0.680705129414956,671,253,3,3,1,0,22.36756706237793,13.924768209457397,7.3314783573150635,12.533581018447876,0.6,0.75,0.25,8.047366058991663,0.5265063121363618,0.5603461915859977,3,0.0332338809967041,0.1930492877960205,3,0.0332338809967041,0.1930492877960205,3,0.0332338809967041,0.1930492877960205,3,0.44917947423180593,0.4497554592542731
held_trial_full,tcn,2,screwDriver_Pose1_Exp9,screwDriver,0.6588757620253618,688,308,1,0,3,0,22.927485466003418,12.661098003387451,9.866784811019897,20.133172273635864,0.4,0.25,0.75,0.0,0.7792992999801486,0.8781238702992125,1,0.0,0.0,1,0.0,0.0,1,-0.36712193489074707,-0.36712193489074707,1,0.19867400709660157,0.19867400709660157
held_trial_full,tcn,2,screwDriver_Pose2_Exp10,screwDriver,0.9965217391304346,110,23,1,0,0,0,3.6579785346984863,2.891040325164795,0.4985971450805664,1.2655353546142578,1.0,1.0,0.0,0.0,0.17246288152419506,0.34596576841820403,1,0.0,0.0,1,0.0,0.0,1,-0.4994032382965088,-0.4994032382965088,1,0.6060187941311671,0.6060187941311671
held_trial_full,tcn,2,screwDriver_Pose2_Exp9,screwDriver,,627,0,0,1,0,0,20.91916060447693,20.91916060447693,18.48413062095642,18.48413062095642,0.0,0.0,0.0,2.8681839168613363,0.8835981027365226,0.8835981027365226,0,,,0,,,0,,,0,,
held_trial_full,tcn,2,screwDriver_Pose3_Exp10,screwDriver,0.6846454687121579,668,268,1,0,3,0,22.261112451553345,13.32762360572815,10.83301043510437,19.766499280929565,0.4,0.25,0.75,0.0,0.8128238578442741,0.8879385216685473,1,0.0,0.0,1,0.0,0.0,1,-0.5999269485473633,-0.5999269485473633,1,0.18718884830391347,0.18718884830391347
held_trial_full,tcn,2,screwDriver_Pose3_Exp9,screwDriver,0.3831233757308513,679,240,1,0,6,0,22.62770962715149,14.627729415893555,11.866610527038574,19.86659073829651,0.25,0.14285714285714285,0.8571428571428571,0.0,0.8112407735779604,0.8779762099500406,1,0.0,0.0,1,0.0,0.0,1,-0.6667001247406006,-0.6667001247406006,1,0.02181013893523768,0.02181013893523768
held_trial_full,tcn,2,SpoolSolder_Pose1_Exp10,SpoolSolder,0.2158041058323043,688,117,1,0,2,0,22.938194274902344,19.038597345352173,16.177441835403442,20.077038764953613,0.5,0.3333333333333333,0.6666666666666666,0.0,0.8497181563300821,0.8752667504835269,1,0.0,0.0,1,0.0,0.0,1,-0.5000958442687988,-0.5000958442687988,1,0.011617969931172844,0.011617969931172844
held_trial_full,tcn,2,SpoolSolder_Pose1_Exp9,SpoolSolder,0.9901245379162789,278,179,1,1,0,0,9.260969877243042,3.2941131591796875,0.7995936870574951,6.76645040512085,0.6666666666666666,1.0,0.0,6.478803062240581,0.24273412855574547,0.7306416600865997,1,0.0,0.0,1,0.0,0.0,1,-0.3999953269958496,-0.3999953269958496,1,0.8995388943254687,0.8995388943254687
held_trial_full,tcn,2,SpoolSolder_Pose2_Exp10,SpoolSolder,0.8216430976707365,367,232,1,0,0,0,12.227764129638672,4.494509220123291,0.0,1.9332349300384521,1.0,1.0,0.0,0.0,0.0,0.15810207896900108,1,5.799932241439819,5.799932241439819,1,5.799932241439819,5.799932241439819,1,5.799932241439819,5.799932241439819,1,0.2499898105854113,0.2499898105854113
held_trial_full,tcn,2,SpoolSolder_Pose2_Exp9,SpoolSolder,0.5641666666666667,107,10,1,0,0,0,3.5610547065734863,3.2280662059783936,0.9003946781158447,1.2333831787109375,1.0,1.0,0.0,0.0,0.27892695523044403,0.3463533363961493,1,0.0,0.0,1,0.0,0.0,1,-0.6999680995941162,-0.6999680995941162,1,0.26997976487981096,0.26997976487981096
held_trial_full,tcn,2,SpoolSolder_Pose3_Exp10,SpoolSolder,0.30789444220831774,687,120,1,0,2,0,22.894401788711548,18.894401788711548,15.600178718566895,19.600178718566895,0.5,0.3333333333333333,0.6666666666666666,0.0,0.8256508405514703,0.856112288910343,1,0.0,0.0,1,0.0,0.0,1,-0.3331599235534668,-0.3331599235534668,1,0.06803044256361472,0.06803044256361472
held_trial_full,tcn,2,SpoolSolder_Pose3_Exp9,SpoolSolder,0.6749295894350906,698,135,2,2,0,0,23.26098656654358,18.761017560958862,0.7667686939239502,3.4666287899017334,0.6666666666666666,1.0,0.0,5.158852555832552,0.040870314812751614,0.14903188994089386,2,0.16670799255371094,0.3000743865966797,2,0.16670799255371094,0.3000743865966797,2,0.09996294975280762,0.28672537803649906,2,0.3610166916864393,0.569794343163388
held_trial_full,tcn,3,brush_Pose1_Exp10,brush,0.8687073421565901,101,14,0,0,1,0,3.3611581325531006,2.894446849822998,0.0,0.0,0.0,0.0,1.0,0.0,0.0,0.0,0,,,0,,,0,,,0,,
held_trial_full,tcn,3,brush_Pose1_Exp9,brush,0.666156462585034,90,7,1,0,0,0,2.9944820404052734,2.7610766887664795,0.2001025676727295,0.43350791931152344,1.0,1.0,0.0,0.0,0.0724726583969408,0.14476891611373713,1,0.0,0.0,1,0.0,0.0,1,-0.20013904571533203,-0.20013904571533203,1,0.5384108138312148,0.5384108138312148
held_trial_full,tcn,3,brush_Pose2_Exp10,brush,1.0,128,33,1,0,0,0,4.261070489883423,3.161142587661743,0.0,0.06668376922607422,1.0,1.0,0.0,0.0,0.0,0.015649534403243022,1,1.0333971977233887,1.0333971977233887,1,1.0333971977233887,1.0333971977233887,1,1.0333971977233887,1.0333971977233887,1,0.0606255819962232,0.0606255819962232
held_trial_full,tcn,3,brush_Pose2_Exp9,brush,0.8108326371484267,107,9,1,0,0,0,3.5613017082214355,3.2613587379455566,0.266737699508667,0.4667398929595947,1.0,1.0,0.0,0.0,0.08178729202807489,0.13105879007164806,1,0.100128173828125,0.100128173828125,1,0.100128173828125,0.100128173828125,1,0.100128173828125,0.100128173828125,1,0.3529363257210967,0.3529363257210967
held_trial_full,tcn,3,brush_Pose3_Exp10,brush,1.0,99,8,2,0,0,1,3.294581651687622,3.0277276039123535,0.0,0.20020055770874023,1.0,1.0,0.0,0.0,0.0,0.06076660980801285,2,0.03329432010650635,0.05992977619171143,1,0.0665886402130127,0.0665886402130127,1,0.0665886402130127,0.0665886402130127,2,0.8333841904950349,0.966676838099007
held_trial_full,tcn,3,brush_Pose3_Exp9,brush,0.8952313973971492,330,152,2,0,1,0,10.99442172050476,5.927415609359741,0.1329801082611084,0.8332808017730713,0.8,0.6666666666666666,0.3333333333333333,0.0,0.022434753529198274,0.07579123513326673,2,0.5835323333740234,0.9434707641601563,2,0.5835323333740234,0.9434707641601563,2,0.5835323333740234,0.9434707641601563,2,0.1463315160755889,0.15885677717401903
held_trial_full,tcn,3,screwDriver_Pose1_Exp10,screwDriver,0.7370229712296801,671,253,2,1,2,0,22.36756706237793,13.924768209457397,0.13309669494628906,4.566039562225342,0.5714285714285714,0.5,0.5,2.682455352997221,0.009558270051195014,0.2041366210948076,2,0.18361520767211914,0.27640180587768554,2,0.18361520767211914,0.27640180587768554,2,0.18361520767211914,0.27640180587768554,2,0.6243305869037761,0.9042368515441371
held_trial_full,tcn,3,screwDriver_Pose1_Exp9,screwDriver,0.580704954686005,688,308,2,0,2,0,22.927485466003418,12.661098003387451,9.467000007629395,19.0015070438385,0.6666666666666666,0.5,0.5,0.0,0.7477234600898373,0.8287654166006863,2,0.4495152235031128,0.7292949438095093,2,0.4495152235031128,0.7292949438095093,2,0.4495152235031128,0.7292949438095093,2,0.2942245071222774,0.35909554419852757
held_trial_full,tcn,3,screwDriver_Pose2_Exp10,screwDriver,0.9999999999999998,110,23,1,0,0,0,3.6579785346984863,2.891040325164795,0.0,0.7331676483154297,1.0,1.0,0.0,0.0,0.0,0.20042972952433194,1,0.033135414123535156,0.033135414123535156,1,0.033135414123535156,0.033135414123535156,1,0.033135414123535156,0.033135414123535156,1,0.955967037763323,0.955967037763323
held_trial_full,tcn,3,screwDriver_Pose2_Exp9,screwDriver,,627,0,0,0,0,0,20.91916060447693,20.91916060447693,0.0,0.0,0.0,0.0,0.0,0.0,0.0,0.0,0,,,0,,,0,,,0,,
held_trial_full,tcn,3,screwDriver_Pose3_Exp10,screwDriver,0.4100349573042517,668,268,2,0,2,0,22.261112451553345,13.32762360572815,10.066389799118042,18.766521692276,0.6666666666666666,0.5,0.5,0.0,0.7553026778751131,0.8430181435504362,2,0.3333219289779663,0.5999794721603393,2,0.3333219289779663,0.5999794721603393,2,0.3333219289779663,0.5999794721603393,2,0.31228556301456345,0.39917569349284177
held_trial_full,tcn,3,screwDriver_Pose3_Exp9,screwDriver,0.35668219961644443,679,240,1,0,6,0,22.62770962715149,14.627729415893555,11.266758680343628,19.266738891601562,0.25,0.14285714285714285,0.8571428571428571,0.0,0.7702329158551353,0.8514665960041743,1,0.0,0.0,1,0.0,0.0,1,-0.13346362113952637,-0.13346362113952637,1,0.02248917715704482,0.02248917715704482
held_trial_full,tcn,3,SpoolSolder_Pose1_Exp10,SpoolSolder,0.5347159154711492,688,117,2,9,1,0,22.938194274902344,19.038597345352173,2.4669435024261475,4.400174617767334,0.2857142857142857,0.6666666666666666,0.3333333333333333,23.541521774921797,0.12957590612779013,0.1918274195881998,2,0.06672441959381104,0.09341175556182861,2,0.06672441959381104,0.09341175556182861,2,0.06672441959381104,0.09341175556182861,2,0.6565018817935908,0.7856978770889946
held_trial_full,tcn,3,SpoolSolder_Pose1_Exp9,SpoolSolder,0.9915647969824394,278,179,1,0,0,0,9.260969877243042,3.2941131591796875,0.0,2.8001558780670166,1.0,1.0,0.0,0.0,0.0,0.3023609746261925,1,3.1000750064849854,3.1000750064849854,1,3.1000750064849854,3.1000750064849854,1,3.1000750064849854,3.1000750064849854,1,0.4692849200803091,0.4692849200803091
held_trial_full,tcn,3,SpoolSolder_Pose2_Exp10,SpoolSolder,0.9782182129892247,367,232,1,0,0,0,12.227764129638672,4.494509220123291,1.1333107948303223,8.866565704345703,1.0,1.0,0.0,0.0,0.2521545155044167,0.7251174957533065,1,0.0,0.0,1,0.0,0.0,1,-1.1333138942718506,-1.1333138942718506,1,0.8721815376301941,0.8721815376301941
held_trial_full,tcn,3,SpoolSolder_Pose2_Exp9,SpoolSolder,0.6784280303030302,107,10,0,0,1,0,3.5610547065734863,3.2280662059783936,0.0,0.0,0.0,0.0,1.0,0.0,0.0,0.0,0,,,0,,,0,,,0,,
held_trial_full,tcn,3,SpoolSolder_Pose3_Exp10,SpoolSolder,0.4379530597540849,687,120,2,3,1,0,22.894401788711548,18.894401788711548,0.7992544174194336,1.96592378616333,0.5,0.6666666666666666,0.3333333333333333,7.862184024775519,0.04230112317696916,0.0858691921416641,2,0.08324706554412842,0.14984471797943116,2,0.08324706554412842,0.14984471797943116,2,0.03331327438354492,0.13985795974731446,2,0.2681610852376478,0.4268081592844887
held_trial_full,tcn,3,SpoolSolder_Pose3_Exp9,SpoolSolder,0.7007024094368066,698,135,2,0,0,0,23.26098656654358,18.761017560958862,0.16643428802490234,2.799468994140625,1.0,1.0,0.0,0.0,0.008871282566850068,0.1203503981283029,2,0.16670799255371094,0.3000743865966797,2,0.16670799255371094,0.3000743865966797,2,0.16670799255371094,0.3000743865966797,2,0.3718441975634966,0.5751442488870595
held_trial_full,tcn,4,brush_Pose1_Exp10,brush,0.9815476190476189,101,14,1,0,0,0,3.3611581325531006,2.894446849822998,0.0,0.09995365142822266,1.0,1.0,0.0,0.0,0.0,0.029737860429761724,1,0.2333672046661377,0.2333672046661377,1,0.2333672046661377,0.2333672046661377,1,0.2333672046661377,0.2333672046661377,1,0.2141659204027118,0.2141659204027118
held_trial_full,tcn,4,brush_Pose1_Exp9,brush,1.0,90,7,1,0,0,0,2.9944820404052734,2.7610766887664795,0.16655898094177246,0.3999643325805664,1.0,1.0,0.0,0.0,0.0603239242210919,0.13356711684483344,1,0.0,0.0,1,0.0,0.0,1,-0.1667468547821045,-0.1667468547821045,1,0.5835654147780245,0.5835654147780245
held_trial_full,tcn,4,brush_Pose2_Exp10,brush,1.0,128,33,1,0,0,0,4.261070489883423,3.161142587661743,0.0,0.06668376922607422,1.0,1.0,0.0,0.0,0.0,0.015649534403243022,1,1.0333971977233887,1.0333971977233887,1,1.0333971977233887,1.0333971977233887,1,1.0333971977233887,1.0333971977233887,1,0.0606255819962232,0.0606255819962232
held_trial_full,tcn,4,brush_Pose2_Exp9,brush,0.4533280989163342,107,9,1,0,0,0,3.5613017082214355,3.2613587379455566,0.266737699508667,0.4667398929595947,1.0,1.0,0.0,0.0,0.08178729202807489,0.13105879007164806,1,0.100128173828125,0.100128173828125,1,0.100128173828125,0.100128173828125,1,0.100128173828125,0.100128173828125,1,0.3529363257210967,0.3529363257210967
held_trial_full,tcn,4,brush_Pose3_Exp10,brush,1.0,99,8,2,0,0,1,3.294581651687622,3.0277276039123535,0.0,0.26685404777526855,1.0,1.0,0.0,0.0,0.0,0.0809978552629208,2,0.0,0.0,1,0.0,0.0,1,0.0,0.0,2,1.0,1.0
held_trial_full,tcn,4,brush_Pose3_Exp9,brush,0.7092010521003876,330,152,2,0,1,0,10.99442172050476,5.927415609359741,0.1329801082611084,0.5329642295837402,0.8,0.6666666666666666,0.3333333333333333,0.0,0.022434753529198274,0.04847587650651548,2,0.5667911767959595,0.9401225328445435,2,0.5667911767959595,0.9401225328445435,2,0.5667911767959595,0.9401225328445435,2,0.23491760186202448,0.2932612093927428
held_trial_full,tcn,4,screwDriver_Pose1_Exp10,screwDriver,0.7994522446249333,671,253,2,1,2,0,22.36756706237793,13.924768209457397,2.834122896194458,7.3336875438690186,0.5714285714285714,0.5,0.5,2.682455352997221,0.20353106447183686,0.32787149015434147,2,0.2826653718948364,0.5087976694107056,2,0.2826653718948364,0.5087976694107056,2,0.26626360416412354,0.5055173158645629,2,0.4169639356738433,0.5502981535218486
held_trial_full,tcn,4,screwDriver_Pose1_Exp9,screwDriver,0.9120045242305865,688,308,3,4,1,0,22.927485466003418,12.661098003387451,1.9596903324127197,11.093486785888672,0.5454545454545454,0.75,0.25,10.46778550381676,0.15478044099243277,0.48385100068378417,3,0.09752559661865234,0.3118011474609375,3,0.09752559661865234,0.3118011474609375,3,0.09752559661865234,0.3118011474609375,3,0.7183618835613117,0.8386572137903503
held_trial_full,tcn,4,screwDriver_Pose2_Exp10,screwDriver,0.9999999999999998,110,23,1,0,0,0,3.6579785346984863,2.891040325164795,0.0,0.7000322341918945,1.0,1.0,0.0,0.0,0.0,0.19137133461872421,1,0.06632828712463379,0.06632828712463379,1,0.06632828712463379,0.06632828712463379,1,0.06632828712463379,0.06632828712463379,1,0.912762234936141,0.912762234936141
held_trial_full,tcn,4,screwDriver_Pose2_Exp9,screwDriver,,627,0,0,0,0,0,20.91916060447693,20.91916060447693,0.0,0.0,0.0,0.0,0.0,0.0,0.0,0.0,0,,,0,,,0,,,0,,
held_trial_full,tcn,4,screwDriver_Pose3_Exp10,screwDriver,0.8463478406400724,668,268,2,1,2,0,22.261112451553345,13.32762360572815,7.899840593338013,16.26647162437439,0.5714285714285714,0.5,0.5,2.695283092009775,0.5927418740984476,0.7307124322638845,2,0.28337061405181885,0.5100671052932739,2,0.28337061405181885,0.5100671052932739,2,0.28337061405181885,0.5100671052932739,2,0.34124859743735225,0.421619990733285
held_trial_full,tcn,4,screwDriver_Pose3_Exp9,screwDriver,0.3858577095948286,679,240,1,0,6,0,22.62770962715149,14.627729415893555,11.199811935424805,19.19979214668274,0.25,0.14285714285714285,0.8571428571428571,0.0,0.7656562147817559,0.8485079781846098,1,0.0,0.0,1,0.0,0.0,1,-0.06661391258239746,-0.06661391258239746,1,0.022567593485464662,0.022567593485464662
held_trial_full,tcn,4,SpoolSolder_Pose1_Exp10,SpoolSolder,0.19860348543580714,688,117,2,0,1,0,22.938194274902344,19.038597345352173,7.1337807178497314,9.400050163269043,0.8,0.6666666666666666,0.3333333333333333,0.0,0.37470096081375853,0.40979904741473216,2,0.033240556716918945,0.059833002090454106,2,0.033240556716918945,0.059833002090454106,2,-0.050222039222717285,0.04314048290252686,2,0.23805947446698347,0.4073021100964239
held_trial_full,tcn,4,SpoolSolder_Pose1_Exp9,SpoolSolder,0.9973578148377219,278,179,1,1,0,0,9.260969877243042,3.2941131591796875,0.06651043891906738,5.599823236465454,0.6666666666666666,1.0,0.0,6.478803062240581,0.020190696465214954,0.6046691988736391,1,0.0,0.0,1,0.0,0.0,1,-0.06651616096496582,-0.06651616096496582,1,0.005510876252125207,0.005510876252125207
held_trial_full,tcn,4,SpoolSolder_Pose2_Exp10,SpoolSolder,0.9037879660232888,367,232,1,0,0,0,12.227764129638672,4.494509220123291,0.0,1.3332931995391846,1.0,1.0,0.0,0.0,0.0,0.10903818436499259,1,6.40034031867981,6.40034031867981,1,6.40034031867981,6.40034031867981,1,6.40034031867981,6.40034031867981,1,0.17241035180395184,0.17241035180395184
held_trial_full,tcn,4,SpoolSolder_Pose2_Exp9,SpoolSolder,0.5943413978494623,107,10,1,0,0,0,3.5610547065734863,3.2280662059783936,0.10009312629699707,0.29979944229125977,1.0,1.0,0.0,0.0,0.03100714790533854,0.08418838433957461,1,0.0,0.0,1,0.0,0.0,1,-0.10002517700195312,-0.10002517700195312,1,0.46112858083453895,0.46112858083453895
held_trial_full,tcn,4,SpoolSolder_Pose3_Exp10,SpoolSolder,0.6808181731861405,687,120,2,0,1,0,22.894401788711548,18.894401788711548,0.9994847774505615,3.2664237022399902,0.8,0.6666666666666666,0.3333333333333333,0.0,0.052898461069442446,0.14267346805499642,2,0.0,0.0,2,0.0,0.0,2,-0.49983489513397217,-0.179861044883728,2,0.3835035574272331,0.6156591932296738
held_trial_full,tcn,4,SpoolSolder_Pose3_Exp9,SpoolSolder,0.7040294594039251,698,135,1,0,1,0,23.26098656654358,18.761017560958862,0.0,2.633059501647949,0.6666666666666666,0.5,0.5,0.0,0.0,0.11319638116446423,1,0.03341984748840332,0.03341984748840332,1,0.03341984748840332,0.03341984748840332,1,0.03341984748840332,0.03341984748840332,1,0.6422453159922448,0.6422453159922448
held_trial_full,gru,0,brush_Pose1_Exp10,brush,0.4462010799818682,101,14,0,0,1,0,3.3611581325531006,2.894446849822998,0.0,0.0,0.0,0.0,1.0,0.0,0.0,0.0,0,,,0,,,0,,,0,,
held_trial_full,gru,0,brush_Pose1_Exp9,brush,0.8302521008403361,90,7,0,0,1,0,2.9944820404052734,2.7610766887664795,0.0,0.0,0.0,0.0,1.0,0.0,0.0,0.0,0,,,0,,,0,,,0,,
held_trial_full,gru,0,brush_Pose2_Exp10,brush,0.9348920424923064,128,33,1,0,0,0,4.261070489883423,3.161142587661743,0.0,0.1334240436553955,1.0,1.0,0.0,0.0,0.0,0.031312329606414425,1,0.9666957855224609,0.9666957855224609,1,0.9666957855224609,0.9666957855224609,1,0.9666957855224609,0.9666957855224609,1,0.12130253572611453,0.12130253572611453
held_trial_full,gru,0,brush_Pose2_Exp9,brush,0.430130000718236,107,9,1,0,0,0,3.5613017082214355,3.2613587379455566,0.266737699508667,0.4667398929595947,1.0,1.0,0.0,0.0,0.08178729202807489,0.13105879007164806,1,0.100128173828125,0.100128173828125,1,0.100128173828125,0.100128173828125,1,0.100128173828125,0.100128173828125,1,0.3529363257210967,0.3529363257210967
held_trial_full,gru,0,brush_Pose3_Exp10,brush,1.0,99,8,2,0,0,1,3.294581651687622,3.0277276039123535,0.0,0.1002492904663086,1.0,1.0,0.0,0.0,0.0,0.03042853420098322,2,0.08330392837524414,0.14994707107543945,1,0.16660785675048828,0.16660785675048828,1,0.16660785675048828,0.16660785675048828,2,0.5835328880947754,0.9167065776189551
held_trial_full,gru,0,brush_Pose3_Exp9,brush,0.5162118663837687,330,152,1,0,2,0,10.99442172050476,5.927415609359741,0.1329801082611084,0.39991283416748047,0.5,0.3333333333333333,0.6666666666666666,0.0,0.022434753529198274,0.036374158126173846,1,0.10012698173522949,0.10012698173522949,1,0.10012698173522949,0.10012698173522949,1,0.10012698173522949,0.10012698173522949,1,0.26677746439121325,0.26677746439121325
held_trial_full,gru,0,screwDriver_Pose1_Exp10,screwDriver,0.6840291850493334,671,253,2,0,2,0,22.36756706237793,13.924768209457397,4.232825756072998,8.365166425704956,0.6666666666666666,0.5,0.5,0.0,0.30397818422558415,0.37398642428908146,2,0.018487095832824707,0.03327677249908447,2,0.018487095832824707,0.03327677249908447,2,-0.14799439907073975,-1.9526481628409642e-05,2,0.3499155980762369,0.4501415638391607
held_trial_full,gru,0,screwDriver_Pose1_Exp9,screwDriver,0.8683104865170518,688,308,1,0,3,0,22.927485466003418,12.661098003387451,9.266848087310791,19.132961988449097,0.4,0.25,0.75,0.0,0.7319150428210464,0.8344989256156855,1,0.3672637939453125,0.3672637939453125,1,0.3672637939453125,0.3672637939453125,1,0.3672637939453125,0.3672637939453125,1,0.18626167747706868,0.18626167747706868
held_trial_full,gru,0,screwDriver_Pose2_Exp10,screwDriver,0.9999999999999998,110,23,1,0,0,0,3.6579785346984863,2.891040325164795,0.333512544631958,1.1004507541656494,1.0,1.0,0.0,0.0,0.11536073770017274,0.3008357604417587,1,0.0,0.0,1,0.0,0.0,1,-0.33377695083618164,-0.33377695083618164,1,0.6969309681787407,0.6969309681787407
held_trial_full,gru,0,screwDriver_Pose2_Exp9,screwDriver,,627,0,0,0,0,0,20.91916060447693,20.91916060447693,0.0,0.0,0.0,0.0,0.0,0.0,0.0,0.0,0,,,0,,,0,,,0,,
held_trial_full,gru,0,screwDriver_Pose3_Exp10,screwDriver,0.8934463368322727,668,268,1,0,3,0,22.261112451553345,13.32762360572815,10.533000469207764,19.43313980102539,0.4,0.25,0.75,0.0,0.7903134707886506,0.8729635521727657,1,0.0,0.0,1,0.0,0.0,1,-0.5330193042755127,-0.5330193042755127,1,0.19039991855572946,0.19039991855572946
held_trial_full,gru,0,screwDriver_Pose3_Exp9,screwDriver,0.468684042973435,679,240,1,0,6,0,22.62770962715149,14.627729415893555,11.50011944770813,19.500099658966064,0.25,0.14285714285714285,0.8571428571428571,0.0,0.7861862303258657,0.8617796489472123,1,0.0,0.0,1,0.0,0.0,1,-0.3666956424713135,-0.3666956424713135,1,0.02222004562794768,0.02222004562794768
held_trial_full,gru,0,SpoolSolder_Pose1_Exp10,SpoolSolder,0.23715217732876562,688,117,1,0,2,0,22.938194274902344,19.038597345352173,9.11049199104309,12.343604326248169,0.5,0.3333333333333333,0.6666666666666666,0.0,0.47852747898296216,0.5381245000507225,1,0.43330907821655273,0.43330907821655273,1,0.43330907821655273,0.43330907821655273,1,0.43330907821655273,0.43330907821655273,1,0.22436243989728816,0.22436243989728816
held_trial_full,gru,0,SpoolSolder_Pose1_Exp9,SpoolSolder,0.9449875745746545,278,179,1,0,0,0,9.260969877243042,3.2941131591796875,0.1330432891845703,3.2666549682617188,1.0,1.0,0.0,0.0,0.04038819638415253,0.3527335701942905,1,2.8332862854003906,2.8332862854003906,1,2.8332862854003906,2.8332862854003906,1,2.8332862854003906,2.8332862854003906,1,0.5137152535867439,0.5137152535867439
held_trial_full,gru,0,SpoolSolder_Pose2_Exp10,SpoolSolder,0.42383081604259526,367,232,0,0,1,0,12.227764129638672,4.494509220123291,0.0,0.0,0.0,0.0,1.0,0.0,0.0,0.0,0,,,0,,,0,,,0,,
held_trial_full,gru,0,SpoolSolder_Pose2_Exp9,SpoolSolder,0.86,107,10,1,0,0,0,3.5610547065734863,3.2280662059783936,0.766998291015625,1.0999867916107178,1.0,1.0,0.0,0.0,0.23760302362917485,0.3088935392034866,1,0.0,0.0,1,0.0,0.0,1,-0.5667707920074463,-0.5667707920074463,1,0.3027204536769897,0.3027204536769897
held_trial_full,gru,0,SpoolSolder_Pose3_Exp10,SpoolSolder,0.5643085367332116,687,120,1,0,2,0,22.894401788711548,18.894401788711548,0.0,0.26654481887817383,0.5,0.3333333333333333,0.6666666666666666,0.0,0.0,0.01164235787150368,1,0.39990973472595215,0.39990973472595215,1,0.39990973472595215,0.39990973472595215,1,0.39990973472595215,0.39990973472595215,1,0.19989729509172816,0.19989729509172816
held_trial_full,gru,0,SpoolSolder_Pose3_Exp9,SpoolSolder,0.7094750474094004,698,135,1,0,1,0,23.26098656654358,18.761017560958862,0.0,2.1996312141418457,0.6666666666666666,0.5,0.5,0.0,0.0,0.09456310925803933,1,0.46684741973876953,0.46684741973876953,1,0.46684741973876953,0.46684741973876953,1,0.46684741973876953,0.46684741973876953,1,0.5365252259999322,0.5365252259999322
held_trial_full,gru,1,brush_Pose1_Exp10,brush,0.25027585604425767,101,14,0,0,1,0,3.3611581325531006,2.894446849822998,0.0,0.0,0.0,0.0,1.0,0.0,0.0,0.0,0,,,0,,,0,,,0,,
held_trial_full,gru,1,brush_Pose1_Exp9,brush,1.0,90,7,1,0,0,0,2.9944820404052734,2.7610766887664795,0.0,0.0665278434753418,1.0,1.0,0.0,0.0,0.0,0.022216811648113247,1,0.16654229164123535,0.16654229164123535,1,0.16654229164123535,0.16654229164123535,1,0.16654229164123535,0.16654229164123535,1,0.285031354286584,0.285031354286584
held_trial_full,gru,1,brush_Pose2_Exp10,brush,1.0,128,33,1,0,0,0,4.261070489883423,3.161142587661743,0.0,0.9001426696777344,1.0,1.0,0.0,0.0,0.0,0.21124801192912465,1,0.19996404647827148,0.19996404647827148,1,0.19996404647827148,0.19996404647827148,1,0.19996404647827148,0.19996404647827148,1,0.8183651563521473,0.8183651563521473
held_trial_full,gru,1,brush_Pose2_Exp9,brush,0.44283828009318205,107,9,1,0,0,0,3.5613017082214355,3.2613587379455566,0.266737699508667,0.4998948574066162,1.0,1.0,0.0,0.0,0.08178729202807489,0.14036857822312135,1,0.06672525405883789,0.06672525405883789,1,0.06672525405883789,0.06672525405883789,1,0.06672525405883789,0.06672525405883789,1,0.4114436407132017,0.4114436407132017
held_trial_full,gru,1,brush_Pose3_Exp10,brush,1.0,99,8,2,0,0,1,3.294581651687622,3.0277276039123535,0.20008015632629395,0.4669342041015625,1.0,1.0,0.0,0.0,0.06608261458783657,0.1417279197989764,2,0.0,0.0,1,0.0,0.0,1,-0.19996333122253418,-0.19996333122253418,2,0.7499633524575902,0.949992670491518
held_trial_full,gru,1,brush_Pose3_Exp9,brush,0.45694469599175663,330,152,2,0,1,0,10.99442172050476,5.927415609359741,0.29967832565307617,0.7998037338256836,0.8,0.6666666666666666,0.3333333333333333,0.0,0.0505580079756625,0.07274632119432327,2,0.5334399938583374,0.9601919889450073,2,0.5334399938583374,0.9601919889450073,2,0.45028793811798096,0.9435615777969361,2,0.2519223818829534,0.34545265628677335
held_trial_full,gru,1,screwDriver_Pose1_Exp10,screwDriver,0.6544547299241231,671,253,3,0,1,0,22.36756706237793,13.924768209457397,6.764828443527222,12.10085153579712,0.8571428571428571,0.75,0.25,0.0,0.485812642750685,0.5409998996337271,3,0.0,0.8000062942504883,3,0.0,0.8000062942504883,3,-0.03334188461303711,0.793337917327881,3,0.22701940692317932,0.4177848080367444
held_trial_full,gru,1,screwDriver_Pose1_Exp9,screwDriver,0.3727474306467037,688,308,1,0,3,0,22.927485466003418,12.661098003387451,9.500089168548584,19.66698980331421,0.4,0.25,0.75,0.0,0.750336911222617,0.8577909615285186,1,0.09979057312011719,0.09979057312011719,1,0.09979057312011719,0.09979057312011719,1,0.09979057312011719,0.09979057312011719,1,0.1973265775231534,0.1973265775231534
held_trial_full,gru,1,screwDriver_Pose2_Exp10,screwDriver,0.9999999999999998,110,23,1,0,0,0,3.6579785346984863,2.891040325164795,0.366854190826416,1.1337924003601074,1.0,1.0,0.0,0.0,0.12689348800608813,0.309950534046412,1,0.0,0.0,1,0.0,0.0,1,-0.3672831058502197,-0.3672831058502197,1,0.6764361882211433,0.6764361882211433
held_trial_full,gru,1,screwDriver_Pose2_Exp9,screwDriver,,627,0,0,0,0,0,20.91916060447693,20.91916060447693,0.0,0.0,0.0,0.0,0.0,0.0,0.0,0.0,0,,,0,,,0,,,0,,
held_trial_full,gru,1,screwDriver_Pose3_Exp10,screwDriver,0.718287146541899,668,268,1,0,3,0,22.261112451553345,13.32762360572815,10.66637134552002,19.599860191345215,0.4,0.25,0.75,0.0,0.8003205718486576,0.8804528629914705,1,0.0,0.0,1,0.0,0.0,1,-0.5000064373016357,-0.5000064373016357,1,0.188780338189922,0.188780338189922
held_trial_full,gru,1,screwDriver_Pose3_Exp9,screwDriver,0.4167762486857847,679,240,1,0,6,0,22.62770962715149,14.627729415893555,11.733390092849731,19.733370304107666,0.25,0.14285714285714285,0.8571428571428571,0.0,0.8021333837431379,0.8720887190645737,1,0.0,0.0,1,0.0,0.0,1,-0.5335438251495361,-0.5335438251495361,1,0.02195737968194715,0.02195737968194715
held_trial_full,gru,1,SpoolSolder_Pose1_Exp10,SpoolSolder,0.44623562489840163,688,117,2,0,1,0,22.938194274902344,19.038597345352173,15.433748006820679,19.23356533050537,0.8,0.6666666666666666,0.3333333333333333,0.0,0.8106557288259718,0.8384951796990243,2,0.050041794776916504,0.09007523059844971,2,0.050041794776916504,0.09007523059844971,2,-0.1667344570159912,0.046719980239868175,2,0.14481548447458295,0.23322685027349577
held_trial_full,gru,1,SpoolSolder_Pose1_Exp9,SpoolSolder,0.9785478864311814,278,179,1,0,0,0,9.260969877243042,3.2941131591796875,0.2332170009613037,5.0666608810424805,1.0,1.0,0.0,0.0,0.07079811460374369,0.5470983005238764,1,1.133406162261963,1.133406162261963,1,1.133406162261963,1.133406162261963,1,1.133406162261963,1.133406162261963,1,0.7795784532770897,0.7795784532770897
held_trial_full,gru,1,SpoolSolder_Pose2_Exp10,SpoolSolder,0.6128784969891479,367,232,1,2,0,0,12.227764129638672,4.494509220123291,1.5000479221343994,3.2667083740234375,0.5,1.0,0.0,9.813731989573958,0.3337512170223673,0.2671550039230245,1,0.0,0.0,1,0.0,0.0,1,-1.433103084564209,-1.433103084564209,1,0.09090013420863721,0.09090013420863721
held_trial_full,gru,1,SpoolSolder_Pose2_Exp9,SpoolSolder,0.791969696969697,107,10,1,0,0,0,3.5610547065734863,3.2280662059783936,0.8338282108306885,1.1668167114257812,1.0,1.0,0.0,0.0,0.2583057959859791,0.32766042860052386,1,0.0,0.0,1,0.0,0.0,1,-0.6335046291351318,-0.6335046291351318,1,0.2853820118741704,0.2853820118741704
held_trial_full,gru,1,SpoolSolder_Pose3_Exp10,SpoolSolder,0.2209892903187596,687,120,1,0,2,0,22.894401788711548,18.894401788711548,6.899914026260376,8.666725397109985,0.5,0.3333333333333333,0.6666666666666666,0.0,0.3651829840086669,0.37855216646819106,1,0.0,0.0,1,0.0,0.0,1,-0.36677050590515137,-0.36677050590515137,1,0.15385382269001954,0.15385382269001954
held_trial_full,gru,1,SpoolSolder_Pose3_Exp9,SpoolSolder,0.7469163192978086,698,135,1,0,1,0,23.26098656654358,18.761017560958862,0.0,2.1997406482696533,0.6666666666666666,0.5,0.5,0.0,0.0,0.09456781387912214,1,0.5666396617889404,0.5666396617889404,1,0.5666396617889404,0.5666396617889404,1,0.5666396617889404,0.5666396617889404,1,0.5365519187335943,0.5365519187335943
held_trial_full,gru,2,brush_Pose1_Exp10,brush,0.25252566159645184,101,14,0,0,1,0,3.3611581325531006,2.894446849822998,0.0,0.0,0.0,0.0,1.0,0.0,0.0,0.0,0,,,0,,,0,,,0,,
held_trial_full,gru,2,brush_Pose1_Exp9,brush,0.5747659747659748,90,7,0,0,1,0,2.9944820404052734,2.7610766887664795,0.0,0.0,0.0,0.0,1.0,0.0,0.0,0.0,0,,,0,,,0,,,0,,
held_trial_full,gru,2,brush_Pose2_Exp10,brush,0.9136429084225146,128,33,0,0,1,0,4.261070489883423,3.161142587661743,0.0,0.0,0.0,0.0,1.0,0.0,0.0,0.0,0,,,0,,,0,,,0,,
held_trial_full,gru,2,brush_Pose2_Exp9,brush,0.7222073677956031,107,9,1,0,0,0,3.5613017082214355,3.2613587379455566,0.6002051830291748,0.9001481533050537,1.0,1.0,0.0,0.0,0.18403531511141424,0.25275818424117746,1,0.0,0.0,1,0.0,0.0,1,-0.3334043025970459,-0.3334043025970459,1,0.33321511483924626,0.33321511483924626
held_trial_full,gru,2,brush_Pose3_Exp10,brush,1.0,99,8,2,0,0,1,3.294581651687622,3.0277276039123535,0.0,0.1334850788116455,1.0,1.0,0.0,0.0,0.0,0.04051654896556256,2,0.06659555435180664,0.11987199783325196,1,0.13319110870361328,0.13319110870361328,1,0.13319110870361328,0.13319110870361328,2,0.6666134255755104,0.9333226851151021
held_trial_full,gru,2,brush_Pose3_Exp9,brush,0.4478658632277228,330,152,1,0,2,0,10.99442172050476,5.927415609359741,0.3997189998626709,0.7333474159240723,0.5,0.3333333333333333,0.6666666666666666,0.0,0.06743562898331118,0.06670177245942535,1,0.0,0.0,1,0.0,0.0,1,-0.2665977478027344,-0.2665977478027344,1,0.31852002124918966,0.31852002124918966
held_trial_full,gru,2,screwDriver_Pose1_Exp10,screwDriver,0.6567974937485566,671,253,3,0,1,0,22.36756706237793,13.924768209457397,6.497436285018921,11.266517877578735,0.8571428571428571,0.75,0.25,0.0,0.46661001370249056,0.5036988531724994,3,0.33324527740478516,0.8929805755615234,3,0.33324527740478516,0.8929805755615234,3,0.33324527740478516,0.8929805755615234,3,0.20448145397591044,0.3938573070682752
held_trial_full,gru,2,screwDriver_Pose1_Exp9,screwDriver,0.4045900997849017,688,308,1,0,3,0,22.927485466003418,12.661098003387451,9.266848087310791,18.899574518203735,0.4,0.25,0.75,0.0,0.7319150428210464,0.8243195507081569,1,0.6342170238494873,0.6342170238494873,1,0.6342170238494873,0.6342170238494873,1,0.6342170238494873,0.6342170238494873,1,0.1723358616570327,0.1723358616570327
held_trial_full,gru,2,screwDriver_Pose2_Exp10,screwDriver,0.9999999999999998,110,23,1,0,0,0,3.6579785346984863,2.891040325164795,0.46563267707824707,1.2325708866119385,1.0,1.0,0.0,0.0,0.1610605957395994,0.3369541059140017,1,0.0,0.0,1,0.0,0.0,1,-0.46602797508239746,-0.46602797508239746,1,0.6222264519340003,0.6222264519340003
held_trial_full,gru,2,screwDriver_Pose2_Exp9,screwDriver,,627,0,0,0,0,0,20.91916060447693,20.91916060447693,0.0,0.0,0.0,0.0,0.0,0.0,0.0,0.0,0,,,0,,,0,,,0,,
held_trial_full,gru,2,screwDriver_Pose3_Exp10,screwDriver,0.7420431931971284,668,268,1,0,3,0,22.261112451553345,13.32762360572815,10.566421270370483,19.4332435131073,0.4,0.25,0.75,0.0,0.7928211047188551,0.8729682110631124,1,0.0,0.0,1,0.0,0.0,1,-0.5665061473846436,-0.5665061473846436,1,0.19039890242211618,0.19039890242211618
held_trial_full,gru,2,screwDriver_Pose3_Exp9,screwDriver,0.4514357927399183,679,240,1,0,6,0,22.62770962715149,14.627729415893555,11.60008692741394,19.566585063934326,0.25,0.14285714285714285,0.8571428571428571,0.0,0.7930203381264374,0.864717878492481,1,0.0,0.0,1,0.0,0.0,1,-0.6335663795471191,-0.6335663795471191,1,0.022144544015011123,0.022144544015011123
held_trial_full,gru,2,SpoolSolder_Pose1_Exp10,SpoolSolder,0.3685906630961341,688,117,1,0,2,0,22.938194274902344,19.038597345352173,16.410640001296997,20.310236930847168,0.5,0.3333333333333333,0.6666666666666666,0.0,0.8619668615084856,0.8854331202988137,1,0.0,0.0,1,0.0,0.0,1,-0.4003562927246094,-0.4003562927246094,1,0.011484574673964342,0.011484574673964342
held_trial_full,gru,2,SpoolSolder_Pose1_Exp9,SpoolSolder,0.9402275065567395,278,179,1,1,0,0,9.260969877243042,3.2941131591796875,0.4664490222930908,4.9999353885650635,0.6666666666666666,1.0,0.0,6.478803062240581,0.1416007889690249,0.539893278440673,1,1.4335839748382568,1.4335839748382568,1,1.4335839748382568,1.4335839748382568,1,1.4335839748382568,1.4335839748382568,1,0.7273068179836164,0.7273068179836164
held_trial_full,gru,2,SpoolSolder_Pose2_Exp10,SpoolSolder,0.6598935153727397,367,232,1,2,0,0,12.227764129638672,4.494509220123291,1.5998334884643555,6.199865818023682,0.5,1.0,0.0,9.813731989573958,0.35595287719099833,0.5070318459117094,1,0.0,0.0,1,0.0,0.0,1,-1.433103084564209,-1.433103084564209,1,0.41819507589550453,0.41819507589550453
held_trial_full,gru,2,SpoolSolder_Pose2_Exp9,SpoolSolder,0.6304616298733945,107,10,1,0,0,0,3.5610547065734863,3.2280662059783936,0.8669140338897705,1.1999025344848633,1.0,1.0,0.0,0.0,0.26855522116747227,0.33695144651103437,1,0.0,0.0,1,0.0,0.0,1,-0.6668822765350342,-0.6668822765350342,1,0.27751295711534596,0.27751295711534596
held_trial_full,gru,2,SpoolSolder_Pose3_Exp10,SpoolSolder,0.3974981931073793,687,120,1,0,2,0,22.894401788711548,18.894401788711548,3.699998140335083,5.033406972885132,0.5,0.3333333333333333,0.6666666666666666,0.0,0.19582510109135318,0.21985317718006214,1,0.0,0.0,1,0.0,0.0,1,-0.4333150386810303,-0.4333150386810303,1,0.26491178633738477,0.26491178633738477
held_trial_full,gru,2,SpoolSolder_Pose3_Exp9,SpoolSolder,0.6623513922690654,698,135,1,0,1,0,23.26098656654358,18.761017560958862,0.0,1.4332761764526367,0.6666666666666666,0.5,0.5,0.0,0.0,0.06161717055088827,1,1.0331223011016846,1.0331223011016846,1,1.0331223011016846,1.0331223011016846,1,1.0331223011016846,1.0331223011016846,1,0.3495989780230408,0.3495989780230408
held_trial_full,gru,3,brush_Pose1_Exp10,brush,0.3243373230285718,101,14,0,0,1,0,3.3611581325531006,2.894446849822998,0.0,0.0,0.0,0.0,1.0,0.0,0.0,0.0,0,,,0,,,0,,,0,,
held_trial_full,gru,3,brush_Pose1_Exp9,brush,0.12374638389754392,90,7,0,0,1,0,2.9944820404052734,2.7610766887664795,0.0,0.0,0.0,0.0,1.0,0.0,0.0,0.0,0,,,0,,,0,,,0,,
held_trial_full,gru,3,brush_Pose2_Exp10,brush,0.9026033404001987,128,33,1,0,0,0,4.261070489883423,3.161142587661743,0.0,0.300098180770874,1.0,1.0,0.0,0.0,0.0,0.07042788460865952,1,0.80000901222229,0.80000901222229,1,0.80000901222229,0.80000901222229,1,0.80000901222229,0.80000901222229,1,0.27283441047792617,0.27283441047792617
held_trial_full,gru,3,brush_Pose2_Exp9,brush,0.44864851923675453,107,9,1,0,0,0,3.5613017082214355,3.2613587379455566,0.33343052864074707,0.633373498916626,1.0,1.0,0.0,0.0,0.10223669195336253,0.1778488740379544,1,0.0,0.0,1,0.0,0.0,1,-0.06656074523925781,-0.06656074523925781,1,0.4735641304679245,0.4735641304679245
held_trial_full,gru,3,brush_Pose3_Exp10,brush,1.0,99,8,2,0,0,1,3.294581651687622,3.0277276039123535,0.0,0.16685175895690918,1.0,1.0,0.0,0.0,0.0,0.05064429314460631,2,0.049977660179138184,0.08995978832244873,1,0.09995532035827637,0.09995532035827637,1,0.09995532035827637,0.09995532035827637,2,0.7500211573739111,0.9500042314747822
held_trial_full,gru,3,brush_Pose3_Exp9,brush,0.5052654189524753,330,152,1,0,2,0,10.99442172050476,5.927415609359741,0.3329751491546631,0.8334064483642578,0.5,0.3333333333333333,0.6666666666666666,0.0,0.05617543480988166,0.07580266334608053,1,0.0,0.0,1,0.0,0.0,1,-0.19994425773620605,-0.19994425773620605,1,0.28027841032624246,0.28027841032624246
held_trial_full,gru,3,screwDriver_Pose1_Exp10,screwDriver,0.6374318585764309,671,253,3,0,1,0,22.36756706237793,13.924768209457397,6.397806406021118,11.266719579696655,0.8571428571428571,0.75,0.25,0.0,0.4594551456645338,0.5037078707879316,3,0.2335960865020752,0.8995949268341065,3,0.2335960865020752,0.8995949268341065,3,0.2335960865020752,0.8995949268341065,3,0.19061874005429186,0.39516621665609475
held_trial_full,gru,3,screwDriver_Pose1_Exp9,screwDriver,0.7384391288377069,688,308,1,0,3,0,22.927485466003418,12.661098003387451,9.366692304611206,19.166343450546265,0.4,0.25,0.75,0.0,0.7398009479197749,0.8359548838866727,1,0.4669489860534668,0.4669489860534668,1,0.4669489860534668,0.4669489860534668,1,0.4669489860534668,0.4669489860534668,1,0.17996166349745993,0.17996166349745993
held_trial_full,gru,3,screwDriver_Pose2_Exp10,screwDriver,0.9999999999999998,110,23,1,0,0,0,3.6579785346984863,2.891040325164795,0.43225741386413574,1.1991956233978271,1.0,1.0,0.0,0.0,0.14951621743273202,0.32783014225551554,1,0.0,0.0,1,0.0,0.0,1,-0.4333012104034424,-0.4333012104034424,1,0.6395438697154613,0.6395438697154613
held_trial_full,gru,3,screwDriver_Pose2_Exp9,screwDriver,,627,0,0,0,0,0,20.91916060447693,20.91916060447693,0.0,0.0,0.0,0.0,0.0,0.0,0.0,0.0,0,,,0,,,0,,,0,,
held_trial_full,gru,3,screwDriver_Pose3_Exp10,screwDriver,0.6830567454054749,668,268,1,0,3,0,22.261112451553345,13.32762360572815,10.599670648574829,19.533159494400024,0.4,0.25,0.75,0.0,0.7953158764191945,0.8774565753131098,1,0.0,0.0,1,0.0,0.0,1,-0.5330193042755127,-0.5330193042755127,1,0.18942497430884717,0.18942497430884717
held_trial_full,gru,3,screwDriver_Pose3_Exp9,screwDriver,0.5796429972661798,679,240,1,0,6,0,22.62770962715149,14.627729415893555,11.800198316574097,19.80017852783203,0.25,0.14285714285714285,0.8571428571428571,0.0,0.8067006150491652,0.8750412151335617,1,0.0,0.0,1,0.0,0.0,1,-0.6002235412597656,-0.6002235412597656,1,0.02188329279772384,0.02188329279772384
held_trial_full,gru,3,SpoolSolder_Pose1_Exp10,SpoolSolder,0.501587093270923,688,117,1,0,2,0,22.938194274902344,19.038597345352173,15.01063871383667,18.676981210708618,0.5,0.3333333333333333,0.6666666666666666,0.0,0.788431964894786,0.8142306664105596,1,0.0,0.0,1,0.0,0.0,1,-5.799786567687988,-5.799786567687988,1,0.17668122510329962,0.17668122510329962
held_trial_full,gru,3,SpoolSolder_Pose1_Exp9,SpoolSolder,0.9731791977060338,278,179,1,0,0,0,9.260969877243042,3.2941131591796875,0.8663280010223389,6.833184719085693,1.0,1.0,0.0,0.0,0.26299278718101937,0.7378476347144656,1,0.0,0.0,1,0.0,0.0,1,-0.5997614860534668,-0.5997614860534668,1,0.8732175352142014,0.8732175352142014
held_trial_full,gru,3,SpoolSolder_Pose2_Exp10,SpoolSolder,0.608611185586525,367,232,1,2,0,0,12.227764129638672,4.494509220123291,1.5334737300872803,4.533349514007568,0.5,1.0,0.0,9.813731989573958,0.34118824881289594,0.37074230954613024,1,0.0,0.0,1,0.0,0.0,1,-1.433103084564209,-1.433103084564209,1,0.2945392950405227,0.2945392950405227
held_trial_full,gru,3,SpoolSolder_Pose2_Exp9,SpoolSolder,0.5375757575757575,107,10,1,0,0,0,3.5610547065734863,3.2280662059783936,0.8338282108306885,1.1668167114257812,1.0,1.0,0.0,0.0,0.2583057959859791,0.32766042860052386,1,0.0,0.0,1,0.0,0.0,1,-0.6335046291351318,-0.6335046291351318,1,0.2853820118741704,0.2853820118741704
held_trial_full,gru,3,SpoolSolder_Pose3_Exp10,SpoolSolder,0.4580728707139526,687,120,1,1,2,0,22.894401788711548,18.894401788711548,0.2998330593109131,1.0665638446807861,0.4,0.3333333333333333,0.6666666666666666,2.6207280082585065,0.015868883421863517,0.04658622900584686,1,0.39990973472595215,0.39990973472595215,1,0.39990973472595215,0.39990973472595215,1,0.39990973472595215,0.39990973472595215,1,0.5750155291108694,0.5750155291108694
held_trial_full,gru,3,SpoolSolder_Pose3_Exp9,SpoolSolder,0.6530097508626035,698,135,1,1,1,0,23.26098656654358,18.761017560958862,2.73335337638855,5.333009958267212,0.5,0.5,0.5,2.579426277916276,0.14569323692103883,0.22926843377906048,1,0.0,0.0,1,0.0,0.0,1,-2.599909782409668,-2.599909782409668,1,0.38801784524451594,0.38801784524451594
held_trial_full,gru,4,brush_Pose1_Exp10,brush,0.2596873443846982,101,14,0,0,1,0,3.3611581325531006,2.894446849822998,0.0,0.0,0.0,0.0,1.0,0.0,0.0,0.0,0,,,0,,,0,,,0,,
held_trial_full,gru,4,brush_Pose1_Exp9,brush,1.0,90,7,0,0,1,0,2.9944820404052734,2.7610766887664795,0.0,0.0,0.0,0.0,1.0,0.0,0.0,0.0,0,,,0,,,0,,,0,,
held_trial_full,gru,4,brush_Pose2_Exp10,brush,0.9570606528312418,128,33,0,0,1,0,4.261070489883423,3.161142587661743,0.0,0.0,0.0,0.0,1.0,0.0,0.0,0.0,0,,,0,,,0,,,0,,
held_trial_full,gru,4,brush_Pose2_Exp9,brush,0.3702213908096261,107,9,1,0,0,0,3.5613017082214355,3.2613587379455566,0.266737699508667,0.36673474311828613,1.0,1.0,0.0,0.0,0.08178729202807489,0.10297772364292006,1,0.19987702369689941,0.19987702369689941,1,0.19987702369689941,0.19987702369689941,1,0.19987702369689941,0.19987702369689941,1,0.17646101047992052,0.17646101047992052
held_trial_full,gru,4,brush_Pose3_Exp10,brush,1.0,99,8,1,0,1,1,3.294581651687622,3.0277276039123535,0.0,0.0335392951965332,0.6666666666666666,0.5,0.5,0.0,0.0,0.010180137796661673,1,0.0,0.0,0,,,0,,,1,0.501840779691491,0.501840779691491
held_trial_full,gru,4,brush_Pose3_Exp9,brush,0.45878840118107095,330,152,1,0,2,0,10.99442172050476,5.927415609359741,0.10000872611999512,0.23342061042785645,0.5,0.3333333333333333,0.6666666666666666,0.0,0.01687223112246008,0.021230821989711702,1,0.10012698173522949,0.10012698173522949,1,0.10012698173522949,0.10012698173522949,1,0.10012698173522949,0.10012698173522949,1,0.39992224111401037,0.39992224111401037
held_trial_full,gru,4,screwDriver_Pose1_Exp10,screwDriver,0.6507470743778511,671,253,1,0,3,0,22.36756706237793,13.924768209457397,3.299889087677002,6.732191324234009,0.4,0.25,0.75,0.0,0.2369798217133546,0.30098004425154945,1,0.40077781677246094,0.40077781677246094,1,0.40077781677246094,0.40077781677246094,1,0.40077781677246094,0.40077781677246094,1,0.4812112236409004,0.4812112236409004
held_trial_full,gru,4,screwDriver_Pose1_Exp9,screwDriver,0.6035312225092128,688,308,2,0,2,0,22.927485466003418,12.661098003387451,9.266848087310791,18.398482084274292,0.6666666666666666,0.5,0.5,0.0,0.7319150428210464,0.8024640168916616,2,0.7325141429901123,0.7589078426361084,2,0.7325141429901123,0.7589078426361084,2,0.7325141429901123,0.7589078426361084,2,0.2911961748196172,0.38170949807749277
held_trial_full,gru,4,screwDriver_Pose2_Exp10,screwDriver,0.9999999999999998,110,23,1,0,0,0,3.6579785346984863,2.891040325164795,0.16574549674987793,0.9326837062835693,1.0,1.0,0.0,0.0,0.057330745374653366,0.2549724383116007,1,0.0,0.0,1,0.0,0.0,1,-0.1667168140411377,-0.1667168140411377,1,0.8222918491732659,0.8222918491732659
held_trial_full,gru,4,screwDriver_Pose2_Exp9,screwDriver,,627,0,0,0,0,0,20.91916060447693,20.91916060447693,0.0,0.0,0.0,0.0,0.0,0.0,0.0,0.0,0,,,0,,,0,,,0,,
held_trial_full,gru,4,screwDriver_Pose3_Exp10,screwDriver,0.7486098464950222,668,268,2,0,2,0,22.261112451553345,13.32762360572815,10.033048152923584,18.23305606842041,0.6666666666666666,0.5,0.5,0.0,0.7528009831108546,0.8190541289479959,2,0.4667419195175171,0.6001398801803589,2,0.4667419195175171,0.6001398801803589,2,0.4667419195175171,0.6001398801803589,2,0.32443731306233414,0.43230739571373145
held_trial_full,gru,4,screwDriver_Pose3_Exp9,screwDriver,0.42729159324814714,679,240,1,0,6,0,22.62770962715149,14.627729415893555,11.466706037521362,19.466686248779297,0.25,0.14285714285714285,0.8571428571428571,0.0,0.7839019790086063,0.8603029899862595,1,0.0,0.0,1,0.0,0.0,1,-0.33351826667785645,-0.33351826667785645,1,0.022258185015897276,0.022258185015897276
held_trial_full,gru,4,SpoolSolder_Pose1_Exp10,SpoolSolder,0.5512222079083905,688,117,1,0,2,0,22.938194274902344,19.038597345352173,0.40004658699035645,0.5664525032043457,0.5,0.3333333333333333,0.6666666666666666,0.0,0.021012398115978773,0.024694729516007524,1,0.2001183032989502,0.2001183032989502,1,0.2001183032989502,0.2001183032989502,1,0.2001183032989502,0.2001183032989502,1,0.21709352952996044,0.21709352952996044
held_trial_full,gru,4,SpoolSolder_Pose1_Exp9,SpoolSolder,0.9605122477286278,278,179,1,0,0,0,9.260969877243042,3.2941131591796875,0.26639485359191895,4.166539430618286,1.0,1.0,0.0,0.0,0.08086997644557468,0.44990314036726464,1,2.066748857498169,2.066748857498169,1,2.066748857498169,2.066748857498169,1,2.066748857498169,2.066748857498169,1,0.6256998505822641,0.6256998505822641
held_trial_full,gru,4,SpoolSolder_Pose2_Exp10,SpoolSolder,0.4897419062852352,367,232,1,1,0,0,12.227764129638672,4.494509220123291,1.5665662288665771,2.7998151779174805,0.6666666666666666,1.0,0.0,4.906865994786979,0.3485511214111168,0.228971964803529,1,0.0,0.0,1,0.0,0.0,1,-1.433103084564209,-1.433103084564209,1,0.13453690217334763,0.13453690217334763
held_trial_full,gru,4,SpoolSolder_Pose2_Exp9,SpoolSolder,0.6857584134132121,107,10,1,0,0,0,3.5610547065734863,3.2280662059783936,0.7337167263031006,1.0667052268981934,1.0,1.0,0.0,0.0,0.22729296101308388,0.2995475539674023,1,0.0,0.0,1,0.0,0.0,1,-0.5334212779998779,-0.5334212779998779,1,0.3121654344596863,0.3121654344596863
held_trial_full,gru,4,SpoolSolder_Pose3_Exp10,SpoolSolder,0.4016005269812361,687,120,1,0,2,0,22.894401788711548,18.894401788711548,0.26634836196899414,0.4997446537017822,0.5,0.3333333333333333,0.6666666666666666,0.0,0.014096681384648221,0.021828246848895144,1,0.0,0.0,1,0.0,0.0,1,-0.2661266326904297,-0.2661266326904297,1,0.14589482237206455,0.14589482237206455
held_trial_full,gru,4,SpoolSolder_Pose3_Exp9,SpoolSolder,0.7205708473226923,698,135,1,0,1,0,23.26098656654358,18.761017560958862,0.0,1.5666570663452148,0.6666666666666666,0.5,0.5,0.0,0.0,0.06735127342356782,1,1.0997965335845947,1.0997965335845947,1,1.0997965335845947,1.0997965335845947,1,1.0997965335845947,1.0997965335845947,1,0.3821327098748169,0.3821327098748169
held_trial_full,mamba,0,brush_Pose1_Exp10,brush,0.8738088366659793,101,14,1,1,0,0,3.3611581325531006,2.894446849822998,0.7334246635437012,1.2001359462738037,0.6666666666666666,1.0,0.0,17.85098993674083,0.25339026819184873,0.3570602449942434,1,0.0,0.0,1,0.0,0.0,1,-0.699915885925293,-0.699915885925293,1,0.4000274242069101,0.4000274242069101
held_trial_full,mamba,0,brush_Pose1_Exp9,brush,0.24571295639844026,90,7,1,0,0,0,2.9944820404052734,2.7610766887664795,0.8333802223205566,1.0667855739593506,1.0,1.0,0.0,0.0,0.3018316100060488,0.35625044984907367,1,0.0,0.0,1,0.0,0.0,1,-0.8335144519805908,-0.8335144519805908,1,0.21879312706912155,0.21879312706912155
held_trial_full,mamba,0,brush_Pose2_Exp10,brush,0.8738033085506614,128,33,1,1,0,0,4.261070489883423,3.161142587661743,0.9668586254119873,2.066786527633667,0.6666666666666666,1.0,0.0,14.080968653874937,0.3058573280388343,0.48503927183101153,1,0.0,0.0,1,0.0,0.0,1,-0.6332809925079346,-0.6332809925079346,1,0.6345627861918973,0.6345627861918973
held_trial_full,mamba,0,brush_Pose2_Exp9,brush,0.6606192766323484,107,9,1,0,0,0,3.5613017082214355,3.2613587379455566,1.1333956718444824,1.4333386421203613,1.0,1.0,0.0,0.0,0.34752253981064585,0.402476049364599,1,0.0,0.0,1,0.0,0.0,1,-0.8666496276855469,-0.8666496276855469,1,0.20926176233703458,0.20926176233703458
held_trial_full,mamba,0,brush_Pose3_Exp10,brush,1.0,99,8,2,0,0,1,3.294581651687622,3.0277276039123535,0.9000866413116455,1.166940689086914,1.0,1.0,0.0,0.0,0.2972812482036284,0.3541999599521713,2,0.0,0.0,1,0.0,0.0,1,-0.8999960422515869,-0.8999960422515869,2,0.590909928247397,0.9181819856494794
held_trial_full,mamba,0,brush_Pose3_Exp9,brush,0.6315684969445834,330,152,2,0,1,0,10.99442172050476,5.927415609359741,2.599576473236084,6.033476829528809,0.8,0.6666666666666666,0.3333333333333333,0.0,0.4385682807750478,0.5487761869527239,2,0.0,0.0,2,0.0,0.0,2,-1.2332572937011719,-0.9399021148681641,2,0.25412370226227726,0.3990287688694515
held_trial_full,mamba,0,screwDriver_Pose1_Exp10,screwDriver,0.8317518515015544,671,253,1,0,3,0,22.36756706237793,13.924768209457397,11.79663372039795,20.23943257331848,0.4,0.25,0.75,0.0,0.8471691264768009,0.904856237465408,1,0.0,0.0,1,0.0,0.0,1,-0.966327428817749,-0.966327428817749,1,0.18937004287637793,0.18937004287637793
held_trial_full,mamba,0,screwDriver_Pose1_Exp9,screwDriver,0.8696282212170866,688,308,1,0,3,0,22.927485466003418,12.661098003387451,10.531856536865234,20.7982439994812,0.4,0.25,0.75,0.0,0.8318280558327135,0.907131487677555,1,0.0,0.0,1,0.0,0.0,1,-1.0329465866088867,-1.0329465866088867,1,0.19232094840647168,0.19232094840647168
held_trial_full,mamba,0,screwDriver_Pose2_Exp10,screwDriver,0.9999999999999998,110,23,1,0,0,0,3.6579785346984863,2.891040325164795,0.765113115310669,1.5320513248443604,1.0,1.0,0.0,0.0,0.26464975553983533,0.41882458038279374,1,0.0,0.0,1,0.0,0.0,1,-0.7647726535797119,-0.7647726535797119,1,0.5005956374285332,0.5005956374285332
held_trial_full,mamba,0,screwDriver_Pose2_Exp9,screwDriver,,627,0,0,1,0,0,20.91916060447693,20.91916060447693,18.71829843521118,18.71829843521118,0.0,0.0,0.0,2.8681839168613363,0.8947920420480572,0.8947920420480572,0,,,0,,,0,,,0,,
held_trial_full,mamba,0,screwDriver_Pose3_Exp10,screwDriver,0.74782653075607,668,268,1,1,3,0,22.261112451553345,13.32762360572815,11.133058547973633,20.066547393798828,0.3333333333333333,0.25,0.75,2.695283092009775,0.8353371071485465,0.9014170984253133,1,0.0,0.0,1,0.0,0.0,1,-0.7999973297119141,-0.7999973297119141,1,0.18531255955125428,0.18531255955125428
held_trial_full,mamba,0,screwDriver_Pose3_Exp9,screwDriver,0.4993563080922902,679,240,1,0,6,0,22.62770962715149,14.627729415893555,12.500091075897217,20.50007128715515,0.25,0.14285714285714285,0.8571428571428571,0.0,0.8545476006901944,0.905971997384864,1,0.0,0.0,1,0.0,0.0,1,-1.299999475479126,-1.299999475479126,1,0.02113617548458204,0.02113617548458204
held_trial_full,mamba,0,SpoolSolder_Pose1_Exp10,SpoolSolder,0.3832810010660528,688,117,1,0,2,0,22.938194274902344,19.038597345352173,16.910882711410522,20.810479640960693,0.5,0.3333333333333333,0.6666666666666666,0.0,0.8882420487525525,0.9072414066930423,1,0.0,0.0,1,0.0,0.0,1,-0.8001523017883301,-0.8001523017883301,1,0.011208508246927398,0.011208508246927398
held_trial_full,mamba,0,SpoolSolder_Pose1_Exp9,SpoolSolder,0.9390827985146408,278,179,1,0,0,0,9.260969877243042,3.2941131591796875,1.1662874221801758,7.13314414024353,1.0,1.0,0.0,0.0,0.3540520212337238,0.7702372683202207,1,0.0,0.0,1,0.0,0.0,1,-0.8998723030090332,-0.8998723030090332,1,0.8364974267658135,0.8364974267658135
held_trial_full,mamba,0,SpoolSolder_Pose2_Exp10,SpoolSolder,0.9999999999999998,367,232,1,1,0,0,12.227764129638672,4.494509220123291,2.366678476333618,10.099933385848999,0.6666666666666666,1.0,0.0,4.906865994786979,0.5265710582453086,0.8259836613439362,1,0.0,0.0,1,0.0,0.0,1,-1.433103084564209,-1.433103084564209,1,0.8436319042020828,0.8436319042020828
held_trial_full,mamba,0,SpoolSolder_Pose2_Exp9,SpoolSolder,0.19479336729706723,107,10,1,0,0,0,3.5610547065734863,3.2280662059783936,1.100295066833496,1.4332835674285889,1.0,1.0,0.0,0.0,0.34085269527488143,0.40248850004546016,1,0.0,0.0,1,0.0,0.0,1,-0.8999526500701904,-0.8999526500701904,1,0.23232562499303433,0.23232562499303433
held_trial_full,mamba,0,SpoolSolder_Pose3_Exp10,SpoolSolder,0.4085245699528272,687,120,1,0,2,0,22.894401788711548,18.894401788711548,16.766703367233276,20.766703367233276,0.5,0.3333333333333333,0.6666666666666666,0.0,0.8873900086770958,0.9070646858950747,1,0.0,0.0,1,0.0,0.0,1,-1.0000293254852295,-1.0000293254852295,1,0.06420897958478892,0.06420897958478892
held_trial_full,mamba,0,SpoolSolder_Pose3_Exp9,SpoolSolder,0.718950408111516,698,135,1,2,1,0,23.26098656654358,18.761017560958862,8.966789484024048,13.066561698913574,0.4,0.5,0.5,5.158852555832552,0.4779479287244887,0.5617372101365335,1,0.0,0.0,1,0.0,0.0,1,-6.933307647705078,-6.933307647705078,1,0.34941304320394356,0.34941304320394356
held_trial_full,mamba,1,brush_Pose1_Exp10,brush,0.7251198206555348,101,14,1,1,0,0,3.3611581325531006,2.894446849822998,0.03355741500854492,0.23363184928894043,0.6666666666666666,1.0,0.0,17.85098993674083,0.011593722997745505,0.06950932984265043,1,0.26682567596435547,0.26682567596435547,1,0.26682567596435547,0.26682567596435547,1,0.26682567596435547,0.26682567596435547,1,0.4286899453341432,0.4286899453341432
held_trial_full,mamba,1,brush_Pose1_Exp9,brush,0.36423085363177526,90,7,1,1,0,0,2.9944820404052734,2.7610766887664795,0.40010619163513184,0.5334842205047607,0.6666666666666666,1.0,0.0,20.036854183930785,0.14490948160294695,0.17815575892803115,1,0.0,0.0,1,0.0,0.0,1,-0.4001142978668213,-0.4001142978668213,1,0.15800033118315182,0.15800033118315182
held_trial_full,mamba,1,brush_Pose2_Exp10,brush,0.9151746159682081,128,33,1,2,0,0,4.261070489883423,3.161142587661743,0.03342771530151367,0.9000792503356934,0.5,1.0,0.0,28.161937307749874,0.010574567383320639,0.2112331284996692,1,0.19996404647827148,0.19996404647827148,1,0.19996404647827148,0.19996404647827148,1,0.19996404647827148,0.19996404647827148,1,0.060594152032586585,0.060594152032586585
held_trial_full,mamba,1,brush_Pose2_Exp9,brush,0.6578130511463844,107,9,1,0,0,0,3.5613017082214355,3.2613587379455566,0.8334653377532959,1.1334083080291748,1.0,1.0,0.0,0.0,0.2555576999414436,0.31825675016880695,1,0.0,0.0,1,0.0,0.0,1,-0.5667152404785156,-0.5667152404785156,1,0.26463805510428473,0.26463805510428473
held_trial_full,mamba,1,brush_Pose3_Exp10,brush,0.7802544677544677,99,8,2,0,0,1,3.294581651687622,3.0277276039123535,0.0,0.16685175895690918,1.0,1.0,0.0,0.0,0.0,0.05064429314460631,2,0.049977660179138184,0.08995978832244873,1,0.09995532035827637,0.09995532035827637,1,0.09995532035827637,0.09995532035827637,2,0.7500211573739111,0.9500042314747822
held_trial_full,mamba,1,brush_Pose3_Exp9,brush,0.8591510958972884,330,152,2,1,1,0,10.99442172050476,5.927415609359741,0.5993828773498535,4.9994752407073975,0.6666666666666666,0.6666666666666666,0.3333333333333333,5.457312946991937,0.1011204404839425,0.45472834932130185,2,0.20000934600830078,0.3600168228149414,2,0.20000934600830078,0.3600168228149414,2,-0.033338189125061035,0.3133473157882691,2,0.05483112431600737,0.05546073943136511
held_trial_full,mamba,1,screwDriver_Pose1_Exp10,screwDriver,0.878065655561717,671,253,3,4,1,0,22.36756706237793,13.924768209457397,1.6335992813110352,8.27512526512146,0.5454545454545454,0.75,0.25,10.729821411988883,0.11731608431381503,0.36996090106912677,3,0.03272509574890137,0.3797149181365967,3,0.03272509574890137,0.3797149181365967,3,0.03272509574890137,0.3797149181365967,3,0.6040207053072331,0.7640406007490221
held_trial_full,mamba,1,screwDriver_Pose1_Exp9,screwDriver,0.8915321423368546,688,308,2,0,2,0,22.927485466003418,12.661098003387451,10.000349283218384,20.167552709579468,0.6666666666666666,0.5,0.5,0.0,0.7898485013339925,0.8796233995866515,2,0.06655633449554443,0.11980140209197998,2,0.06655633449554443,0.11980140209197998,2,-0.18305516242980957,0.0698791027069092,2,0.4949901567700366,0.7195636983658357
held_trial_full,mamba,1,screwDriver_Pose2_Exp10,screwDriver,0.9999999999999998,110,23,1,0,0,0,3.6579785346984863,2.891040325164795,0.5650725364685059,1.3320107460021973,1.0,1.0,0.0,0.0,0.19545646995992547,0.3641384806846577,1,0.0,0.0,1,0.0,0.0,1,-0.5659840106964111,-0.5659840106964111,1,0.5757747914838716,0.5757747914838716
held_trial_full,mamba,1,screwDriver_Pose2_Exp9,screwDriver,,627,0,0,1,0,0,20.91916060447693,20.91916060447693,0.23494505882263184,0.23494505882263184,0.0,0.0,0.0,2.8681839168613363,0.011231093984351887,0.011231093984351887,0,,,0,,,0,,,0,,
held_trial_full,mamba,1,screwDriver_Pose3_Exp10,screwDriver,0.6751987996712615,668,268,1,0,3,0,22.261112451553345,13.32762360572815,10.83321738243103,19.766706228256226,0.4,0.25,0.75,0.0,0.8128393855431936,0.8879478180290553,1,0.0,0.0,1,0.0,0.0,1,-0.6666340827941895,-0.6666340827941895,1,0.18718688853219986,0.18718688853219986
held_trial_full,mamba,1,screwDriver_Pose3_Exp9,screwDriver,0.3305021168797241,679,240,1,0,6,0,22.62770962715149,14.627729415893555,11.767145156860352,19.767125368118286,0.25,0.14285714285714285,0.8571428571428571,0.0,0.8044409916466546,0.8735804769387386,1,0.0,0.0,1,0.0,0.0,1,-0.6999785900115967,-0.6999785900115967,1,0.021919884459811058,0.021919884459811058
held_trial_full,mamba,1,SpoolSolder_Pose1_Exp10,SpoolSolder,0.4485186154097228,688,117,3,1,0,0,22.938194274902344,19.038597345352173,2.8330838680267334,5.966487407684326,0.8571428571428571,1.0,0.0,2.615724641657977,0.14880738410691607,0.2601114689403653,3,0.1332874298095703,0.5332588195800781,3,0.1332874298095703,0.5332588195800781,3,0.1332874298095703,0.5332588195800781,3,0.29174103903047743,0.49674378325616936
held_trial_full,mamba,1,SpoolSolder_Pose1_Exp9,SpoolSolder,0.9762749699234141,278,179,1,1,0,0,9.260969877243042,3.2941131591796875,0.26611852645874023,5.199730157852173,0.6666666666666666,1.0,0.0,6.478803062240581,0.08078609130871815,0.5614671278252893,1,1.0335912704467773,1.0335912704467773,1,1.0335912704467773,1.0335912704467773,1,1.0335912704467773,1.0335912704467773,1,0.8177431066747626,0.8177431066747626
held_trial_full,mamba,1,SpoolSolder_Pose2_Exp10,SpoolSolder,0.7309273275992665,367,232,1,2,0,0,12.227764129638672,4.494509220123291,1.9666485786437988,7.066285133361816,0.5,1.0,0.0,9.813731989573958,0.4375669249577934,0.5778885705060312,1,0.0,0.0,1,0.0,0.0,1,-1.433103084564209,-1.433103084564209,1,0.3090917248410824,0.3090917248410824
held_trial_full,mamba,1,SpoolSolder_Pose2_Exp9,SpoolSolder,0.4899766899766899,107,10,1,0,0,0,3.5610547065734863,3.2280662059783936,0.967034101486206,1.3000226020812988,1.0,1.0,0.0,0.0,0.29957071502909527,0.36506673140447343,1,0.0,0.0,1,0.0,0.0,1,-0.7666451930999756,-0.7666451930999756,1,0.2561405471427864,0.2561405471427864
held_trial_full,mamba,1,SpoolSolder_Pose3_Exp10,SpoolSolder,0.2687958613120076,687,120,2,0,1,0,22.894401788711548,18.894401788711548,7.299971342086792,10.133305788040161,0.8,0.6666666666666666,0.3333333333333333,0.0,0.3863563093301084,0.44261063824941477,2,0.08324706554412842,0.14984471797943116,2,0.08324706554412842,0.14984471797943116,2,-0.23336434364318848,0.08652243614196779,2,0.2869687023203319,0.40732261467379227
held_trial_full,mamba,1,SpoolSolder_Pose3_Exp9,SpoolSolder,0.8141523969301028,698,135,1,1,1,0,23.26098656654358,18.761017560958862,0.13303637504577637,2.166119337081909,0.5,0.5,0.5,2.579426277916276,0.007091106578495041,0.09312241898619433,1,0.5666396617889404,0.5666396617889404,1,0.5666396617889404,0.5666396617889404,1,0.5666396617889404,0.5666396617889404,1,0.49590144414667603,0.49590144414667603
held_trial_full,mamba,2,brush_Pose1_Exp10,brush,0.8509104120517164,101,14,1,0,0,0,3.3611581325531006,2.894446849822998,0.33325767517089844,0.799968957901001,1.0,1.0,0.0,0.0,0.11513691301371724,0.2380039636199303,1,0.0,0.0,1,0.0,0.0,1,-0.3332350254058838,-0.3332350254058838,1,0.5834117413189172,0.5834117413189172
held_trial_full,mamba,2,brush_Pose1_Exp9,brush,0.7725649350649351,90,7,1,0,0,0,2.9944820404052734,2.7610766887664795,0.5667686462402344,0.8001739978790283,1.0,1.0,0.0,0.0,0.2052708816622693,0.26721616195458386,1,0.0,0.0,1,0.0,0.0,1,-0.5669229030609131,-0.5669229030609131,1,0.2916932470406025,0.2916932470406025
held_trial_full,mamba,2,brush_Pose2_Exp10,brush,0.23775060826229388,128,33,1,1,0,0,4.261070489883423,3.161142587661743,0.10010385513305664,0.16678762435913086,0.6666666666666666,1.0,0.0,14.080968653874937,0.031666985071718064,0.039142188507586495,1,1.0333971977233887,1.0333971977233887,1,1.0333971977233887,1.0333971977233887,1,1.0333971977233887,1.0333971977233887,1,0.0606255819962232,0.0606255819962232
held_trial_full,mamba,2,brush_Pose2_Exp9,brush,0.743328910511573,107,9,1,0,0,0,3.5613017082214355,3.2613587379455566,0.8002374172210693,1.1001803874969482,1.0,1.0,0.0,0.0,0.24536933269879005,0.3089264762255692,1,0.0,0.0,1,0.0,0.0,1,-0.5332460403442383,-0.5332460403442383,1,0.27263071918441273,0.27263071918441273
held_trial_full,mamba,2,brush_Pose3_Exp10,brush,1.0,99,8,2,0,0,1,3.294581651687622,3.0277276039123535,0.4334275722503662,0.7002816200256348,1.0,1.0,0.0,0.0,0.14315276304589025,0.21255555152713285,2,0.0,0.0,1,0.0,0.0,1,-0.433518648147583,-0.433518648147583,2,0.6578828610120601,0.9315765722024121
held_trial_full,mamba,2,brush_Pose3_Exp9,brush,0.3893792834450228,330,152,3,0,0,0,10.99442172050476,5.927415609359741,3.1996569633483887,5.066751003265381,1.0,1.0,0.0,0.0,0.5398064138266162,0.4608474308217425,3,0.9335358142852783,2.485363054275513,3,0.9335358142852783,2.485363054275513,3,0.9335358142852783,2.485363054275513,3,0.24320292097694815,0.2923317821557789
held_trial_full,mamba,2,screwDriver_Pose1_Exp10,screwDriver,0.8014654050845453,671,253,1,0,3,0,22.36756706237793,13.924768209457397,11.130053997039795,19.572852849960327,0.4,0.25,0.75,0.0,0.7992990496948097,0.8750550650133831,1,0.0,0.0,1,0.0,0.0,1,-0.3329629898071289,-0.3329629898071289,1,0.19581929336431145,0.19581929336431145
held_trial_full,mamba,2,screwDriver_Pose1_Exp9,screwDriver,0.9129540873689768,688,308,1,0,3,0,22.927485466003418,12.661098003387451,9.80083680152893,20.067224264144897,0.4,0.25,0.75,0.0,0.7740905882654677,0.8752474968918995,1,0.0,0.0,1,0.0,0.0,1,-0.33403539657592773,-0.33403539657592773,1,0.19932692028146218,0.19932692028146218
held_trial_full,mamba,2,screwDriver_Pose2_Exp10,screwDriver,0.9965217391304346,110,23,1,1,0,0,3.6579785346984863,2.891040325164795,0.26786231994628906,1.0348005294799805,0.6666666666666666,1.0,0.0,16.402501936754962,0.09265257133036371,0.282888628149174,1,0.0,0.0,1,0.0,0.0,1,-0.19951605796813965,-0.19951605796813965,1,0.7934481254846864,0.7934481254846864
held_trial_full,mamba,2,screwDriver_Pose2_Exp9,screwDriver,,627,0,0,4,0,0,20.91916060447693,20.91916060447693,4.512775182723999,4.512775182723999,0.0,0.0,0.0,11.472735667445345,0.21572448665833255,0.21572448665833255,0,,,0,,,0,,,0,,
held_trial_full,mamba,2,screwDriver_Pose3_Exp10,screwDriver,0.8953427237451055,668,268,1,0,3,0,22.261112451553345,13.32762360572815,10.699875593185425,19.63336443901062,0.4,0.25,0.75,0.0,0.8028344669477813,0.8819579201955218,1,0.0,0.0,1,0.0,0.0,1,-0.5665061473846436,-0.5665061473846436,1,0.18845818539615494,0.18845818539615494
held_trial_full,mamba,2,screwDriver_Pose3_Exp9,screwDriver,0.49921781249805286,679,240,1,0,6,0,22.62770962715149,14.627729415893555,11.36687183380127,19.366852045059204,0.25,0.14285714285714285,0.8571428571428571,0.0,0.7770769823955558,0.855890956892097,1,0.0,0.0,1,0.0,0.0,1,-0.23345685005187988,-0.23345685005187988,1,0.022372923754652888,0.022372923754652888
held_trial_full,mamba,2,SpoolSolder_Pose1_Exp10,SpoolSolder,0.2071813865873366,688,117,2,0,1,0,22.938194274902344,19.038597345352173,15.733482599258423,19.4998676776886,0.8,0.6666666666666666,0.3333333333333333,0.0,0.8263992516811846,0.850104739893333,2,0.0,0.0,2,0.0,0.0,2,-3.5168267488479614,-1.0236503839492797,2,0.16584026311612352,0.17211070474518297
held_trial_full,mamba,2,SpoolSolder_Pose1_Exp9,SpoolSolder,0.9909816600876596,278,179,1,0,0,0,9.260969877243042,3.2941131591796875,0.0,4.4001054763793945,1.0,1.0,0.0,0.0,0.0,0.47512361390913954,1,1.5668468475341797,1.5668468475341797,1,1.5668468475341797,1.5668468475341797,1,1.5668468475341797,1.5668468475341797,1,0.7374243566229832,0.7374243566229832
held_trial_full,mamba,2,SpoolSolder_Pose2_Exp10,SpoolSolder,0.8562657185956923,367,232,1,1,0,0,12.227764129638672,4.494509220123291,1.6667447090148926,9.399999618530273,0.6666666666666666,1.0,0.0,4.906865994786979,0.37084020243019356,0.7687423079862795,1,0.0,0.0,1,0.0,0.0,1,-1.433103084564209,-1.433103084564209,1,0.8436319042020828,0.8436319042020828
held_trial_full,mamba,2,SpoolSolder_Pose2_Exp9,SpoolSolder,0.8248717948717949,107,10,1,0,0,0,3.5610547065734863,3.2280662059783936,0.567039966583252,0.9000284671783447,1.0,1.0,0.0,0.0,0.1756593360858248,0.2527421062970327,1,0.0,0.0,1,0.0,0.0,1,-0.3666417598724365,-0.3666417598724365,1,0.36997552048440885,0.36997552048440885
held_trial_full,mamba,2,SpoolSolder_Pose3_Exp10,SpoolSolder,0.6732292682543088,687,120,3,0,0,0,22.894401788711548,18.894401788711548,1.1665945053100586,4.633530616760254,1.0,1.0,0.0,0.0,0.061742865339459434,0.20238705774111515,3,0.0,0.07969245910644532,3,0.0,0.07969245910644532,3,-0.56634521484375,-0.033576583862304665,3,0.5864256258790574,0.7101280142592383
held_trial_full,mamba,2,SpoolSolder_Pose3_Exp9,SpoolSolder,0.45765707776583375,698,135,2,0,0,0,23.26098656654358,18.761017560958862,1.033203125,3.3663694858551025,1.0,1.0,0.0,0.0,0.055071806294242055,0.1447216985498359,2,0.2667423486709595,0.3467065095901489,2,0.2667423486709595,0.3467065095901489,2,0.2667423486709595,0.3467065095901489,2,0.33749841299536965,0.4772327023422177
held_trial_full,mamba,3,brush_Pose1_Exp10,brush,0.38433874088955366,101,14,0,1,1,0,3.3611581325531006,2.894446849822998,0.03336310386657715,0.03336310386657715,0.0,0.0,1.0,17.85098993674083,0.01152659060525412,0.009926073856345129,0,,,0,,,0,,,0,,
held_trial_full,mamba,3,brush_Pose1_Exp9,brush,1.0,90,7,1,0,0,0,2.9944820404052734,2.7610766887664795,0.13316679000854492,0.36657214164733887,1.0,1.0,0.0,0.0,0.0482300222048659,0.12241587583464918,1,0.0,0.0,1,0.0,0.0,1,-0.13327741622924805,-0.13327741622924805,1,0.6367241945607035,0.6367241945607035
held_trial_full,mamba,3,brush_Pose2_Exp10,brush,0.9930169787261818,128,33,1,1,0,0,4.261070489883423,3.161142587661743,0.03325676918029785,1.033125638961792,0.6666666666666666,1.0,0.0,14.080968653874937,0.01052049006270782,0.24245682896225848,1,0.10002350807189941,0.10002350807189941,1,0.10002350807189941,0.10002350807189941,1,0.10002350807189941,0.10002350807189941,1,0.9090312808338781,0.9090312808338781
held_trial_full,mamba,3,brush_Pose2_Exp9,brush,0.9216200466200468,107,9,1,0,0,0,3.5613017082214355,3.2613587379455566,0.10006284713745117,0.3332200050354004,1.0,1.0,0.0,0.0,0.03068133719030377,0.09356691242029454,1,0.06672525405883789,0.06672525405883789,1,0.06672525405883789,0.06672525405883789,1,0.06672525405883789,0.06672525405883789,1,0.5828844175459217,0.5828844175459217
held_trial_full,mamba,3,brush_Pose3_Exp10,brush,1.0,99,8,2,0,0,1,3.294581651687622,3.0277276039123535,0.0,0.20020055770874023,1.0,1.0,0.0,0.0,0.0,0.06076660980801285,2,0.03329432010650635,0.05992977619171143,1,0.0665886402130127,0.0665886402130127,1,0.0665886402130127,0.0665886402130127,2,0.8333841904950349,0.966676838099007
held_trial_full,mamba,3,brush_Pose3_Exp9,brush,0.4590625093108906,330,152,2,0,1,0,10.99442172050476,5.927415609359741,2.932918071746826,4.899824857711792,0.8,0.6666666666666666,0.3333333333333333,0.0,0.49480553837250324,0.44566462723305816,2,1.6499813795089722,2.8898648977279664,2,1.6499813795089722,2.8898648977279664,2,1.6499813795089722,2.8898648977279664,2,0.14390956633718205,0.21710530434717357
held_trial_full,mamba,3,screwDriver_Pose1_Exp10,screwDriver,0.8308642699819326,671,253,3,7,1,0,22.36756706237793,13.924768209457397,3.367541790008545,9.429670810699463,0.42857142857142855,0.75,0.25,18.777187470980547,0.24183826540978862,0.42157784905270695,3,0.036974191665649414,1.5327972888946535,3,0.036974191665649414,1.5327972888946535,3,0.036974191665649414,1.5327972888946535,3,0.574876194150168,0.8448746083907489
held_trial_full,mamba,3,screwDriver_Pose1_Exp9,screwDriver,0.6822040768809852,688,308,1,0,3,0,22.927485466003418,12.661098003387451,9.30015254020691,19.566540002822876,0.4,0.25,0.75,0.0,0.7345454981644303,0.8534097658391667,1,0.0,0.0,1,0.0,0.0,1,0.0,0.0,1,0.2044274568008631,0.2044274568008631
held_trial_full,mamba,3,screwDriver_Pose2_Exp10,screwDriver,0.9949832775919731,110,23,1,0,0,0,3.6579785346984863,2.891040325164795,0.0,0.6659379005432129,1.0,1.0,0.0,0.0,0.0,0.18205079505697638,1,0.033135414123535156,0.033135414123535156,1,0.033135414123535156,0.033135414123535156,1,0.033135414123535156,0.033135414123535156,1,0.868307110357837,0.868307110357837
held_trial_full,mamba,3,screwDriver_Pose2_Exp9,screwDriver,,627,0,0,2,0,0,20.91916060447693,20.91916060447693,17.884735822677612,17.884735822677612,0.0,0.0,0.0,5.736367833722673,0.8549451940652955,0.8549451940652955,0,,,0,,,0,,,0,,
held_trial_full,mamba,3,screwDriver_Pose3_Exp10,screwDriver,0.5471044322875256,668,268,1,0,3,0,22.261112451553345,13.32762360572815,10.766582727432251,19.700071573257446,0.4,0.25,0.75,0.0,0.8078396453817037,0.8849544970463867,1,0.0,0.0,1,0.0,0.0,1,-0.633155107498169,-0.633155107498169,1,0.1878200402286927,0.1878200402286927
held_trial_full,mamba,3,screwDriver_Pose3_Exp9,screwDriver,0.36727756126394845,679,240,1,0,6,0,22.62770962715149,14.627729415893555,11.233522176742554,19.23350238800049,0.25,0.14285714285714285,0.8571428571428571,0.0,0.7679607584576269,0.8499977551825123,1,0.0,0.0,1,0.0,0.0,1,-0.2668614387512207,-0.2668614387512207,1,0.022528039637860153,0.022528039637860153
held_trial_full,mamba,3,SpoolSolder_Pose1_Exp10,SpoolSolder,0.5377268040636397,688,117,3,3,0,0,22.938194274902344,19.038597345352173,2.266443967819214,5.765986442565918,0.6666666666666666,1.0,0.0,7.847173924973932,0.11904469256357864,0.25137054702142486,3,0.13351821899414062,0.1863992691040039,3,0.13351821899414062,0.1863992691040039,3,0.13351821899414062,0.1863992691040039,3,0.8180085863603214,0.9236086410037267
held_trial_full,mamba,3,SpoolSolder_Pose1_Exp9,SpoolSolder,0.9981016724638445,278,179,1,0,0,0,9.260969877243042,3.2941131591796875,0.033117055892944336,5.79995584487915,1.0,1.0,0.0,0.0,0.010053405664179208,0.6262795281443866,1,0.20005106925964355,0.20005106925964355,1,0.20005106925964355,0.20005106925964355,1,0.20005106925964355,0.20005106925964355,1,0.9611439993317893,0.9611439993317893
held_trial_full,mamba,3,SpoolSolder_Pose2_Exp10,SpoolSolder,0.7118363754001353,367,232,1,1,0,0,12.227764129638672,4.494509220123291,1.6998646259307861,9.433119535446167,0.6666666666666666,1.0,0.0,4.906865994786979,0.3782091753911579,0.7714508912206923,1,0.0,0.0,1,0.0,0.0,1,-1.433103084564209,-1.433103084564209,1,0.8436319042020828,0.8436319042020828
held_trial_full,mamba,3,SpoolSolder_Pose2_Exp9,SpoolSolder,0.9714285714285714,107,10,1,0,0,0,3.5610547065734863,3.2280662059783936,0.366926908493042,0.6999154090881348,1.0,1.0,0.0,0.0,0.1136677146873542,0.19654722175318853,1,0.0,0.0,1,0.0,0.0,1,-0.2998344898223877,-0.2998344898223877,1,0.47575535024856436,0.47575535024856436
held_trial_full,mamba,3,SpoolSolder_Pose3_Exp10,SpoolSolder,0.6282555946319678,687,120,2,0,1,0,22.894401788711548,18.894401788711548,3.13333797454834,6.166640281677246,0.8,0.6666666666666666,0.3333333333333333,0.0,0.16583419838252572,0.2693514483841114,2,0.05010688304901123,0.09019238948822021,2,0.05010688304901123,0.09019238948822021,2,-0.5164589881896973,-0.02312078475952145,2,0.4497020659188875,0.5134858103407917
held_trial_full,mamba,3,SpoolSolder_Pose3_Exp9,SpoolSolder,0.725782858207174,698,135,1,0,1,0,23.26098656654358,18.761017560958862,2.866929054260254,5.600038528442383,0.6666666666666666,0.5,0.5,0.0,0.152813089425717,0.24074810896013124,1,0.0,0.0,1,0.0,0.0,1,-2.8662586212158203,-2.8662586212158203,1,0.39231041616281026,0.39231041616281026
held_trial_full,mamba,4,brush_Pose1_Exp10,brush,0.9999999999999998,101,14,1,0,0,0,3.3611581325531006,2.894446849822998,0.09993791580200195,0.5666491985321045,1.0,1.0,0.0,0.0,0.03452746620934269,0.16858748567764756,1,0.0,0.0,1,0.0,0.0,1,-0.10006022453308105,-0.10006022453308105,1,0.8236335354203456,0.8236335354203456
held_trial_full,mamba,4,brush_Pose1_Exp9,brush,0.8441043083900226,90,7,1,0,0,0,2.9944820404052734,2.7610766887664795,0.09969735145568848,0.3331027030944824,1.0,1.0,0.0,0.0,0.036108142834753575,0.11123883816962224,1,0.0,0.0,1,0.0,0.0,1,-0.0998983383178711,-0.0998983383178711,1,0.7007008633388064,0.7007008633388064
held_trial_full,mamba,4,brush_Pose2_Exp10,brush,0.5057399311202031,128,33,1,2,0,0,4.261070489883423,3.161142587661743,0.13354063034057617,0.2002243995666504,0.5,1.0,0.0,28.161937307749874,0.04224441847760954,0.04698922490064891,1,1.0333971977233887,1.0333971977233887,1,1.0333971977233887,1.0333971977233887,1,1.0333971977233887,1.0333971977233887,1,0.0606255819962232,0.0606255819962232
held_trial_full,mamba,4,brush_Pose2_Exp9,brush,0.5445765245765246,107,9,1,0,0,0,3.5613017082214355,3.2613587379455566,0.266737699508667,0.400022029876709,1.0,1.0,0.0,0.0,0.08178729202807489,0.11232466739710342,1,0.16673040390014648,0.16673040390014648,1,0.16673040390014648,0.16673040390014648,1,0.16673040390014648,0.16673040390014648,1,0.23520182966311026,0.23520182966311026
held_trial_full,mamba,4,brush_Pose3_Exp10,brush,1.0,99,8,2,0,0,1,3.294581651687622,3.0277276039123535,0.0,0.20020055770874023,1.0,1.0,0.0,0.0,0.0,0.06076660980801285,2,0.03329432010650635,0.05992977619171143,1,0.0665886402130127,0.0665886402130127,1,0.0665886402130127,0.0665886402130127,2,0.8333841904950349,0.966676838099007
held_trial_full,mamba,4,brush_Pose3_Exp9,brush,0.600730014952517,330,152,3,1,0,0,10.99442172050476,5.927415609359741,1.3328728675842285,2.433100938796997,0.8571428571428571,1.0,0.0,5.457312946991937,0.224865768730565,0.22130322091058482,3,0.0,0.15996742248535156,3,0.0,0.15996742248535156,3,-0.2665977478027344,0.10664787292480471,3,0.1296452167431176,0.2696202413090128
held_trial_full,mamba,4,screwDriver_Pose1_Exp10,screwDriver,0.7010391181981732,671,253,2,1,2,0,22.36756706237793,13.924768209457397,4.501094102859497,8.66683292388916,0.5714285714285714,0.5,0.5,2.682455352997221,0.32324373628010933,0.3874732061703172,2,0.5000039339065552,0.9000070810317994,2,0.5000039339065552,0.9000070810317994,2,0.23343098163604736,0.8466924905776978,2,0.34915973469359785,0.4468719969099326
held_trial_full,mamba,4,screwDriver_Pose1_Exp9,screwDriver,0.7371412255244655,688,308,1,0,3,0,22.927485466003418,12.661098003387451,9.932937860488892,20.19932532310486,0.4,0.25,0.75,0.0,0.7845242061811191,0.8810091866836491,1,0.0,0.0,1,0.0,0.0,1,-0.4665548801422119,-0.4665548801422119,1,0.1980233471755679,0.1980233471755679
held_trial_full,mamba,4,screwDriver_Pose2_Exp10,screwDriver,0.9999999999999998,110,23,1,0,0,0,3.6579785346984863,2.891040325164795,0.333512544631958,1.1004507541656494,1.0,1.0,0.0,0.0,0.11536073770017274,0.3008357604417587,1,0.0,0.0,1,0.0,0.0,1,-0.33377695083618164,-0.33377695083618164,1,0.6969309681787407,0.6969309681787407
held_trial_full,mamba,4,screwDriver_Pose2_Exp9,screwDriver,,627,0,0,1,0,0,20.91916060447693,20.91916060447693,0.43211865425109863,0.43211865425109863,0.0,0.0,0.0,2.8681839168613363,0.02065659623831276,0.02065659623831276,0,,,0,,,0,,,0,,
held_trial_full,mamba,4,screwDriver_Pose3_Exp10,screwDriver,0.6670942079482611,668,268,2,1,2,0,22.261112451553345,13.32762360572815,10.166405200958252,18.80010724067688,0.5714285714285714,0.5,0.5,2.695283092009775,0.7628070466057264,0.8445268528961156,2,0.06670951843261719,0.12007713317871094,2,0.06670951843261719,0.12007713317871094,2,-3.3834246397018433,-0.569949698448181,2,0.0952675436664242,0.16425296369124123
held_trial_full,mamba,4,screwDriver_Pose3_Exp9,screwDriver,0.3676406276530623,679,240,1,1,6,0,22.62770962715149,14.627729415893555,11.100672721862793,18.93390464782715,0.2222222222222222,0.14285714285714285,0.8571428571428571,2.651616137410773,0.7588787299962981,0.8367574518062552,1,0.16658234596252441,0.16658234596252441,1,0.16658234596252441,0.16658234596252441,1,0.16658234596252441,0.16658234596252441,1,0.013979319605006351,0.013979319605006351
held_trial_full,mamba,4,SpoolSolder_Pose1_Exp10,SpoolSolder,0.35284524449455995,688,117,1,1,2,0,22.938194274902344,19.038597345352173,15.133337020874023,18.79967951774597,0.4,0.3333333333333333,0.6666666666666666,2.615724641657977,0.7948766784843251,0.8195797494973482,1,0.0,0.0,1,0.0,0.0,1,-5.499833583831787,-5.499833583831787,1,0.18504104204003707,0.18504104204003707
held_trial_full,mamba,4,SpoolSolder_Pose1_Exp9,SpoolSolder,0.9869024055819595,278,179,1,0,0,0,9.260969877243042,3.2941131591796875,0.0,2.8668019771575928,1.0,1.0,0.0,0.0,0.0,0.30955742380743273,1,3.0333850383758545,3.0333850383758545,1,3.0333850383758545,3.0333850383758545,1,3.0333850383758545,3.0333850383758545,1,0.4804543015888041,0.4804543015888041
held_trial_full,mamba,4,SpoolSolder_Pose2_Exp10,SpoolSolder,0.9639770592684254,367,232,1,1,0,0,12.227764129638672,4.494509220123291,0.0,3.666522264480591,0.6666666666666666,1.0,0.0,4.906865994786979,0.0,0.2998522236451527,1,3.833547353744507,3.833547353744507,1,3.833547353744507,3.833547353744507,1,3.833547353744507,3.833547353744507,1,0.1982534202673838,0.1982534202673838
held_trial_full,mamba,4,SpoolSolder_Pose2_Exp9,SpoolSolder,0.5417086013149988,107,10,1,0,0,0,3.5610547065734863,3.2280662059783936,0.3334543704986572,0.5331606864929199,1.0,1.0,0.0,0.0,0.10329849179706978,0.1497198808849351,1,0.0,0.0,1,0.0,0.0,1,-0.3333144187927246,-0.3333144187927246,1,0.2996600678862533,0.2996600678862533
held_trial_full,mamba,4,SpoolSolder_Pose3_Exp10,SpoolSolder,0.9112626860049025,687,120,3,5,0,0,22.894401788711548,18.894401788711548,3.2660837173461914,6.9995036125183105,0.5454545454545454,1.0,0.0,13.103640041292532,0.17285986367123365,0.3057299193538889,3,0.0,0.05303173065185547,3,0.0,0.05303173065185547,3,-0.499920129776001,-0.0469522953033447,3,0.6184422945855813,0.6949169586766989
held_trial_full,mamba,4,SpoolSolder_Pose3_Exp9,SpoolSolder,0.7112716487710733,698,135,2,0,0,0,23.26098656654358,18.761017560958862,0.23327898979187012,2.299588680267334,1.0,1.0,0.0,0.0,0.01243423972254666,0.09886032450467284,2,0.41660845279693604,0.4831624269485474,2,0.41660845279693604,0.4831624269485474,2,0.41660845279693604,0.4831624269485474,2,0.2965166580115834,0.44949210622033
loo_SpoolSolder,gru,0,SpoolSolder_Pose1_Exp1,SpoolSolder,0.15923715128059007,667,85,1,1,2,0,22.227914571762085,19.39436650276184,14.827598810195923,17.661146879196167,0.4,0.3333333333333333,0.6666666666666666,2.6993085566480826,0.7645312265334581,0.7945480815205466,1,0.0,0.0,1,0.0,0.0,1,-4.466938734054565,-4.466938734054565,1,0.009499812094134528,0.009499812094134528
loo_SpoolSolder,gru,0,SpoolSolder_Pose1_Exp10,SpoolSolder,0.295158026118975,688,117,1,0,2,0,22.938194274902344,19.038597345352173,18.49491834640503,22.3945152759552,0.5,0.3333333333333333,0.6666666666666666,0.0,0.9714433269906898,0.9762980907550336,1,0.0,0.0,1,0.0,0.0,1,-2.9335708618164062,-2.9335708618164062,1,0.01041569463790386,0.01041569463790386
loo_SpoolSolder,gru,0,SpoolSolder_Pose1_Exp2,SpoolSolder,0.2082301401671208,645,108,1,3,1,0,21.49458360671997,17.89473557472229,10.261168241500854,13.394460678100586,0.3333333333333333,0.5,0.5,8.374202696521444,0.5734182658723136,0.6231551596055577,1,0.466749906539917,0.466749906539917,1,0.466749906539917,0.466749906539917,1,0.466749906539917,0.466749906539917,1,0.21851099820590408,0.21851099820590408
loo_SpoolSolder,gru,0,SpoolSolder_Pose1_Exp3,SpoolSolder,0.19210220648902604,684,129,2,1,2,0,22.794421911239624,18.494444847106934,15.161187410354614,18.361064672470093,0.5714285714285714,0.5,0.5,2.632222928646188,0.8197698030782612,0.8055069237538548,2,0.5500465631484985,0.9900838136672974,2,0.5500465631484985,0.9900838136672974,2,-1.7166258096694946,0.5367493391036988,2,0.10021527296233923,0.16819512340543358
loo_SpoolSolder,gru,0,SpoolSolder_Pose1_Exp4,SpoolSolder,0.6439393537964508,678,224,1,1,4,0,22.594207048416138,15.128276824951172,12.794972658157349,20.260902881622314,0.2857142857142857,0.2,0.8,2.655547940736695,0.8457653707826467,0.8967299820793052,1,0.0,0.0,1,0.0,0.0,1,-1.4334063529968262,-1.4334063529968262,1,0.03814817464352204,0.03814817464352204
loo_SpoolSolder,gru,0,SpoolSolder_Pose1_Exp5,SpoolSolder,0.010814482039464758,701,12,1,2,0,0,23.361027002334595,22.960872173309326,20.661150455474854,21.061305284500122,0.5,1.0,0.0,5.136760468108177,0.8998417089526867,0.9015573366014837,1,0.0,0.0,1,0.0,0.0,1,-0.2337055206298828,-0.2337055206298828,1,0.019487946066316708,0.019487946066316708
loo_SpoolSolder,gru,0,SpoolSolder_Pose1_Exp6,SpoolSolder,0.6926174689990189,310,53,2,2,0,0,10.32815170288086,8.561303615570068,7.628080129623413,9.394928216934204,0.6666666666666666,1.0,0.0,11.618729415692847,0.8909951652398541,0.9096427402701348,2,0.0,0.0,2,0.0,0.0,2,-1.8166732788085938,-1.5365766525268554,2,0.22342274716766772,0.32108706262627396
loo_SpoolSolder,gru,0,SpoolSolder_Pose1_Exp7,SpoolSolder,0.02416980796861489,708,26,1,2,0,0,23.59441637992859,22.727403163909912,21.060900926589966,21.927914142608643,0.5,1.0,0.0,5.085949068105884,0.9266743223895338,0.929368787492552,1,0.0,0.0,1,0.0,0.0,1,-0.23310089111328125,-0.23310089111328125,1,0.040577767577994174,0.040577767577994174
loo_SpoolSolder,gru,0,SpoolSolder_Pose1_Exp8,SpoolSolder,0.2641395608723194,686,218,1,3,1,0,22.86088490486145,15.59437108039856,13.59431767463684,20.86083149909973,0.3333333333333333,0.5,0.5,7.873710958656825,0.871745170391918,0.9125119865619725,1,0.0,0.0,1,0.0,0.0,1,-6.73333215713501,-6.73333215713501,1,0.35533460912006093,0.35533460912006093
loo_SpoolSolder,gru,0,SpoolSolder_Pose1_Exp9,SpoolSolder,0.9061164527313473,278,179,1,2,0,0,9.260969877243042,3.2941131591796875,1.1607327461242676,6.694349050521851,0.5,1.0,0.0,12.957606124481162,0.35236577799085617,0.7228561521371382,1,0.0,0.0,1,0.0,0.0,1,-0.7666642665863037,-0.7666642665863037,1,0.014865405162568096,0.014865405162568096
loo_SpoolSolder,gru,0,SpoolSolder_Pose2_Exp1,SpoolSolder,0.49657872991206325,111,9,1,1,0,0,3.694748878479004,3.3947198390960693,0.92820143699646,1.2282304763793945,0.6666666666666666,1.0,0.0,16.239263336538276,0.2734250486024252,0.3324259690647807,1,0.0,0.0,1,0.0,0.0,1,-0.6999921798706055,-0.6999921798706055,1,0.26464557543414546,0.26464557543414546
loo_SpoolSolder,gru,0,SpoolSolder_Pose2_Exp10,SpoolSolder,0.8057827523930577,367,232,1,2,0,0,12.227764129638672,4.494509220123291,2.094627618789673,9.827882528305054,0.5,1.0,0.0,9.813731989573958,0.46604145551896636,0.8037350429816857,1,0.0,0.0,1,0.0,0.0,1,-1.433103084564209,-1.433103084564209,1,0.8436319042020828,0.8436319042020828
loo_SpoolSolder,gru,0,SpoolSolder_Pose2_Exp2,SpoolSolder,0.8849811414643177,372,251,1,1,1,0,12.394343137741089,4.027637481689453,1.6940839290618896,10.060789585113525,0.5,0.5,0.5,4.840918097329295,0.4206147988153295,0.8117243062666359,1,0.0,0.0,1,0.0,0.0,1,-0.633364200592041,-0.633364200592041,1,0.3311159725189899,0.3311159725189899
loo_SpoolSolder,gru,0,SpoolSolder_Pose2_Exp3,SpoolSolder,0.009012989139826403,682,8,1,2,0,0,22.727606534957886,22.461108207702637,22.194518327713013,22.46101665496826,0.5,1.0,0.0,5.279922450937589,0.9881310451147641,0.9882702175620836,1,0.0,0.0,1,0.0,0.0,1,-18.333491802215576,-18.333491802215576,1,0.013550864856801384,0.013550864856801384
loo_SpoolSolder,gru,0,SpoolSolder_Pose2_Exp4,SpoolSolder,0.959477547488685,138,44,1,1,0,0,4.594318389892578,3.1277811527252197,0.96109938621521,2.4276366233825684,0.6666666666666666,1.0,0.0,13.05960860962509,0.3072783354352682,0.5283997357961362,1,0.0,0.0,1,0.0,0.0,1,-0.6668529510498047,-0.6668529510498047,1,0.6376451911721777,0.6376451911721777
loo_SpoolSolder,gru,0,SpoolSolder_Pose2_Exp5,SpoolSolder,0.41966540404040403,105,8,1,1,0,0,3.4946017265319824,3.227668285369873,0.7610092163085938,1.0279426574707031,0.6666666666666666,1.0,0.0,17.169338509868926,0.23577677413693282,0.2941515909141457,1,0.0,0.0,1,0.0,0.0,1,-0.5333309173583984,-0.5333309173583984,1,0.2965361212037099,0.2965361212037099
loo_SpoolSolder,gru,0,SpoolSolder_Pose2_Exp6,SpoolSolder,0.5190692153661067,678,55,1,1,1,0,22.59462594985962,20.7613263130188,18.127660989761353,19.960960626602173,0.5,0.5,0.5,2.6554987072212533,0.8731456129753158,0.8834384189806068,1,0.0,0.0,1,0.0,0.0,1,-0.733269214630127,-0.733269214630127,1,0.07227063749478999,0.07227063749478999
loo_SpoolSolder,gru,0,SpoolSolder_Pose2_Exp7,SpoolSolder,0.08716433822733025,682,42,1,1,2,0,22.727771282196045,21.3279025554657,20.727920293807983,22.12778902053833,0.4,0.3333333333333333,0.6666666666666666,2.6399420891304644,0.9718686701565055,0.9736013595786351,1,0.0,0.0,1,0.0,0.0,1,-2.366563320159912,-2.366563320159912,1,0.009120053927914373,0.009120053927914373
loo_SpoolSolder,gru,0,SpoolSolder_Pose2_Exp8,SpoolSolder,0.984898709454494,237,39,1,2,0,0,7.894521951675415,6.594422101974487,1.094191312789917,2.3942911624908447,0.5,1.0,0.0,15.200413746969566,0.1659267932609738,0.3032851358381132,1,0.0,0.0,1,0.0,0.0,1,-0.8668851852416992,-0.8668851852416992,1,0.6000940691533733,0.6000940691533733
loo_SpoolSolder,gru,0,SpoolSolder_Pose2_Exp9,SpoolSolder,0.21417719344053643,107,10,1,1,0,0,3.5610547065734863,3.2280662059783936,0.7945966720581055,1.0944828987121582,0.6666666666666666,1.0,0.0,16.84894081779865,0.24615253261736353,0.30734795977489776,1,0.0,0.0,1,0.0,0.0,1,-0.6999680995941162,-0.6999680995941162,1,0.29023592424506733,0.29023592424506733
loo_SpoolSolder,gru,0,SpoolSolder_Pose3_Exp1,SpoolSolder,0.3713339167952945,675,203,1,3,0,0,22.494317293167114,15.727784156799316,6.161355495452881,12.227766275405884,0.4,1.0,0.0,8.002021028425562,0.3917497489809618,0.5435935714803932,1,0.6998629570007324,0.6998629570007324,1,0.6998629570007324,0.6998629570007324,1,0.6998629570007324,0.6998629570007324,1,0.5170270492196519,0.5170270492196519
loo_SpoolSolder,gru,0,SpoolSolder_Pose3_Exp10,SpoolSolder,0.22970291022735712,687,120,1,1,2,0,22.894401788711548,18.894401788711548,16.061283588409424,20.061283588409424,0.4,0.3333333333333333,0.6666666666666666,2.6207280082585065,0.8500551522094354,0.8762527963626882,1,0.0,0.0,1,0.0,0.0,1,-0.5331451892852783,-0.5331451892852783,1,0.06678132019894921,0.06678132019894921
loo_SpoolSolder,gru,0,SpoolSolder_Pose3_Exp2,SpoolSolder,0.16571138000604288,357,51,0,1,1,0,11.91109323501587,10.211063861846924,0.09439802169799805,0.09439802169799805,0.0,0.0,1.0,5.037320992804743,0.009244680375637552,0.00792521893964272,0,,,0,,,0,,,0,,
loo_SpoolSolder,gru,0,SpoolSolder_Pose3_Exp3,SpoolSolder,0.9220965386180056,161,64,1,1,0,0,5.36093282699585,3.2279605865478516,1.0944600105285645,3.2274322509765625,0.6666666666666666,1.0,0.0,11.192082038010296,0.3390561877024145,0.602028108750832,1,0.0,0.0,1,0.0,0.0,1,-0.7667331695556641,-0.7667331695556641,1,0.6735748299317167,0.6735748299317167
loo_SpoolSolder,gru,0,SpoolSolder_Pose3_Exp4,SpoolSolder,0.2106000648932273,693,159,1,1,2,0,23.09463095664978,17.794484615325928,14.460900783538818,19.261252641677856,0.4,0.3333333333333333,0.6666666666666666,2.598006441957187,0.8126619621837218,0.8340143073873992,1,0.49983930587768555,0.49983930587768555,1,0.49983930587768555,0.49983930587768555,1,0.49983930587768555,0.49983930587768555,1,0.06092540158896576,0.06092540158896576
loo_SpoolSolder,gru,0,SpoolSolder_Pose3_Exp5,SpoolSolder,0.1578426791699129,654,98,0,2,1,0,21.7943594455719,18.527602910995483,7.9944164752960205,7.9944164752960205,0.0,0.0,1.0,5.506011787117752,0.4314868207020788,0.366811261200902,0,,,0,,,0,,,0,,
loo_SpoolSolder,gru,0,SpoolSolder_Pose3_Exp6,SpoolSolder,0.7407046970975895,691,178,1,1,3,0,23.027361154556274,17.09396767616272,13.627736568450928,19.427748918533325,0.3333333333333333,0.25,0.75,2.605595995011708,0.7972248939872866,0.8436810795703911,1,0.0,0.0,1,0.0,0.0,1,-0.8665621280670166,-0.8665621280670166,1,0.07745627666911378,0.07745627666911378
loo_SpoolSolder,gru,0,SpoolSolder_Pose3_Exp7,SpoolSolder,0.5571800596968336,679,237,2,1,1,0,22.627893447875977,14.727959156036377,11.32746410369873,17.961096048355103,0.6666666666666666,0.6666666666666666,0.3333333333333333,2.651594596651773,0.7691129493020135,0.7937590871960317,2,0.7000023126602173,1.099909520149231,2,0.7000023126602173,1.099909520149231,2,0.7000023126602173,1.099909520149231,2,0.10022560112617122,0.17016060523096155
loo_SpoolSolder,gru,0,SpoolSolder_Pose3_Exp8,SpoolSolder,0.4063887412603798,703,223,1,2,2,0,23.427812576293945,15.994690179824829,6.261485815048218,13.627726078033447,0.3333333333333333,0.3333333333333333,0.6666666666666666,5.122117125071471,0.3914727790692844,0.5816900760006516,1,0.06691265106201172,0.06691265106201172,1,0.06691265106201172,0.06691265106201172,1,0.06691265106201172,0.06691265106201172,1,0.3017325199842661,0.3017325199842661
loo_SpoolSolder,gru,0,SpoolSolder_Pose3_Exp9,SpoolSolder,0.9140663955594981,698,135,2,2,0,0,23.26098656654358,18.761017560958862,9.661188840866089,13.827664375305176,0.6666666666666666,1.0,0.0,5.158852555832552,0.5149608121987341,0.5944573475311486,2,0.16670799255371094,0.3000743865966797,2,0.16670799255371094,0.3000743865966797,2,-2.900067090988159,-0.31328063011169416,2,0.21488958162927527,0.30676554506049275
loo_SpoolSolder,gru,1,SpoolSolder_Pose1_Exp1,SpoolSolder,0.10605123737215225,667,85,1,1,2,0,22.227914571762085,19.39436650276184,15.26658821105957,18.100136280059814,0.4,0.3333333333333333,0.6666666666666666,2.6993085566480826,0.7871661190318097,0.814297545621031,1,0.0,0.0,1,0.0,0.0,1,-4.466938734054565,-4.466938734054565,1,0.009481877982174718,0.009481877982174718
loo_SpoolSolder,gru,1,SpoolSolder_Pose1_Exp10,SpoolSolder,0.5273585223572977,688,117,3,1,0,0,22.938194274902344,19.038597345352173,3.6772522926330566,6.877053260803223,0.8571428571428571,1.0,0.0,2.615724641657977,0.19314722749419203,0.2998079612712889,3,0.1332874298095703,0.47994270324707033,3,0.1332874298095703,0.47994270324707033,3,0.1332874298095703,0.47994270324707033,3,0.2766471868653497,0.4758219243106471
loo_SpoolSolder,gru,1,SpoolSolder_Pose1_Exp2,SpoolSolder,0.15691443341002964,645,108,1,1,1,0,21.49458360671997,17.89473557472229,9.733379364013672,13.266447067260742,0.5,0.5,0.5,2.791400898840481,0.5439241794532482,0.6171995377995217,1,0.0666494369506836,0.0666494369506836,1,0.0666494369506836,0.0666494369506836,1,0.0666494369506836,0.0666494369506836,1,0.24934261348136616,0.24934261348136616
loo_SpoolSolder,gru,1,SpoolSolder_Pose1_Exp3,SpoolSolder,0.15836039729781204,684,129,1,0,3,0,22.794421911239624,18.494444847106934,10.200045108795166,12.799872398376465,0.4,0.25,0.75,0.0,0.5515193991016577,0.5615352935125334,1,0.0,0.0,1,0.0,0.0,1,-0.5999269485473633,-0.5999269485473633,1,0.1796837740904818,0.1796837740904818
loo_SpoolSolder,gru,1,SpoolSolder_Pose1_Exp4,SpoolSolder,0.33784527684872523,678,224,3,5,2,0,22.594207048416138,15.128276824951172,6.269608736038208,10.90260624885559,0.46153846153846156,0.6,0.4,13.277739703683476,0.4144297998102268,0.4825398928801915,3,0.6000077724456787,1.4800183773040771,3,0.6000077724456787,1.4800183773040771,3,0.6000077724456787,1.4800183773040771,3,0.045098036814742344,0.1235849862671905
loo_SpoolSolder,gru,1,SpoolSolder_Pose1_Exp5,SpoolSolder,0.021616874107458762,701,12,0,2,1,0,23.361027002334595,22.960872173309326,1.7666172981262207,1.7666172981262207,0.0,0.0,1.0,5.136760468108177,0.07694033940835271,0.07562241582742373,0,,,0,,,0,,,0,,
loo_SpoolSolder,gru,1,SpoolSolder_Pose1_Exp6,SpoolSolder,0.5344686343256984,310,53,1,0,1,0,10.32815170288086,8.561303615570068,0.5332627296447754,1.033235788345337,0.6666666666666666,0.5,0.5,0.0,0.06228756198704994,0.10004072539495461,1,0.0,0.0,1,0.0,0.0,1,-0.10013198852539062,-0.10013198852539062,1,0.4838905740007684,0.4838905740007684
loo_SpoolSolder,gru,1,SpoolSolder_Pose1_Exp7,SpoolSolder,0.020734606904990238,708,26,0,1,1,0,23.59441637992859,22.727403163909912,0.4334409236907959,0.4334409236907959,0.0,0.0,1.0,2.542974534052942,0.019071291188211086,0.018370487182701307,0,,,0,,,0,,,0,,
loo_SpoolSolder,gru,1,SpoolSolder_Pose1_Exp8,SpoolSolder,0.2093345381631707,686,218,2,2,0,0,22.86088490486145,15.59437108039856,12.833306789398193,16.333128452301025,0.6666666666666666,1.0,0.0,5.24914063910455,0.8229448127939637,0.7144574026890677,2,0.0,0.0,2,0.0,0.0,2,-6.116587400436401,-5.623191595077515,2,0.08805391479405372,0.12635535295636735
loo_SpoolSolder,gru,1,SpoolSolder_Pose1_Exp9,SpoolSolder,0.9925958401175448,278,179,1,0,0,0,9.260969877243042,3.2941131591796875,0.7664823532104492,6.733339071273804,1.0,1.0,0.0,0.0,0.23268245994358056,0.7270662965678811,1,0.0,0.0,1,0.0,0.0,1,-0.4999120235443115,-0.4999120235443115,1,0.8861660841527401,0.8861660841527401
loo_SpoolSolder,gru,1,SpoolSolder_Pose2_Exp1,SpoolSolder,0.6186253561253561,111,9,1,0,0,0,3.694748878479004,3.3947198390960693,0.46646571159362793,0.7664947509765625,1.0,1.0,0.0,0.0,0.1374091924233242,0.20745516845304546,1,0.0,0.0,1,0.0,0.0,1,-0.40003466606140137,-0.40003466606140137,1,0.3914299987060299,0.3914299987060299
loo_SpoolSolder,gru,1,SpoolSolder_Pose2_Exp10,SpoolSolder,0.6045102235745912,367,232,1,0,0,0,12.227764129638672,4.494509220123291,1.4333672523498535,3.1332497596740723,1.0,1.0,0.0,0.0,0.3189151878768499,0.25624061164865297,1,0.0,0.0,1,0.0,0.0,1,-1.433103084564209,-1.433103084564209,1,0.18544262840853526,0.18544262840853526
loo_SpoolSolder,gru,1,SpoolSolder_Pose2_Exp2,SpoolSolder,0.8730499416653572,372,251,1,0,1,0,12.394343137741089,4.027637481689453,1.2998175621032715,9.499852418899536,0.6666666666666666,0.5,0.5,0.0,0.32272456694837476,0.7664667916101374,1,0.0,0.0,1,0.0,0.0,1,-0.5332736968994141,-0.5332736968994141,1,0.34737855578287097,0.34737855578287097
loo_SpoolSolder,gru,1,SpoolSolder_Pose2_Exp3,SpoolSolder,0.013894539534307873,682,8,0,3,1,0,22.727606534957886,22.461108207702637,1.5997412204742432,1.5997412204742432,0.0,0.0,1.0,7.919883676406383,0.0712227199869702,0.07038757988060212,0,,,0,,,0,,,0,,
loo_SpoolSolder,gru,1,SpoolSolder_Pose2_Exp4,SpoolSolder,0.8567146921724723,138,44,1,0,0,0,4.594318389892578,3.1277811527252197,0.43326473236083984,1.4998953342437744,1.0,1.0,0.0,0.0,0.13852143459056862,0.32646743367710834,1,0.0,0.0,1,0.0,0.0,1,-0.4333953857421875,-0.4333953857421875,1,0.5614430445862862,0.5614430445862862
loo_SpoolSolder,gru,1,SpoolSolder_Pose2_Exp5,SpoolSolder,0.3656926406926407,105,8,1,0,0,0,3.4946017265319824,3.227668285369873,0.4666118621826172,0.7335453033447266,1.0,1.0,0.0,0.0,0.14456623820286602,0.20990812709083495,1,0.0,0.0,1,0.0,0.0,1,-0.3665282726287842,-0.3665282726287842,1,0.3638949631944751,0.3638949631944751
loo_SpoolSolder,gru,1,SpoolSolder_Pose2_Exp6,SpoolSolder,0.16287683775636247,678,55,1,0,1,0,22.59462594985962,20.7613263130188,0.0,0.0666496753692627,0.6666666666666666,0.5,0.5,0.0,0.0,0.002949802112996555,1,0.10010719299316406,0.10010719299316406,1,0.10010719299316406,0.10010719299316406,1,0.10010719299316406,0.10010719299316406,1,0.1666442128856884,0.1666442128856884
loo_SpoolSolder,gru,1,SpoolSolder_Pose2_Exp7,SpoolSolder,0.1465968419592838,682,42,0,1,3,0,22.727771282196045,21.3279025554657,0.7667808532714844,0.7667808532714844,0.0,0.0,1.0,2.6399420891304644,0.035952004716702984,0.03373761746151271,0,,,0,,,0,,,0,,
loo_SpoolSolder,gru,1,SpoolSolder_Pose2_Exp8,SpoolSolder,1.0,237,39,1,0,0,0,7.894521951675415,6.594422101974487,0.0,0.366487979888916,1.0,1.0,0.0,0.0,0.0,0.04642307439668821,1,0.9330596923828125,0.9330596923828125,1,0.9330596923828125,0.9330596923828125,1,0.9330596923828125,0.9330596923828125,1,0.2818921792608638,0.2818921792608638
loo_SpoolSolder,gru,1,SpoolSolder_Pose2_Exp9,SpoolSolder,0.6702482702482702,107,10,0,0,1,0,3.5610547065734863,3.2280662059783936,0.0,0.0,0.0,0.0,1.0,0.0,0.0,0.0,0,,,0,,,0,,,0,,
loo_SpoolSolder,gru,1,SpoolSolder_Pose3_Exp1,SpoolSolder,0.5740254435617325,675,203,1,1,0,0,22.494317293167114,15.727784156799316,5.7667295932769775,9.733317136764526,0.6666666666666666,1.0,0.0,2.6673403428085205,0.366658744536747,0.4327011578040256,1,2.8001110553741455,2.8001110553741455,1,2.8001110553741455,2.8001110553741455,1,2.8001110553741455,2.8001110553741455,1,0.3380636635847273,0.3380636635847273
loo_SpoolSolder,gru,1,SpoolSolder_Pose3_Exp10,SpoolSolder,0.1668382857922449,687,120,1,0,2,0,22.894401788711548,18.894401788711548,15.600104570388794,18.500025033950806,0.5,0.3333333333333333,0.6666666666666666,0.0,0.8256469162050459,0.8080588959993067,1,1.100128173828125,1.100128173828125,1,1.100128173828125,1.100128173828125,1,1.100128173828125,1.100128173828125,1,0.011904492410952079,0.011904492410952079
loo_SpoolSolder,gru,1,SpoolSolder_Pose3_Exp2,SpoolSolder,0.11238813987538276,357,51,0,0,1,0,11.91109323501587,10.211063861846924,0.0,0.0,0.0,0.0,1.0,0.0,0.0,0.0,0,,,0,,,0,,,0,,
loo_SpoolSolder,gru,1,SpoolSolder_Pose3_Exp3,SpoolSolder,0.9788609092946036,161,64,1,0,0,0,5.36093282699585,3.2279605865478516,0.7003388404846191,2.833311080932617,1.0,1.0,0.0,0.0,0.21696015849858868,0.528510834283358,1,0.0,0.0,1,0.0,0.0,1,-0.4331934452056885,-0.4331934452056885,1,0.7528196444090797,0.7528196444090797
loo_SpoolSolder,gru,1,SpoolSolder_Pose3_Exp4,SpoolSolder,0.20615154233618838,693,159,1,0,2,0,23.09463095664978,17.794484615325928,14.899835109710693,20.199981451034546,0.5,0.3333333333333333,0.6666666666666666,0.0,0.8373288370980889,0.8746613656200573,1,0.0,0.0,1,0.0,0.0,1,-0.3666040897369385,-0.3666040897369385,1,0.08415948692652356,0.08415948692652356
loo_SpoolSolder,gru,1,SpoolSolder_Pose3_Exp5,SpoolSolder,0.15552043239244734,654,98,1,0,0,0,21.7943594455719,18.527602910995483,7.933241844177246,9.333284139633179,1.0,1.0,0.0,0.0,0.42818501034848633,0.42824310404449545,1,1.866436243057251,1.866436243057251,1,1.866436243057251,1.866436243057251,1,1.866436243057251,1.866436243057251,1,0.12500379447481041,0.12500379447481041
loo_SpoolSolder,gru,1,SpoolSolder_Pose3_Exp6,SpoolSolder,0.6746344328337923,691,178,1,0,3,0,23.027361154556274,17.09396767616272,0.4669208526611328,0.7331891059875488,0.4,0.25,0.75,0.0,0.027314948846676883,0.03183990996912286,1,0.0,0.0,1,0.0,0.0,1,-0.4666597843170166,-0.4666597843170166,1,0.13536767667487212,0.13536767667487212
loo_SpoolSolder,gru,1,SpoolSolder_Pose3_Exp7,SpoolSolder,0.41038511961796353,679,237,1,1,2,0,22.627893447875977,14.727959156036377,6.53279972076416,10.333213329315186,0.4,0.3333333333333333,0.6666666666666666,2.651594596651773,0.44356449196741815,0.4566582105010371,1,1.1998863220214844,1.1998863220214844,1,1.1998863220214844,1.1998863220214844,1,1.1998863220214844,1.1998863220214844,1,0.020974005999768546,0.020974005999768546
loo_SpoolSolder,gru,1,SpoolSolder_Pose3_Exp8,SpoolSolder,0.4295962281664193,703,223,1,0,2,0,23.427812576293945,15.994690179824829,5.933810710906982,12.433568477630615,0.5,0.3333333333333333,0.6666666666666666,0.0,0.37098628633593006,0.5307182835418383,1,0.9334836006164551,0.9334836006164551,1,0.9334836006164551,0.9334836006164551,1,0.9334836006164551,0.9334836006164551,1,0.23690968520973904,0.23690968520973904
loo_SpoolSolder,gru,1,SpoolSolder_Pose3_Exp9,SpoolSolder,0.9074791313673911,698,135,1,1,1,0,23.26098656654358,18.761017560958862,0.23311543464660645,3.633119583129883,0.5,0.5,0.5,2.579426277916276,0.012425521904084401,0.15618940205895743,1,0.666553258895874,0.666553258895874,1,0.666553258895874,0.666553258895874,1,0.666553258895874,0.666553258895874,1,0.8293153790679304,0.8293153790679304
loo_SpoolSolder,gru,2,SpoolSolder_Pose1_Exp1,SpoolSolder,0.13288396483170273,667,85,1,2,2,0,22.227914571762085,19.39436650276184,15.594364881515503,18.427912950515747,0.3333333333333333,0.3333333333333333,0.6666666666666666,5.398617113296165,0.8040667314034103,0.8290437184748862,1,0.0,0.0,1,0.0,0.0,1,-4.466938734054565,-4.466938734054565,1,0.009481877982174718,0.009481877982174718
loo_SpoolSolder,gru,2,SpoolSolder_Pose1_Exp10,SpoolSolder,0.42266116210569804,688,117,1,0,2,0,22.938194274902344,19.038597345352173,18.26134943962097,22.160946369171143,0.5,0.3333333333333333,0.6666666666666666,0.0,0.9591751486922986,0.966115558338364,1,0.0,0.0,1,0.0,0.0,1,-2.9335708618164062,-2.9335708618164062,1,0.010525472549435477,0.010525472549435477
loo_SpoolSolder,gru,2,SpoolSolder_Pose1_Exp2,SpoolSolder,0.21278787551426454,645,108,2,3,0,0,21.49458360671997,17.89473557472229,5.26118540763855,6.894122123718262,0.5714285714285714,1.0,0.0,8.374202696521444,0.2940074406615085,0.3207376448810534,2,0.9833542108535767,1.770037579536438,2,0.9833542108535767,1.770037579536438,2,0.816673994064331,1.736701536178589,2,0.21637451073639485,0.2510136072192848
loo_SpoolSolder,gru,2,SpoolSolder_Pose1_Exp3,SpoolSolder,0.16840833917614367,684,129,2,1,2,0,22.794421911239624,18.494444847106934,17.29438042640686,20.761005878448486,0.5714285714285714,0.5,0.5,2.632222928646188,0.9351121685121683,0.9107932615835066,2,0.41659247875213623,0.7498664617538452,2,0.41659247875213623,0.7498664617538452,2,-1.850079894065857,0.29653198719024665,2,0.17428308539055276,0.3015635500320931
loo_SpoolSolder,gru,2,SpoolSolder_Pose1_Exp4,SpoolSolder,0.5385625929836901,678,224,1,1,4,0,22.594207048416138,15.128276824951172,14.794796466827393,22.26072669029236,0.2857142857142857,0.2,0.8,2.655547940736695,0.9779564875773712,0.9852404486951377,1,0.0,0.0,1,0.0,0.0,1,-3.4664368629455566,-3.4664368629455566,1,0.03464383767654825,0.03464383767654825
loo_SpoolSolder,gru,2,SpoolSolder_Pose1_Exp5,SpoolSolder,0.010686142846402603,701,12,1,0,0,0,23.361027002334595,22.960872173309326,22.960872173309326,23.361027002334595,1.0,1.0,0.0,0.0,1.0,1.0,1,0.0,0.0,1,0.0,0.0,1,-2.7997970581054688,-2.7997970581054688,1,0.017129162557163215,0.017129162557163215
loo_SpoolSolder,gru,2,SpoolSolder_Pose1_Exp6,SpoolSolder,0.41203033051763127,310,53,2,1,0,0,10.32815170288086,8.561303615570068,7.294718503952026,9.061566591262817,0.8,1.0,0.0,5.809364707846424,0.8520569800474592,0.8773657525513737,2,0.0,0.0,2,0.0,0.0,2,-2.0333468914031982,-1.9265891551971435,2,0.21933017284032807,0.320268547760806
loo_SpoolSolder,gru,2,SpoolSolder_Pose1_Exp7,SpoolSolder,0.05506910202600394,708,26,1,1,0,0,23.59441637992859,22.727403163909912,22.69365644454956,23.560669660568237,0.6666666666666666,1.0,0.0,2.542974534052942,0.998515152869997,0.9985697158676465,1,0.0,0.0,1,0.0,0.0,1,-2.133124828338623,-2.133124828338623,1,0.03710543757978295,0.03710543757978295
loo_SpoolSolder,gru,2,SpoolSolder_Pose1_Exp8,SpoolSolder,0.23247681176727886,686,218,1,1,1,0,22.86088490486145,15.59437108039856,15.59437108039856,22.86088490486145,0.5,0.5,0.5,2.624570319552275,1.0,1.0,1,0.0,0.0,1,0.0,0.0,1,-6.73333215713501,-6.73333215713501,1,0.35473649571325067,0.35473649571325067
loo_SpoolSolder,gru,2,SpoolSolder_Pose1_Exp9,SpoolSolder,0.8593947179969049,278,179,1,2,0,0,9.260969877243042,3.2941131591796875,0.7942004203796387,4.627853870391846,0.5,1.0,0.0,12.957606124481162,0.2410968846551141,0.4997158971182769,1,2.133323907852173,2.133323907852173,1,2.133323907852173,2.133323907852173,1,2.133323907852173,2.133323907852173,1,0.6150326849384903,0.6150326849384903
loo_SpoolSolder,gru,2,SpoolSolder_Pose2_Exp1,SpoolSolder,0.32170904495632346,111,9,1,1,0,0,3.694748878479004,3.3947198390960693,3.0281713008880615,3.328200340270996,0.6666666666666666,1.0,0.0,16.239263336538276,0.8920239208000119,0.9007920293736167,1,0.0,0.0,1,0.0,0.0,1,-2.8669705390930176,-2.8669705390930176,1,0.09091045694241615,0.09091045694241615
loo_SpoolSolder,gru,2,SpoolSolder_Pose2_Exp10,SpoolSolder,0.6811559131789179,367,232,1,2,0,0,12.227764129638672,4.494509220123291,2.1282267570495605,9.861481666564941,0.5,1.0,0.0,9.813731989573958,0.47351705221136026,0.8064828174647123,1,0.0,0.0,1,0.0,0.0,1,-1.433103084564209,-1.433103084564209,1,0.8436319042020828,0.8436319042020828
loo_SpoolSolder,gru,2,SpoolSolder_Pose2_Exp2,SpoolSolder,0.9040046169069782,372,251,1,1,1,0,12.394343137741089,4.027637481689453,3.5276269912719727,11.894332647323608,0.5,0.5,0.5,4.840918097329295,0.8758551402178968,0.9596581694680587,1,0.0,0.0,1,0.0,0.0,1,-2.533323287963867,-2.533323287963867,1,0.27809590727993316,0.27809590727993316
loo_SpoolSolder,gru,2,SpoolSolder_Pose2_Exp3,SpoolSolder,0.010022730656472691,682,8,1,1,0,0,22.727606534957886,22.461108207702637,22.461108207702637,22.727606534957886,0.6666666666666666,1.0,0.0,2.6399612254687943,1.0,1.0,1,0.0,0.0,1,0.0,0.0,1,-18.333491802215576,-18.333491802215576,1,0.013550864856801384,0.013550864856801384
loo_SpoolSolder,gru,2,SpoolSolder_Pose2_Exp4,SpoolSolder,0.8277386983897528,138,44,1,1,0,0,4.594318389892578,3.1277811527252197,3.027707815170288,4.4942450523376465,0.6666666666666666,1.0,0.0,13.05960860962509,0.9680050065306717,0.978218022987895,1,0.0,0.0,1,0.0,0.0,1,-2.7334511280059814,-2.7334511280059814,1,0.333316155727729,0.333316155727729
loo_SpoolSolder,gru,2,SpoolSolder_Pose2_Exp5,SpoolSolder,0.3855448462356357,105,8,1,1,0,0,3.4946017265319824,3.227668285369873,3.16102933883667,3.4279627799987793,0.6666666666666666,1.0,0.0,17.169338509868926,0.97935384288551,0.9809308894838397,1,0.0,0.0,1,0.0,0.0,1,-2.83335018157959,-2.83335018157959,1,0.0808842185324557,0.0808842185324557
loo_SpoolSolder,gru,2,SpoolSolder_Pose2_Exp6,SpoolSolder,0.15825614410892025,678,55,1,1,1,0,22.59462594985962,20.7613263130188,19.46113419532776,21.19463610649109,0.5,0.5,0.5,2.6554987072212533,0.9373743229075048,0.9380388130135331,1,0.0,0.0,1,0.0,0.0,1,-2.6663596630096436,-2.6663596630096436,1,0.06782344799819613,0.06782344799819613
loo_SpoolSolder,gru,2,SpoolSolder_Pose2_Exp7,SpoolSolder,0.058227908128857336,682,42,1,3,2,0,22.727771282196045,21.3279025554657,19.39466142654419,20.794530153274536,0.2857142857142857,0.3333333333333333,0.6666666666666666,7.919826267391393,0.9093562471089742,0.9149392562553669,1,0.0,0.0,1,0.0,0.0,1,-0.7332470417022705,-0.7332470417022705,1,0.009853830631249989,0.009853830631249989
loo_SpoolSolder,gru,2,SpoolSolder_Pose2_Exp8,SpoolSolder,0.9628457686623754,237,39,1,2,0,0,7.894521951675415,6.594422101974487,2.0611679553985596,3.3612678050994873,0.5,1.0,0.0,15.200413746969566,0.31256233276019885,0.4257721779323373,1,0.0,0.0,1,0.0,0.0,1,-1.7001512050628662,-1.7001512050628662,1,0.4333572832883381,0.4333572832883381
loo_SpoolSolder,gru,2,SpoolSolder_Pose2_Exp9,SpoolSolder,0.23937297789929368,107,10,1,1,0,0,3.5610547065734863,3.2280662059783936,0.9948470592498779,1.3278355598449707,0.6666666666666666,1.0,0.0,16.84894081779865,0.30818669623547884,0.37287704605994076,1,0.0,0.0,1,0.0,0.0,1,-0.7666451930999756,-0.7666451930999756,1,0.2561405471427864,0.2561405471427864
loo_SpoolSolder,gru,2,SpoolSolder_Pose3_Exp1,SpoolSolder,0.5016168968125199,675,203,1,3,0,0,22.494317293167114,15.727784156799316,1.1612913608551025,3.161250352859497,0.4,1.0,0.0,8.002021028425562,0.07383693400656582,0.14053550999833012,1,3.233532190322876,3.233532190322876,1,3.233532190322876,3.233532190322876,1,3.233532190322876,3.233532190322876,1,0.29556627473754615,0.29556627473754615
loo_SpoolSolder,gru,2,SpoolSolder_Pose3_Exp10,SpoolSolder,0.20808328473585802,687,120,1,2,2,0,22.894401788711548,18.894401788711548,18.461383819580078,22.461383819580078,0.3333333333333333,0.3333333333333333,0.6666666666666666,5.241456016517013,0.9770822080543362,0.981086294670299,1,0.0,0.0,1,0.0,0.0,1,-0.5667576789855957,-0.5667576789855957,1,0.06557702631475516,0.06557702631475516
loo_SpoolSolder,gru,2,SpoolSolder_Pose3_Exp2,SpoolSolder,0.20993797867799677,357,51,0,1,1,0,11.91109323501587,10.211063861846924,0.027985095977783203,0.027985095977783203,0.0,0.0,1.0,5.037320992804743,0.0027406640832350455,0.002349498524242382,0,,,0,,,0,,,0,,
loo_SpoolSolder,gru,2,SpoolSolder_Pose3_Exp3,SpoolSolder,0.8998672155744061,161,64,1,1,0,0,5.36093282699585,3.2279605865478516,0.994502067565918,3.127474308013916,0.6666666666666666,1.0,0.0,11.192082038010296,0.3080899041055176,0.5833824837843538,1,0.0,0.0,1,0.0,0.0,1,-0.7667331695556641,-0.7667331695556641,1,0.6880830480464163,0.6880830480464163
loo_SpoolSolder,gru,2,SpoolSolder_Pose3_Exp4,SpoolSolder,0.18038397998008845,693,159,1,1,2,0,23.09463095664978,17.794484615325928,15.4612398147583,20.761386156082153,0.4,0.3333333333333333,0.6666666666666666,2.598006441957187,0.8688782029372144,0.8989702496243699,1,0.0,0.0,1,0.0,0.0,1,-0.6331660747528076,-0.6331660747528076,1,0.08199418844537332,0.08199418844537332
loo_SpoolSolder,gru,2,SpoolSolder_Pose3_Exp5,SpoolSolder,0.14153756172524556,654,98,1,1,0,0,21.7943594455719,18.527602910995483,7.961042165756226,9.094474077224731,0.6666666666666666,1.0,0.0,2.753005893558876,0.42968549164185865,0.41728567889030177,1,2.133423328399658,2.133423328399658,1,2.133423328399658,2.133423328399658,1,2.133423328399658,2.133423328399658,1,0.10119929245870429,0.10119929245870429
loo_SpoolSolder,gru,2,SpoolSolder_Pose3_Exp6,SpoolSolder,0.6936437884011202,691,178,1,1,3,0,23.027361154556274,17.09396767616272,13.660885095596313,19.594278573989868,0.3333333333333333,0.25,0.75,2.605595995011708,0.7991640884313951,0.8509128962921952,1,0.0,0.0,1,0.0,0.0,1,-0.9332401752471924,-0.9332401752471924,1,0.07666450970439284,0.07666450970439284
loo_SpoolSolder,gru,2,SpoolSolder_Pose3_Exp7,SpoolSolder,0.53293602188654,679,237,3,1,0,0,22.627893447875977,14.727959156036377,7.894490957260132,14.761133432388306,0.8571428571428571,1.0,0.0,2.651594596651773,0.536020698701117,0.6523423608296112,3,0.33365368843078613,3.933488130569458,3,0.33365368843078613,3.933488130569458,3,0.33365368843078613,3.933488130569458,3,0.11139023165116858,0.11896097619996997
loo_SpoolSolder,gru,2,SpoolSolder_Pose3_Exp8,SpoolSolder,0.3462604550984362,703,223,1,1,2,0,23.427812576293945,15.994690179824829,10.067274570465088,16.43351674079895,0.4,0.3333333333333333,0.6666666666666666,2.5610585625357354,0.6294135401987101,0.7014533126932918,1,1.0669324398040771,1.0669324398040771,1,1.0669324398040771,1.0669324398040771,1,1.0669324398040771,1.0669324398040771,1,0.22692118632841415,0.22692118632841415
loo_SpoolSolder,gru,2,SpoolSolder_Pose3_Exp9,SpoolSolder,0.6395922559160342,698,135,2,3,0,0,23.26098656654358,18.761017560958862,8.26102328300476,11.827596187591553,0.5714285714285714,1.0,0.0,7.738278833748828,0.44032916957530666,0.5084735401809336,2,0.3166385889053345,0.5433026552200317,2,0.3166385889053345,0.5433026552200317,2,0.3166385889053345,0.5433026552200317,2,0.3431852033557295,0.48447859271552685
loo_SpoolSolder,gru,3,SpoolSolder_Pose1_Exp1,SpoolSolder,0.17031359547523953,667,85,1,1,2,0,22.227914571762085,19.39436650276184,15.266766548156738,18.100314617156982,0.4,0.3333333333333333,0.6666666666666666,2.6993085566480826,0.7871753143358761,0.8143055687352369,1,0.0,0.0,1,0.0,0.0,1,-4.466938734054565,-4.466938734054565,1,0.009499812094134528,0.009499812094134528
loo_SpoolSolder,gru,3,SpoolSolder_Pose1_Exp10,SpoolSolder,0.41188892131125243,688,117,2,1,1,0,22.938194274902344,19.038597345352173,3.4668540954589844,6.000064373016357,0.6666666666666666,0.6666666666666666,0.3333333333333333,2.615724641657977,0.18209608788776319,0.26157527053388346,2,0.5000597238540649,0.9001075029373169,2,0.5000597238540649,0.9001075029373169,2,0.14990615844726562,0.8300767898559571,2,0.2900718651723664,0.4030115334380536
loo_SpoolSolder,gru,3,SpoolSolder_Pose1_Exp2,SpoolSolder,0.25252728821597104,645,108,2,2,0,0,21.49458360671997,17.89473557472229,5.699752569198608,7.666259050369263,0.6666666666666666,1.0,0.0,5.582801797680962,0.3185156073079925,0.3566600400657456,2,0.8167195320129395,1.470095157623291,2,0.8167195320129395,1.470095157623291,2,-0.43328917026519775,1.2200934171676636,2,0.20292364233330354,0.30372341746612647
loo_SpoolSolder,gru,3,SpoolSolder_Pose1_Exp3,SpoolSolder,0.146417272097134,684,129,1,0,3,0,22.794421911239624,18.494444847106934,13.033193826675415,15.899729251861572,0.4,0.25,0.75,0.0,0.7047085724616483,0.6975271982669422,1,0.0,0.0,1,0.0,0.0,1,-2.800081729888916,-2.800081729888916,1,0.01677438221620231,0.01677438221620231
loo_SpoolSolder,gru,3,SpoolSolder_Pose1_Exp4,SpoolSolder,0.34190623337827275,678,224,1,0,4,0,22.594207048416138,15.128276824951172,11.200692176818848,18.43326711654663,0.3333333333333333,0.2,0.8,0.0,0.7403812282404476,0.8158404088732474,1,0.23356175422668457,0.23356175422668457,1,0.23356175422668457,0.23356175422668457,1,0.23356175422668457,0.23356175422668457,1,0.028576258748668103,0.028576258748668103
loo_SpoolSolder,gru,3,SpoolSolder_Pose1_Exp5,SpoolSolder,0.010661292909699022,701,12,1,0,0,0,23.361027002334595,22.960872173309326,20.266615867614746,20.666770696640015,1.0,1.0,0.0,0.0,0.8826587994846948,0.8846687559829742,1,0.0,0.0,1,0.0,0.0,1,-0.09997034072875977,-0.09997034072875977,1,0.01936223297287202,0.01936223297287202
loo_SpoolSolder,gru,3,SpoolSolder_Pose1_Exp6,SpoolSolder,0.20039850650800178,310,53,0,0,2,0,10.32815170288086,8.561303615570068,0.0,0.0,0.0,0.0,1.0,0.0,0.0,0.0,0,,,0,,,0,,,0,,
loo_SpoolSolder,gru,3,SpoolSolder_Pose1_Exp7,SpoolSolder,0.5721042423348077,708,26,1,2,0,0,23.59441637992859,22.727403163909912,2.0992624759674072,2.7661468982696533,0.5,1.0,0.0,5.085949068105884,0.09236701882865972,0.11723735199582103,1,0.0,0.0,1,0.0,0.0,1,-0.09999489784240723,-0.09999489784240723,1,0.551707785969197,0.551707785969197
loo_SpoolSolder,gru,3,SpoolSolder_Pose1_Exp8,SpoolSolder,0.21609808209594686,686,218,1,1,1,0,22.86088490486145,15.59437108039856,12.999879121780396,20.266392946243286,0.5,0.5,0.5,2.624570319552275,0.8336263806188807,0.886509556851562,1,0.0,0.0,1,0.0,0.0,1,-6.73333215713501,-6.73333215713501,1,0.35473649571325067,0.35473649571325067
loo_SpoolSolder,gru,3,SpoolSolder_Pose1_Exp9,SpoolSolder,0.9364023022462058,278,179,1,1,0,0,9.260969877243042,3.2941131591796875,0.19994544982910156,3.200108289718628,0.6666666666666666,1.0,0.0,6.478803062240581,0.060697808535178775,0.34554785644884195,1,2.533327341079712,2.533327341079712,1,2.533327341079712,2.533327341079712,1,2.533327341079712,2.533327341079712,1,0.5028045722645207,0.5028045722645207
loo_SpoolSolder,gru,3,SpoolSolder_Pose2_Exp1,SpoolSolder,0.877684407096172,111,9,1,0,0,0,3.694748878479004,3.3947198390960693,0.6331796646118164,0.933208703994751,1.0,1.0,0.0,0.0,0.18651897494445863,0.25257703153533934,1,0.0,0.0,1,0.0,0.0,1,-0.5335237979888916,-0.5335237979888916,1,0.32150261575852396,0.32150261575852396
loo_SpoolSolder,gru,3,SpoolSolder_Pose2_Exp10,SpoolSolder,0.5778199007442617,367,232,1,1,0,0,12.227764129638672,4.494509220123291,1.8667926788330078,3.266742467880249,0.6666666666666666,1.0,0.0,4.906865994786979,0.4153496160325596,0.26715779215613483,1,0.0,0.0,1,0.0,0.0,1,-1.433103084564209,-1.433103084564209,1,0.15272253664728097,0.15272253664728097
loo_SpoolSolder,gru,3,SpoolSolder_Pose2_Exp2,SpoolSolder,0.9178414579517935,372,251,1,0,1,0,12.394343137741089,4.027637481689453,1.4331371784210205,9.799842834472656,0.6666666666666666,0.5,0.5,0.0,0.3558257626055932,0.7906706088063583,1,0.0,0.0,1,0.0,0.0,1,-0.4664723873138428,-0.4664723873138428,1,0.3367446875596056,0.3367446875596056
loo_SpoolSolder,gru,3,SpoolSolder_Pose2_Exp3,SpoolSolder,0.03419949549887911,682,8,1,7,0,0,22.727606534957886,22.461108207702637,7.8664233684539795,8.132921695709229,0.2222222222222222,1.0,0.0,18.47972857828156,0.35022418732466326,0.35784329877410465,1,0.0,0.0,1,0.0,0.0,1,-4.433557510375977,-4.433557510375977,1,0.05513654690206128,0.05513654690206128
loo_SpoolSolder,gru,3,SpoolSolder_Pose2_Exp4,SpoolSolder,0.6439494833522221,138,44,1,0,0,0,4.594318389892578,3.1277811527252197,0.5667214393615723,2.0332586765289307,1.0,1.0,0.0,0.0,0.18118960748509874,0.44255937529320233,1,0.0,0.0,1,0.0,0.0,1,-0.5334019660949707,-0.5334019660949707,1,0.7212743041977087,0.7212743041977087
loo_SpoolSolder,gru,3,SpoolSolder_Pose2_Exp5,SpoolSolder,0.9861111111111112,105,8,1,0,0,0,3.4946017265319824,3.227668285369873,0.49985241889953613,0.7667858600616455,1.0,1.0,0.0,0.0,0.15486486674148914,0.21942009993298958,1,0.0,0.0,1,0.0,0.0,1,-0.2998993396759033,-0.2998993396759033,1,0.34811993160730603,0.34811993160730603
loo_SpoolSolder,gru,3,SpoolSolder_Pose2_Exp6,SpoolSolder,0.2107665208367458,678,55,1,2,1,0,22.59462594985962,20.7613263130188,10.433524370193481,10.833476305007935,0.4,0.5,0.5,5.3109974144425065,0.5025461385697182,0.47947137204434415,1,0.0,0.0,1,0.0,0.0,1,-5.633200168609619,-5.633200168609619,1,0.062491885930478185,0.062491885930478185
loo_SpoolSolder,gru,3,SpoolSolder_Pose2_Exp7,SpoolSolder,0.08486939245864161,682,42,1,0,2,0,22.727771282196045,21.3279025554657,5.800245046615601,6.100064039230347,0.5,0.3333333333333333,0.6666666666666666,0.0,0.2719557177050761,0.26839693005925636,1,0.0,0.0,1,0.0,0.0,1,-4.699946165084839,-4.699946165084839,1,0.04915013853732832,0.04915013853732832
loo_SpoolSolder,gru,3,SpoolSolder_Pose2_Exp8,SpoolSolder,0.7897481807727104,237,39,1,0,0,0,7.894521951675415,6.594422101974487,0.0,0.033278465270996094,1.0,1.0,0.0,0.0,0.0,0.004215387008194153,1,1.1331689357757568,1.1331689357757568,1,1.1331689357757568,1.1331689357757568,1,1.1331689357757568,1.1331689357757568,1,0.025596853409875713,0.025596853409875713
loo_SpoolSolder,gru,3,SpoolSolder_Pose2_Exp9,SpoolSolder,0.41624738288531393,107,10,0,0,1,0,3.5610547065734863,3.2280662059783936,0.0,0.0,0.0,0.0,1.0,0.0,0.0,0.0,0,,,0,,,0,,,0,,
loo_SpoolSolder,gru,3,SpoolSolder_Pose3_Exp1,SpoolSolder,0.612377736146291,675,203,1,5,0,0,22.494317293167114,15.727784156799316,1.8664956092834473,5.300046920776367,0.2857142857142857,1.0,0.0,13.336701714042603,0.11867505242157955,0.23561714950941465,1,2.8001110553741455,2.8001110553741455,1,2.8001110553741455,2.8001110553741455,1,2.8001110553741455,2.8001110553741455,1,0.3891447828446014,0.3891447828446014
loo_SpoolSolder,gru,3,SpoolSolder_Pose3_Exp10,SpoolSolder,0.4337598580133793,687,120,2,0,1,0,22.894401788711548,18.894401788711548,5.6663665771484375,8.499732971191406,0.8,0.6666666666666666,0.3333333333333333,0.0,0.29989658526970703,0.3712581376719935,2,0.0,0.0,2,0.0,0.0,2,-0.31642282009124756,-0.3031681776046753,2,0.32198984363394223,0.3420316448120149
loo_SpoolSolder,gru,3,SpoolSolder_Pose3_Exp2,SpoolSolder,0.12197160062819151,357,51,0,0,1,0,11.91109323501587,10.211063861846924,0.0,0.0,0.0,0.0,1.0,0.0,0.0,0.0,0,,,0,,,0,,,0,,
loo_SpoolSolder,gru,3,SpoolSolder_Pose3_Exp3,SpoolSolder,0.9206323471105428,161,64,1,0,0,0,5.36093282699585,3.2279605865478516,0.6003236770629883,2.53352689743042,1.0,1.0,0.0,0.0,0.18597614839684445,0.4725906813591159,1,0.0,0.0,1,0.0,0.0,1,-0.5998311042785645,-0.5998311042785645,1,0.7072791526092276,0.7072791526092276
loo_SpoolSolder,gru,3,SpoolSolder_Pose3_Exp4,SpoolSolder,0.2970007650396297,693,159,1,0,2,0,23.09463095664978,17.794484615325928,14.299935340881348,19.6000816822052,0.5,0.3333333333333333,0.6666666666666666,0.0,0.8036161569166878,0.8486856412209361,1,0.0,0.0,1,0.0,0.0,1,-0.23339605331420898,-0.23339605331420898,1,0.08673535663822252,0.08673535663822252
loo_SpoolSolder,gru,3,SpoolSolder_Pose3_Exp5,SpoolSolder,0.16603412465948036,654,98,0,0,1,0,21.7943594455719,18.527602910995483,0.0,0.0,0.0,0.0,1.0,0.0,0.0,0.0,0,,,0,,,0,,,0,,
loo_SpoolSolder,gru,3,SpoolSolder_Pose3_Exp6,SpoolSolder,0.6213867240743903,691,178,0,0,4,0,23.027361154556274,17.09396767616272,0.0,0.0,0.0,0.0,1.0,0.0,0.0,0.0,0,,,0,,,0,,,0,,
loo_SpoolSolder,gru,3,SpoolSolder_Pose3_Exp7,SpoolSolder,0.33035310223860503,679,237,2,0,1,0,22.627893447875977,14.727959156036377,6.499714612960815,9.43330192565918,0.8,0.6666666666666666,0.3333333333333333,0.0,0.44131807700572373,0.4168882069110441,2,0.5334126949310303,0.6932199001312256,2,0.5334126949310303,0.6932199001312256,2,0.5334126949310303,0.6932199001312256,2,0.07950139170781348,0.08555317330937012
loo_SpoolSolder,gru,3,SpoolSolder_Pose3_Exp8,SpoolSolder,0.40220799815701613,703,223,1,1,2,0,23.427812576293945,15.994690179824829,5.600378751754761,12.366620302200317,0.4,0.3333333333333333,0.6666666666666666,2.5610585625357354,0.35013987071902725,0.5278606469096399,1,0.6668562889099121,0.6668562889099121,1,0.6668562889099121,0.6668562889099121,1,0.6668562889099121,0.6668562889099121,1,0.26477351454907844,0.26477351454907844
loo_SpoolSolder,gru,3,SpoolSolder_Pose3_Exp9,SpoolSolder,0.8836796696626827,698,135,1,1,1,0,23.26098656654358,18.761017560958862,2.033106803894043,5.666230916976929,0.5,0.5,0.5,2.579426277916276,0.10836868508267268,0.24359374873319878,1,0.46684741973876953,0.46684741973876953,1,0.46684741973876953,0.46684741973876953,1,0.46684741973876953,0.46684741973876953,1,0.6123453939519266,0.6123453939519266
loo_SpoolSolder,gru,4,SpoolSolder_Pose1_Exp1,SpoolSolder,0.33911869463591043,667,85,1,0,2,0,22.227914571762085,19.39436650276184,14.199787139892578,17.033335208892822,0.5,0.3333333333333333,0.6666666666666666,0.0,0.732160400179633,0.7663037912936576,1,0.0,0.0,1,0.0,0.0,1,-3.900275230407715,-3.900275230407715,1,0.00979733685823266,0.00979733685823266
loo_SpoolSolder,gru,4,SpoolSolder_Pose1_Exp10,SpoolSolder,0.28546494411321266,688,117,1,0,2,0,22.938194274902344,19.038597345352173,16.410778522491455,20.310375452041626,0.5,0.3333333333333333,0.6666666666666666,0.0,0.8619741373173041,0.885439159187176,1,0.0,0.0,1,0.0,0.0,1,-0.6668996810913086,-0.6668996810913086,1,0.011484496346657914,0.011484496346657914
loo_SpoolSolder,gru,4,SpoolSolder_Pose1_Exp2,SpoolSolder,0.11956012250142269,645,108,0,2,2,0,21.49458360671997,17.89473557472229,0.9330205917358398,0.9330205917358398,0.0,0.0,1.0,5.582801797680962,0.05213938970150552,0.043407241973468354,0,,,0,,,0,,,0,,
loo_SpoolSolder,gru,4,SpoolSolder_Pose1_Exp3,SpoolSolder,0.5613807349533074,684,129,2,0,2,0,22.794421911239624,18.494444847106934,15.166717767715454,18.26614999771118,0.6666666666666666,0.5,0.5,0.0,0.8200688311056802,0.8013429807010981,2,0.6000134944915771,1.080024290084839,2,0.6000134944915771,1.080024290084839,2,-1.666658878326416,0.6266898155212404,2,0.07224194928128924,0.11795817959736153
loo_SpoolSolder,gru,4,SpoolSolder_Pose1_Exp4,SpoolSolder,0.42297954256099646,678,224,1,0,4,0,22.594207048416138,15.128276824951172,10.867385149002075,17.566537857055664,0.3333333333333333,0.2,0.8,0.0,0.7183491731905924,0.7774797238696228,1,0.0,0.0,1,0.0,0.0,1,-4.799872636795044,-4.799872636795044,1,0.018968259784960247,0.018968259784960247
loo_SpoolSolder,gru,4,SpoolSolder_Pose1_Exp5,SpoolSolder,0.5003533259489646,701,12,0,0,1,0,23.361027002334595,22.960872173309326,0.0,0.0,0.0,0.0,1.0,0.0,0.0,0.0,0,,,0,,,0,,,0,,
loo_SpoolSolder,gru,4,SpoolSolder_Pose1_Exp6,SpoolSolder,0.5808508248065978,310,53,0,0,2,0,10.32815170288086,8.561303615570068,0.0,0.0,0.0,0.0,1.0,0.0,0.0,0.0,0,,,0,,,0,,,0,,
loo_SpoolSolder,gru,4,SpoolSolder_Pose1_Exp7,SpoolSolder,0.020795176966298602,708,26,0,1,1,0,23.59441637992859,22.727403163909912,16.366409063339233,16.366409063339233,0.0,0.0,1.0,2.542974534052942,0.720117865877803,0.6936560243660822,0,,,0,,,0,,,0,,
loo_SpoolSolder,gru,4,SpoolSolder_Pose1_Exp8,SpoolSolder,0.24400899031056325,686,218,1,1,1,0,22.86088490486145,15.59437108039856,12.833316326141357,20.099830150604248,0.5,0.5,0.5,2.624570319552275,0.8229454243443183,0.8792236273552975,1,0.0,0.0,1,0.0,0.0,1,-6.73333215713501,-6.73333215713501,1,0.35473649571325067,0.35473649571325067
loo_SpoolSolder,gru,4,SpoolSolder_Pose1_Exp9,SpoolSolder,0.8444382342633462,278,179,1,1,0,0,9.260969877243042,3.2941131591796875,0.4999501705169678,2.8336095809936523,0.6666666666666666,1.0,0.0,6.478803062240581,0.151770794249663,0.30597330717559873,1,3.633457899093628,3.633457899093628,1,3.633457899093628,3.633457899093628,1,3.633457899093628,3.633457899093628,1,0.37438877344348365,0.37438877344348365
loo_SpoolSolder,gru,4,SpoolSolder_Pose2_Exp1,SpoolSolder,0.5125331458664792,111,9,1,0,0,0,3.694748878479004,3.3947198390960693,0.40012288093566895,0.7001519203186035,1.0,1.0,0.0,0.0,0.11786624519866472,0.18949919016061276,1,0.0,0.0,1,0.0,0.0,1,-0.26671814918518066,-0.26671814918518066,1,0.42851991214479085,0.42851991214479085
loo_SpoolSolder,gru,4,SpoolSolder_Pose2_Exp10,SpoolSolder,0.7997186774939142,367,232,1,1,0,0,12.227764129638672,4.494509220123291,1.7665510177612305,9.499805927276611,0.6666666666666666,1.0,0.0,4.906865994786979,0.3930464776558566,0.7769045776938232,1,0.0,0.0,1,0.0,0.0,1,-1.433103084564209,-1.433103084564209,1,0.8436319042020828,0.8436319042020828
loo_SpoolSolder,gru,4,SpoolSolder_Pose2_Exp2,SpoolSolder,0.940938351535672,372,251,1,0,1,0,12.394343137741089,4.027637481689453,1.4665346145629883,9.833240270614624,0.6666666666666666,0.5,0.5,0.0,0.36411782868497594,0.7933651796900925,1,0.0,0.0,1,0.0,0.0,1,-0.4998762607574463,-0.4998762607574463,1,0.33560097410509687,0.33560097410509687
loo_SpoolSolder,gru,4,SpoolSolder_Pose2_Exp3,SpoolSolder,0.11337858751990389,682,8,1,2,0,0,22.727606534957886,22.461108207702637,1.1002564430236816,1.266676425933838,0.5,1.0,0.0,5.279922450937589,0.048984958037216,0.05573294416134546,1,0.09975886344909668,0.09975886344909668,1,0.09975886344909668,0.09975886344909668,1,0.09975886344909668,0.09975886344909668,1,0.41601861432024834,0.41601861432024834
loo_SpoolSolder,gru,4,SpoolSolder_Pose2_Exp4,SpoolSolder,0.8922844781032838,138,44,1,0,0,0,4.594318389892578,3.1277811527252197,0.39983177185058594,1.8663690090179443,1.0,1.0,0.0,0.0,0.12783240013522512,0.4062341463151366,1,0.0,0.0,1,0.0,0.0,1,-0.20016193389892578,-0.20016193389892578,1,0.7857702469775945,0.7857702469775945
loo_SpoolSolder,gru,4,SpoolSolder_Pose2_Exp5,SpoolSolder,0.19062979539641944,105,8,0,0,1,0,3.4946017265319824,3.227668285369873,0.0,0.0,0.0,0.0,1.0,0.0,0.0,0.0,0,,,0,,,0,,,0,,
loo_SpoolSolder,gru,4,SpoolSolder_Pose2_Exp6,SpoolSolder,0.5720375210727451,678,55,0,0,2,0,22.59462594985962,20.7613263130188,0.0,0.0,0.0,0.0,1.0,0.0,0.0,0.0,0,,,0,,,0,,,0,,
loo_SpoolSolder,gru,4,SpoolSolder_Pose2_Exp7,SpoolSolder,0.07763165605024662,682,42,1,0,2,0,22.727771282196045,21.3279025554657,11.166603326797485,12.266653060913086,0.5,0.3333333333333333,0.6666666666666666,0.0,0.5235678144045075,0.5397208951377583,1,0.0,0.0,1,0.0,0.0,1,-0.4999113082885742,-0.4999113082885742,1,0.016307129754842713,0.016307129754842713
loo_SpoolSolder,gru,4,SpoolSolder_Pose2_Exp8,SpoolSolder,0.5323370827291241,237,39,0,0,1,0,7.894521951675415,6.594422101974487,0.0,0.0,0.0,0.0,1.0,0.0,0.0,0.0,0,,,0,,,0,,,0,,
loo_SpoolSolder,gru,4,SpoolSolder_Pose2_Exp9,SpoolSolder,0.8632679738562091,107,10,1,0,0,0,3.5610547065734863,3.2280662059783936,0.8338282108306885,1.1668167114257812,1.0,1.0,0.0,0.0,0.2583057959859791,0.32766042860052386,1,0.0,0.0,1,0.0,0.0,1,-0.6335046291351318,-0.6335046291351318,1,0.2853820118741704,0.2853820118741704
loo_SpoolSolder,gru,4,SpoolSolder_Pose3_Exp1,SpoolSolder,0.28817019017942713,675,203,0,2,1,0,22.494317293167114,15.727784156799316,0.9665343761444092,0.9665343761444092,0.0,0.0,1.0,5.334680685617041,0.0614539445931145,0.0429679355700208,0,,,0,,,0,,,0,,
loo_SpoolSolder,gru,4,SpoolSolder_Pose3_Exp10,SpoolSolder,0.34862983432040423,687,120,1,0,2,0,22.894401788711548,18.894401788711548,15.766793012619019,19.76679301261902,0.5,0.3333333333333333,0.6666666666666666,0.0,0.8344690236257643,0.8633898013603201,1,0.0,0.0,1,0.0,0.0,1,-0.5331451892852783,-0.5331451892852783,1,0.06745701397787732,0.06745701397787732
loo_SpoolSolder,gru,4,SpoolSolder_Pose3_Exp2,SpoolSolder,0.13223023122323918,357,51,0,0,1,0,11.91109323501587,10.211063861846924,0.0,0.0,0.0,0.0,1.0,0.0,0.0,0.0,0,,,0,,,0,,,0,,
loo_SpoolSolder,gru,4,SpoolSolder_Pose3_Exp3,SpoolSolder,0.9600694030359276,161,64,1,0,0,0,5.36093282699585,3.2279605865478516,0.9672069549560547,3.1001791954040527,1.0,1.0,0.0,0.0,0.29963406585160196,0.5782909981249151,1,0.0,0.0,1,0.0,0.0,1,-0.7000772953033447,-0.7000772953033447,1,0.6880157907033511,0.6880157907033511
loo_SpoolSolder,gru,4,SpoolSolder_Pose3_Exp4,SpoolSolder,0.24326540728993074,693,159,1,0,2,0,23.09463095664978,17.794484615325928,14.23305630683899,19.533202648162842,0.5,0.3333333333333333,0.6666666666666666,0.0,0.7998577432571679,0.8457897718663707,1,0.0,0.0,1,0.0,0.0,1,0.0,0.0,1,0.0870323267241715,0.0870323267241715
loo_SpoolSolder,gru,4,SpoolSolder_Pose3_Exp5,SpoolSolder,0.160829035929497,654,98,1,1,0,0,21.7943594455719,18.527602910995483,2.700227737426758,3.00022554397583,0.6666666666666666,1.0,0.0,2.753005893558876,0.14574080362140465,0.13766064340952242,1,2.966726064682007,2.966726064682007,1,2.966726064682007,2.966726064682007,1,2.966726064682007,2.966726064682007,1,0.05454203648217861,0.05454203648217861
loo_SpoolSolder,gru,4,SpoolSolder_Pose3_Exp6,SpoolSolder,0.40921528476540336,691,178,1,0,3,0,23.027361154556274,17.09396767616272,4.366283416748047,5.866362810134888,0.4,0.25,0.75,0.0,0.2554283183088478,0.25475619072288486,1,0.0,0.0,1,0.0,0.0,1,-0.733306884765625,-0.733306884765625,1,0.25570859524665995,0.25570859524665995
loo_SpoolSolder,gru,4,SpoolSolder_Pose3_Exp7,SpoolSolder,0.3566734794078102,679,237,1,1,2,0,22.627893447875977,14.727959156036377,6.500015735626221,11.03356385231018,0.4,0.3333333333333333,0.6666666666666666,2.651594596651773,0.44133852265350254,0.48760897154329996,1,1.1998863220214844,1.1998863220214844,1,1.1998863220214844,1.1998863220214844,1,1.1998863220214844,1.1998863220214844,1,0.019678186234331055,0.019678186234331055
loo_SpoolSolder,gru,4,SpoolSolder_Pose3_Exp8,SpoolSolder,0.2938467607168022,703,223,2,1,1,0,23.427812576293945,15.994690179824829,6.167115926742554,9.967142343521118,0.6666666666666666,0.6666666666666666,0.3333333333333333,2.5610585625357354,0.3855727030287557,0.4254405873814543,2,2.8999862670898438,3.3800495147705076,2,2.8999862670898438,3.3800495147705076,2,2.8999862670898438,3.3800495147705076,2,0.08753757406485807,0.10502114812498933
loo_SpoolSolder,gru,4,SpoolSolder_Pose3_Exp9,SpoolSolder,0.7455545312472963,698,135,1,1,1,0,23.26098656654358,18.761017560958862,0.3337423801422119,2.7001802921295166,0.5,0.5,0.5,2.579426277916276,0.01778914065070331,0.11608193334384202,1,1.7332122325897217,1.7332122325897217,1,1.7332122325897217,1.7332122325897217,1,1.7332122325897217,1.7332122325897217,1,0.559002464709786,0.559002464709786
loo_SpoolSolder,mamba,0,SpoolSolder_Pose1_Exp1,SpoolSolder,0.15133804240012064,667,85,1,2,2,0,22.227914571762085,19.39436650276184,8.800319194793701,9.06708550453186,0.3333333333333333,0.3333333333333333,0.6666666666666666,5.398617113296165,0.4537564654942711,0.40791435810404414,1,0.0,0.0,1,0.0,0.0,1,-8.266661643981934,-8.266661643981934,1,0.031019145197646248,0.031019145197646248
loo_SpoolSolder,mamba,0,SpoolSolder_Pose1_Exp10,SpoolSolder,0.12609324196510197,688,117,1,3,2,0,22.938194274902344,19.038597345352173,15.805206775665283,19.338181495666504,0.2857142857142857,0.3333333333333333,0.6666666666666666,7.847173924973932,0.8301665552858469,0.8430559643844866,1,0.13308501243591309,0.13308501243591309,1,0.13308501243591309,0.13308501243591309,1,0.13308501243591309,0.13308501243591309,1,0.005319980005212767,0.005319980005212767
loo_SpoolSolder,mamba,0,SpoolSolder_Pose1_Exp2,SpoolSolder,0.294622236207313,645,108,0,3,2,0,21.49458360671997,17.89473557472229,0.23357224464416504,0.23357224464416504,0.0,0.0,1.0,8.374202696521444,0.013052567536907561,0.010866562894065184,0,,,0,,,0,,,0,,
loo_SpoolSolder,mamba,0,SpoolSolder_Pose1_Exp3,SpoolSolder,0.12988303150965497,684,129,1,8,3,0,22.794421911239624,18.494444847106934,5.033811807632446,5.167168378829956,0.15384615384615385,0.25,0.75,21.057783429169504,0.27217966525877524,0.22668565138219604,1,0.06654000282287598,0.06654000282287598,1,0.06654000282287598,0.06654000282287598,1,0.06654000282287598,0.06654000282287598,1,0.44467322752954813,0.44467322752954813
loo_SpoolSolder,mamba,0,SpoolSolder_Pose1_Exp4,SpoolSolder,0.2517995728860893,678,224,1,2,4,0,22.594207048416138,15.128276824951172,2.8001868724823,2.867006301879883,0.25,0.2,0.8,5.31109588147339,0.1850962211283662,0.1268912113506042,1,0.13325119018554688,0.13325119018554688,1,0.13325119018554688,0.13325119018554688,1,0.13325119018554688,0.13325119018554688,1,0.14320672363030254,0.14320672363030254
loo_SpoolSolder,mamba,0,SpoolSolder_Pose1_Exp5,SpoolSolder,0.02327063111179345,701,12,0,3,1,0,23.361027002334595,22.960872173309326,0.9992091655731201,0.9992091655731201,0.0,0.0,1.0,7.705140702162265,0.04351790986122219,0.04277248450906134,0,,,0,,,0,,,0,,
loo_SpoolSolder,mamba,0,SpoolSolder_Pose1_Exp6,SpoolSolder,0.48830606569421176,310,53,0,0,2,0,10.32815170288086,8.561303615570068,0.0,0.0,0.0,0.0,1.0,0.0,0.0,0.0,0,,,0,,,0,,,0,,
loo_SpoolSolder,mamba,0,SpoolSolder_Pose1_Exp7,SpoolSolder,0.046080416481111254,708,26,1,5,0,0,23.59441637992859,22.727403163909912,1.4673388004302979,1.5008819103240967,0.2857142857142857,1.0,0.0,12.71487267026471,0.06456253668084551,0.06361174127624848,1,0.8336081504821777,0.8336081504821777,1,0.8336081504821777,0.8336081504821777,1,0.8336081504821777,0.8336081504821777,1,0.029586713422744694,0.029586713422744694
loo_SpoolSolder,mamba,0,SpoolSolder_Pose1_Exp8,SpoolSolder,0.5984816988372217,686,218,1,6,1,0,22.86088490486145,15.59437108039856,7.361634731292725,11.461980819702148,0.2222222222222222,0.5,0.5,15.74742191731365,0.47206999842051833,0.5013795777111286,1,0.0,0.0,1,0.0,0.0,1,-2.7666573524475098,-2.7666573524475098,1,0.006843896119265641,0.006843896119265641
loo_SpoolSolder,mamba,0,SpoolSolder_Pose1_Exp9,SpoolSolder,0.8837422325688247,278,179,1,1,0,0,9.260969877243042,3.2941131591796875,0.033365488052368164,0.9332871437072754,0.6666666666666666,1.0,0.0,6.478803062240581,0.010128822672466105,0.10077639341000769,1,3.9000062942504883,3.9000062942504883,1,3.9000062942504883,3.9000062942504883,1,3.9000062942504883,3.9000062942504883,1,0.15082005454070838,0.15082005454070838
loo_SpoolSolder,mamba,0,SpoolSolder_Pose2_Exp1,SpoolSolder,0.6633261800472312,111,9,1,1,0,0,3.694748878479004,3.3947198390960693,0.1668870449066162,0.30004072189331055,0.6666666666666666,1.0,0.0,16.239263336538276,0.049160771084736744,0.08120733824184191,1,0.16662168502807617,0.16662168502807617,1,0.16662168502807617,0.16662168502807617,1,0.16662168502807617,0.16662168502807617,1,0.39944541238602843,0.39944541238602843
loo_SpoolSolder,mamba,0,SpoolSolder_Pose2_Exp10,SpoolSolder,0.7076734595261014,367,232,1,1,0,0,12.227764129638672,4.494509220123291,0.0668027400970459,0.8665211200714111,0.6666666666666666,1.0,0.0,4.906865994786979,0.014863189021384053,0.07086505029738553,1,6.933331251144409,6.933331251144409,1,6.933331251144409,6.933331251144409,1,6.933331251144409,6.933331251144409,1,0.1034129081908773,0.1034129081908773
loo_SpoolSolder,mamba,0,SpoolSolder_Pose2_Exp2,SpoolSolder,0.9406119229575721,372,251,1,0,1,0,12.394343137741089,4.027637481689453,1.5000324249267578,9.866738080978394,0.6666666666666666,0.5,0.5,0.0,0.3724348161288703,0.7960678489636072,1,0.0,0.0,1,0.0,0.0,1,-0.633364200592041,-0.633364200592041,1,0.33446160081919385,0.33446160081919385
loo_SpoolSolder,mamba,0,SpoolSolder_Pose2_Exp3,SpoolSolder,0.007348699959084766,682,8,0,1,1,0,22.727606534957886,22.461108207702637,0.03342175483703613,0.03342175483703613,0.0,0.0,1.0,2.6399612254687943,0.0014879833411592194,0.0014705356142816586,0,,,0,,,0,,,0,,
loo_SpoolSolder,mamba,0,SpoolSolder_Pose2_Exp4,SpoolSolder,0.7202572399938638,138,44,1,1,0,0,4.594318389892578,3.1277811527252197,0.66678786277771,2.0333452224731445,0.6666666666666666,1.0,0.0,13.05960860962509,0.21318239039734002,0.44257821289583876,1,0.0,0.0,1,0.0,0.0,1,-0.5999894142150879,-0.5999894142150879,1,0.661265296878827,0.661265296878827
loo_SpoolSolder,mamba,0,SpoolSolder_Pose2_Exp5,SpoolSolder,0.15116638461604737,105,8,0,0,1,0,3.4946017265319824,3.227668285369873,0.0,0.0,0.0,0.0,1.0,0.0,0.0,0.0,0,,,0,,,0,,,0,,
loo_SpoolSolder,mamba,0,SpoolSolder_Pose2_Exp6,SpoolSolder,0.17906828486818938,678,55,2,1,0,0,22.59462594985962,20.7613263130188,9.16694688796997,10.600288152694702,0.8,1.0,0.0,2.6554987072212533,0.44153956013020496,0.4691508580942258,2,0.08333754539489746,0.12335638999938965,2,0.08333754539489746,0.12335638999938965,2,0.08333754539489746,0.12335638999938965,2,0.22812178084293752,0.31219357739992903
loo_SpoolSolder,mamba,0,SpoolSolder_Pose2_Exp7,SpoolSolder,0.0793510917438237,682,42,0,1,3,0,22.727771282196045,21.3279025554657,0.8000564575195312,0.8000564575195312,0.0,0.0,1.0,2.6399420891304644,0.0375121958401156,0.0352017119314405,0,,,0,,,0,,,0,,
loo_SpoolSolder,mamba,0,SpoolSolder_Pose2_Exp8,SpoolSolder,0.722643089077784,237,39,1,0,0,0,7.894521951675415,6.594422101974487,0.0,0.26653337478637695,1.0,1.0,0.0,0.0,0.0,0.03376181311774197,1,1.0331823825836182,1.0331823825836182,1,1.0331823825836182,1.0331823825836182,1,1.0331823825836182,1.0331823825836182,1,0.20500992662039746,0.20500992662039746
loo_SpoolSolder,mamba,0,SpoolSolder_Pose2_Exp9,SpoolSolder,0.7777007050920093,107,10,1,0,0,0,3.5610547065734863,3.2280662059783936,0.967034101486206,1.3000226020812988,1.0,1.0,0.0,0.0,0.29957071502909527,0.36506673140447343,1,0.0,0.0,1,0.0,0.0,1,-0.7666451930999756,-0.7666451930999756,1,0.2561405471427864,0.2561405471427864
loo_SpoolSolder,mamba,0,SpoolSolder_Pose3_Exp1,SpoolSolder,0.4664248829537026,675,203,0,2,1,0,22.494317293167114,15.727784156799316,0.2665276527404785,0.2665276527404785,0.0,0.0,1.0,5.334680685617041,0.016946293901500122,0.011848666010478971,0,,,0,,,0,,,0,,
loo_SpoolSolder,mamba,0,SpoolSolder_Pose3_Exp10,SpoolSolder,0.17293172871581833,687,120,0,0,3,0,22.894401788711548,18.894401788711548,0.0,0.0,0.0,0.0,1.0,0.0,0.0,0.0,0,,,0,,,0,,,0,,
loo_SpoolSolder,mamba,0,SpoolSolder_Pose3_Exp2,SpoolSolder,0.09955962912907154,357,51,0,0,1,0,11.91109323501587,10.211063861846924,0.0,0.0,0.0,0.0,1.0,0.0,0.0,0.0,0,,,0,,,0,,,0,,
loo_SpoolSolder,mamba,0,SpoolSolder_Pose3_Exp3,SpoolSolder,0.7371371406537749,161,64,1,1,0,0,5.36093282699585,3.2279605865478516,0.23324823379516602,0.6000430583953857,0.6666666666666666,1.0,0.0,11.192082038010296,0.07225869942997469,0.11192885226499599,1,0.8998157978057861,0.8998157978057861,1,0.8998157978057861,0.8998157978057861,1,0.8998157978057861,0.8998157978057861,1,0.17196418108244113,0.17196418108244113
loo_SpoolSolder,mamba,0,SpoolSolder_Pose3_Exp4,SpoolSolder,0.2147891593535321,693,159,0,1,3,0,23.09463095664978,17.794484615325928,0.33315491676330566,0.33315491676330566,0.0,0.0,1.0,2.598006441957187,0.018722369541198623,0.01442564366534631,0,,,0,,,0,,,0,,
loo_SpoolSolder,mamba,0,SpoolSolder_Pose3_Exp5,SpoolSolder,0.13034923655532954,654,98,0,0,1,0,21.7943594455719,18.527602910995483,0.0,0.0,0.0,0.0,1.0,0.0,0.0,0.0,0,,,0,,,0,,,0,,
loo_SpoolSolder,mamba,0,SpoolSolder_Pose3_Exp6,SpoolSolder,0.637165297924977,691,178,1,7,3,0,23.027361154556274,17.09396767616272,0.8336002826690674,3.5005218982696533,0.16666666666666666,0.25,0.75,18.239171965081955,0.048765757515237984,0.15201576397636982,1,1.3665030002593994,1.3665030002593994,1,1.3665030002593994,1.3665030002593994,1,1.3665030002593994,1.3665030002593994,1,0.45165734885442566,0.45165734885442566
loo_SpoolSolder,mamba,0,SpoolSolder_Pose3_Exp7,SpoolSolder,0.3803376376267238,679,237,3,1,0,0,22.627893447875977,14.727959156036377,6.666457891464233,9.100005388259888,0.8571428571428571,1.0,0.0,2.651594596651773,0.4526396237819501,0.40215875195019896,3,0.8662674427032471,1.5331726551055909,3,0.8662674427032471,1.5331726551055909,3,0.8662674427032471,1.5331726551055909,3,0.20879627761066383,0.22371466539103102
loo_SpoolSolder,mamba,0,SpoolSolder_Pose3_Exp8,SpoolSolder,0.40228112432555097,703,223,0,2,3,0,23.427812576293945,15.994690179824829,0.20026683807373047,0.20026683807373047,0.0,0.0,1.0,5.122117125071471,0.01252083259020174,0.008548251674011418,0,,,0,,,0,,,0,,
loo_SpoolSolder,mamba,0,SpoolSolder_Pose3_Exp9,SpoolSolder,0.7790710265215485,698,135,1,1,1,0,23.26098656654358,18.761017560958862,0.19984889030456543,1.699831485748291,0.5,0.5,0.5,2.579426277916276,0.010652348128517572,0.0730765000394768,1,2.2331738471984863,2.2331738471984863,1,2.2331738471984863,2.2331738471984863,1,2.2331738471984863,2.2331738471984863,1,0.3658697402738861,0.3658697402738861
loo_SpoolSolder,mamba,1,SpoolSolder_Pose1_Exp1,SpoolSolder,0.15633818900413654,667,85,1,1,2,0,22.227914571762085,19.39436650276184,16.03336453437805,18.766947984695435,0.4,0.3333333333333333,0.6666666666666666,2.6993085566480826,0.826702152508814,0.844296387954298,1,0.0,0.0,1,0.0,0.0,1,-4.466938734054565,-4.466938734054565,1,0.010154929075404278,0.010154929075404278
loo_SpoolSolder,mamba,1,SpoolSolder_Pose1_Exp10,SpoolSolder,0.15064492882759697,688,117,1,2,2,0,22.938194274902344,19.038597345352173,18.49470567703247,22.294422149658203,0.3333333333333333,0.3333333333333333,0.6666666666666666,5.231449283315954,0.9714321565578737,0.9719344898064396,1,0.0,0.0,1,0.0,0.0,1,-2.9335708618164062,-2.9335708618164062,1,0.010669820520518503,0.010669820520518503
loo_SpoolSolder,mamba,1,SpoolSolder_Pose1_Exp2,SpoolSolder,0.5625493131163535,645,108,1,1,1,0,21.49458360671997,17.89473557472229,15.633611917495728,19.233459949493408,0.5,0.5,0.5,2.791400898840481,0.8736430807940758,0.894804956513805,1,0.0,0.0,1,0.0,0.0,1,-1.9666848182678223,-1.9666848182678223,1,0.22097249811527042,0.22097249811527042
loo_SpoolSolder,mamba,1,SpoolSolder_Pose1_Exp3,SpoolSolder,0.2616525525953675,684,129,2,1,2,0,22.794421911239624,18.494444847106934,15.300297260284424,19.26720428466797,0.5714285714285714,0.5,0.5,2.632222928646188,0.8272915130338628,0.845259614816885,2,0.0,0.0,2,0.0,0.0,2,-2.8167108297348022,-1.4434036970138548,2,0.027782650513645073,0.03712965304895157
loo_SpoolSolder,mamba,1,SpoolSolder_Pose1_Exp4,SpoolSolder,0.45749728524627004,678,224,2,0,3,0,22.594207048416138,15.128276824951172,11.7669517993927,18.36689281463623,0.5714285714285714,0.4,0.6,0.0,0.777811771660959,0.8129027398606474,2,0.25001823902130127,0.4500328302383423,2,0.25001823902130127,0.4500328302383423,2,-0.4666849374771118,0.30669219493865973,2,0.2199037889806678,0.334892893142061
loo_SpoolSolder,mamba,1,SpoolSolder_Pose1_Exp5,SpoolSolder,0.3565804506591703,701,12,1,0,0,0,23.361027002334595,22.960872173309326,20.199944496154785,20.600099325180054,1.0,1.0,0.0,0.0,0.8797551044091453,0.8818147987723902,1,0.0,0.0,1,0.0,0.0,1,-0.20016098022460938,-0.20016098022460938,1,0.01942489804095986,0.01942489804095986
loo_SpoolSolder,mamba,1,SpoolSolder_Pose1_Exp6,SpoolSolder,0.35168263960985774,310,53,2,0,0,0,10.32815170288086,8.561303615570068,5.933297872543335,7.700145959854126,1.0,1.0,0.0,0.0,0.6930367311997563,0.745549269740713,2,0.0,0.0,2,0.0,0.0,2,-1.433471441268921,-0.8468133449554442,2,0.2392733858103503,0.3347031350434794
loo_SpoolSolder,mamba,1,SpoolSolder_Pose1_Exp7,SpoolSolder,0.2965225322667567,708,26,1,2,0,0,23.59441637992859,22.727403163909912,1.1331067085266113,1.5996105670928955,0.5,1.0,0.0,5.085949068105884,0.049856409038668066,0.06779614894198696,1,0.0,0.0,1,0.0,0.0,1,-0.3000011444091797,-0.3000011444091797,1,0.2000267265985438,0.2000267265985438
loo_SpoolSolder,mamba,1,SpoolSolder_Pose1_Exp8,SpoolSolder,0.363528320148761,686,218,2,6,0,0,22.86088490486145,15.59437108039856,15.56084680557251,18.661399841308594,0.4,1.0,0.0,15.74742191731365,0.9978502323272153,0.8163026024132679,2,0.0,0.0,2,0.0,0.0,2,-6.233332514762878,-5.833332800865174,2,0.04952819535283243,0.056515415111427124
loo_SpoolSolder,mamba,1,SpoolSolder_Pose1_Exp9,SpoolSolder,0.8325934801272891,278,179,1,2,0,0,9.260969877243042,3.2941131591796875,0.9665043354034424,6.733268976211548,0.5,1.0,0.0,12.957606124481162,0.2934035015494504,0.7270587276994813,1,0.0,0.0,1,0.0,0.0,1,-0.6665477752685547,-0.6665477752685547,1,0.8391594364663171,0.8391594364663171
loo_SpoolSolder,mamba,1,SpoolSolder_Pose2_Exp1,SpoolSolder,0.3035252147997246,111,9,1,3,0,0,3.694748878479004,3.3947198390960693,1.327812671661377,1.6278417110443115,0.4,1.0,0.0,48.71779000961483,0.39114057554008375,0.4405825035974937,1,0.0,0.0,1,0.0,0.0,1,-0.8001601696014404,-0.8001601696014404,1,0.24321628960220515,0.24321628960220515
loo_SpoolSolder,mamba,1,SpoolSolder_Pose2_Exp10,SpoolSolder,0.6387281935167318,367,232,1,1,0,0,12.227764129638672,4.494509220123291,0.666741132736206,1.3001041412353516,0.6666666666666666,1.0,0.0,4.906865994786979,0.14834570363122235,0.10632394667182457,1,7.099939823150635,7.099939823150635,1,7.099939823150635,7.099939823150635,1,7.099939823150635,7.099939823150635,1,0.08190121959122597,0.08190121959122597
loo_SpoolSolder,mamba,1,SpoolSolder_Pose2_Exp2,SpoolSolder,0.9217147318184595,372,251,1,1,1,0,12.394343137741089,4.027637481689453,1.7942934036254883,10.160999059677124,0.5,0.5,0.5,4.840918097329295,0.44549525913957005,0.8198094039156157,1,0.0,0.0,1,0.0,0.0,1,-0.7332296371459961,-0.7332296371459961,1,0.32781984283898297,0.32781984283898297
loo_SpoolSolder,mamba,1,SpoolSolder_Pose2_Exp3,SpoolSolder,0.008832402667250983,682,8,1,1,0,0,22.727606534957886,22.461108207702637,22.461108207702637,22.727606534957886,0.6666666666666666,1.0,0.0,2.6399612254687943,1.0,1.0,1,0.0,0.0,1,0.0,0.0,1,-18.333491802215576,-18.333491802215576,1,0.013550864856801384,0.013550864856801384
loo_SpoolSolder,mamba,1,SpoolSolder_Pose2_Exp4,SpoolSolder,0.502746639725358,138,44,1,0,0,0,4.594318389892578,3.1277811527252197,0.9000158309936523,2.3665530681610107,1.0,1.0,0.0,0.0,0.28774897828432566,0.5151042804015035,1,0.0,0.0,1,0.0,0.0,1,-0.6999282836914062,-0.6999282836914062,1,0.619693366228617,0.619693366228617
loo_SpoolSolder,mamba,1,SpoolSolder_Pose2_Exp5,SpoolSolder,0.3476386862935776,105,8,1,1,0,0,3.4946017265319824,3.227668285369873,0.6332449913024902,0.9001784324645996,0.6666666666666666,1.0,0.0,17.169338509868926,0.19619271105795305,0.2575911371044649,1,0.0,0.0,1,0.0,0.0,1,-0.6000359058380127,-0.6000359058380127,1,0.3079179127587916,0.3079179127587916
loo_SpoolSolder,mamba,1,SpoolSolder_Pose2_Exp6,SpoolSolder,0.4511605131863076,678,55,2,2,0,0,22.59462594985962,20.7613263130188,4.300050735473633,6.0999345779418945,0.6666666666666666,1.0,0.0,5.3109974144425065,0.2071183059618499,0.26997280643098204,2,0.016656994819641113,0.029982590675354005,2,0.016656994819641113,0.029982590675354005,2,-0.36656761169433594,-0.04666233062744139,2,0.4377341293826832,0.5273232995441106
loo_SpoolSolder,mamba,1,SpoolSolder_Pose2_Exp7,SpoolSolder,0.06479206874024654,682,42,1,2,2,0,22.727771282196045,21.3279025554657,7.066900253295898,7.233424186706543,0.3333333333333333,0.3333333333333333,0.6666666666666666,5.279884178260929,0.3313452991881222,0.3182636826503484,1,0.0,0.0,1,0.0,0.0,1,-6.16648530960083,-6.16648530960083,1,0.025751367598512386,0.025751367598512386
loo_SpoolSolder,mamba,1,SpoolSolder_Pose2_Exp8,SpoolSolder,0.8979042404057003,237,39,1,1,0,0,7.894521951675415,6.594422101974487,4.2331459522247314,5.533245801925659,0.6666666666666666,1.0,0.0,7.600206873484783,0.6419282670663821,0.700896879607937,1,0.0,0.0,1,0.0,0.0,1,-3.9670042991638184,-3.9670042991638184,1,0.2468643710346126,0.2468643710346126
loo_SpoolSolder,mamba,1,SpoolSolder_Pose2_Exp9,SpoolSolder,0.29628210096355256,107,10,1,0,0,0,3.5610547065734863,3.2280662059783936,0.8004283905029297,1.1334168910980225,1.0,1.0,0.0,0.0,0.2479590997918607,0.3182812353333986,1,0.0,0.0,1,0.0,0.0,1,-0.7666451930999756,-0.7666451930999756,1,0.2937917223666068,0.2937917223666068
loo_SpoolSolder,mamba,1,SpoolSolder_Pose3_Exp1,SpoolSolder,0.9174860193555074,675,203,1,2,0,0,22.494317293167114,15.727784156799316,13.433421850204468,20.199954986572266,0.5,1.0,0.0,5.334680685617041,0.854120435293298,0.8980025809766725,1,0.0,0.0,1,0.0,0.0,1,-6.833384990692139,-6.833384990692139,1,0.3644469365081077,0.3644469365081077
loo_SpoolSolder,mamba,1,SpoolSolder_Pose3_Exp10,SpoolSolder,0.5876789432360804,687,120,1,0,2,0,22.894401788711548,18.894401788711548,18.894401788711548,22.894401788711548,0.5,0.3333333333333333,0.6666666666666666,0.0,1.0,1.0,1,0.0,0.0,1,0.0,0.0,1,-3.133211851119995,-3.133211851119995,1,0.05824169789871983,0.05824169789871983
loo_SpoolSolder,mamba,1,SpoolSolder_Pose3_Exp2,SpoolSolder,0.08130416956004777,357,51,0,0,1,0,11.91109323501587,10.211063861846924,0.0,0.0,0.0,0.0,1.0,0.0,0.0,0.0,0,,,0,,,0,,,0,,
loo_SpoolSolder,mamba,1,SpoolSolder_Pose3_Exp3,SpoolSolder,0.8023371211362289,161,64,1,1,0,0,5.36093282699585,3.2279605865478516,0.9003121852874756,2.9000120162963867,0.6666666666666666,1.0,0.0,11.192082038010296,0.2789105260576667,0.5409528732934135,1,0.0,0.0,1,0.0,0.0,1,-0.7667331695556641,-0.7667331695556641,1,0.6666620624436239,0.6666620624436239
loo_SpoolSolder,mamba,1,SpoolSolder_Pose3_Exp4,SpoolSolder,0.42758184285845907,693,159,1,0,2,0,23.09463095664978,17.794484615325928,17.794484615325928,23.09463095664978,0.5,0.3333333333333333,0.6666666666666666,0.0,1.0,1.0,1,0.0,0.0,1,0.0,0.0,1,-2.9998652935028076,-2.9998652935028076,1,0.07361105176503645,0.07361105176503645
loo_SpoolSolder,mamba,1,SpoolSolder_Pose3_Exp5,SpoolSolder,0.5372326767980834,654,98,1,3,0,0,21.7943594455719,18.527602910995483,18.361104011535645,21.62786054611206,0.4,1.0,0.0,8.25901768067663,0.9910134678371681,0.9923604591419333,1,0.0,0.0,1,0.0,0.0,1,-7.133376121520996,-7.133376121520996,1,0.1781883568379148,0.1781883568379148
loo_SpoolSolder,mamba,1,SpoolSolder_Pose3_Exp6,SpoolSolder,0.1876488739855063,691,178,1,0,3,0,23.027361154556274,17.09396767616272,13.66672396659851,19.4999737739563,0.4,0.25,0.75,0.0,0.7995056633724978,0.8468175594708978,1,0.0,0.0,1,0.0,0.0,1,-0.9666118621826172,-0.9666118621826172,1,0.07692725184022099,0.07692725184022099
loo_SpoolSolder,mamba,1,SpoolSolder_Pose3_Exp7,SpoolSolder,0.4783517101734934,679,237,3,0,0,0,22.627893447875977,14.727959156036377,7.033123016357422,13.266709566116333,1.0,1.0,0.0,0.0,0.4775354780553447,0.5862989233477076,3,0.2001183032989502,3.853506326675415,3,0.2001183032989502,3.853506326675415,3,0.2001183032989502,3.853506326675415,3,0.11496654107237439,0.28983906079853766
loo_SpoolSolder,mamba,1,SpoolSolder_Pose3_Exp8,SpoolSolder,0.643081340698652,703,223,1,0,2,0,23.427812576293945,15.994690179824829,15.994690179824829,23.427812576293945,0.5,0.3333333333333333,0.6666666666666666,0.0,1.0,1.0,1,0.0,0.0,1,0.0,0.0,1,-10.06657075881958,-10.06657075881958,1,0.17501081379583897,0.17501081379583897
loo_SpoolSolder,mamba,1,SpoolSolder_Pose3_Exp9,SpoolSolder,0.8027201897438594,698,135,1,2,1,0,23.26098656654358,18.761017560958862,11.661148309707642,15.760920524597168,0.4,0.5,0.5,5.158852555832552,0.6215626776009291,0.6775688760882652,1,0.0,0.0,1,0.0,0.0,1,-6.933307647705078,-6.933307647705078,1,0.3435624586735146,0.3435624586735146
loo_SpoolSolder,mamba,2,SpoolSolder_Pose1_Exp1,SpoolSolder,0.14185515740948823,667,85,1,1,2,0,22.227914571762085,19.39436650276184,17.033461332321167,19.86700940132141,0.4,0.3333333333333333,0.6666666666666666,2.6993085566480826,0.878268508017291,0.8937864745332464,1,0.0,0.0,1,0.0,0.0,1,-4.466938734054565,-4.466938734054565,1,0.009481877982174718,0.009481877982174718
loo_SpoolSolder,mamba,2,SpoolSolder_Pose1_Exp10,SpoolSolder,0.35270864810434627,688,117,1,0,2,0,22.938194274902344,19.038597345352173,18.344284772872925,22.243881702423096,0.5,0.3333333333333333,0.6666666666666666,0.0,0.9635313169408066,0.9697311582525515,1,0.0,0.0,1,0.0,0.0,1,-2.23362135887146,-2.23362135887146,1,0.010486228788602734,0.010486228788602734
loo_SpoolSolder,mamba,2,SpoolSolder_Pose1_Exp2,SpoolSolder,0.16270328342540302,645,108,1,1,1,0,21.49458360671997,17.89473557472229,15.633611917495728,19.233459949493408,0.5,0.5,0.5,2.791400898840481,0.8736430807940758,0.894804956513805,1,0.0,0.0,1,0.0,0.0,1,-1.9666848182678223,-1.9666848182678223,1,0.22097249811527042,0.22097249811527042
loo_SpoolSolder,mamba,2,SpoolSolder_Pose1_Exp3,SpoolSolder,0.1481814219909026,684,129,2,0,2,0,22.794421911239624,18.494444847106934,16.066789865493774,20.366766929626465,0.6666666666666666,0.5,0.5,0.0,0.8687359906348898,0.893497848242595,2,0.0,0.0,2,0.0,0.0,2,-2.7166945934295654,-1.2633744716644286,2,0.27299356666659363,0.4793110908909094
loo_SpoolSolder,mamba,2,SpoolSolder_Pose1_Exp4,SpoolSolder,0.2737322500619193,678,224,2,2,3,0,22.594207048416138,15.128276824951172,7.9332497119903564,10.666265487670898,0.4444444444444444,0.4,0.6,5.31109588147339,0.5243987668777975,0.47207965585225564,2,0.06662559509277344,0.11992607116699219,2,0.06662559509277344,0.11992607116699219,2,-0.6500775814056396,-0.023414564132690385,2,0.14629397441832756,0.20052128442142617
loo_SpoolSolder,mamba,2,SpoolSolder_Pose1_Exp5,SpoolSolder,0.3172836007239088,701,12,1,1,0,0,23.361027002334595,22.960872173309326,0.2001180648803711,0.23323607444763184,0.6666666666666666,1.0,0.0,2.5683802340540884,0.008715612515494802,0.009983982057994422,1,0.09966516494750977,0.09966516494750977,1,0.09966516494750977,0.09966516494750977,1,0.09966516494750977,0.09966516494750977,1,0.08276298863600479,0.08276298863600479
loo_SpoolSolder,mamba,2,SpoolSolder_Pose1_Exp6,SpoolSolder,0.11997091019132274,310,53,2,1,0,0,10.32815170288086,8.561303615570068,8.366831302642822,10.033550024032593,0.8,1.0,0.0,5.809364707846424,0.9772847311975283,0.9714758567337762,2,0.0,0.0,2,0.0,0.0,2,-2.583371877670288,-2.250109624862671,2,0.20372644235844403,0.3048577335522165
loo_SpoolSolder,mamba,2,SpoolSolder_Pose1_Exp7,SpoolSolder,0.036908496684084094,708,26,1,1,0,0,23.59441637992859,22.727403163909912,20.366286277770996,20.96646785736084,0.6666666666666666,1.0,0.0,2.542974534052942,0.8961114532482857,0.8886198971718027,1,0.0,0.0,1,0.0,0.0,1,-0.23310089111328125,-0.23310089111328125,1,0.0909368859627454,0.0909368859627454
loo_SpoolSolder,mamba,2,SpoolSolder_Pose1_Exp8,SpoolSolder,0.2122516642964135,686,218,2,3,0,0,22.86088490486145,15.59437108039856,13.00011396408081,15.73300576210022,0.5714285714285714,1.0,0.0,7.873710958656825,0.8336414400463629,0.688206332675886,2,0.0,0.0,2,0.0,0.0,2,-6.149887323379517,-5.683131456375122,2,0.062022435154867064,0.08424925921297198
loo_SpoolSolder,mamba,2,SpoolSolder_Pose1_Exp9,SpoolSolder,0.5068874990182204,278,179,1,3,0,0,9.260969877243042,3.2941131591796875,3.0334644317626953,8.500317096710205,0.4,1.0,0.0,19.436409186721743,0.9208743856626043,0.9178646739363674,1,0.0,0.0,1,0.0,0.0,1,-0.6665477752685547,-0.6665477752685547,1,0.8190520253833692,0.8190520253833692
loo_SpoolSolder,mamba,2,SpoolSolder_Pose2_Exp1,SpoolSolder,0.0567523145772606,111,9,1,0,0,0,3.694748878479004,3.3947198390960693,3.3001906871795654,3.6002197265625,1.0,1.0,0.0,0.0,0.9721540638411933,0.9744152701508043,1,0.0,0.0,1,0.0,0.0,1,-3.1665961742401123,-3.1665961742401123,1,0.08333631338368426,0.08333631338368426
loo_SpoolSolder,mamba,2,SpoolSolder_Pose2_Exp10,SpoolSolder,0.6993560346449448,367,232,1,1,0,0,12.227764129638672,4.494509220123291,2.366678476333618,10.099933385848999,0.6666666666666666,1.0,0.0,4.906865994786979,0.5265710582453086,0.8259836613439362,1,0.0,0.0,1,0.0,0.0,1,-1.433103084564209,-1.433103084564209,1,0.8436319042020828,0.8436319042020828
loo_SpoolSolder,mamba,2,SpoolSolder_Pose2_Exp2,SpoolSolder,0.9601527631724442,372,251,1,1,1,0,12.394343137741089,4.027637481689453,3.899834632873535,12.266540288925171,0.5,0.5,0.5,4.840918097329295,0.9682685322606768,0.989688614604613,1,0.0,0.0,1,0.0,0.0,1,-0.6998186111450195,-0.6998186111450195,1,0.32891263602074744,0.32891263602074744
loo_SpoolSolder,mamba,2,SpoolSolder_Pose2_Exp3,SpoolSolder,0.007188968159971562,682,8,1,1,0,0,22.727606534957886,22.461108207702637,22.461108207702637,22.727606534957886,0.6666666666666666,1.0,0.0,2.6399612254687943,1.0,1.0,1,0.0,0.0,1,0.0,0.0,1,-18.333491802215576,-18.333491802215576,1,0.013550864856801384,0.013550864856801384
loo_SpoolSolder,mamba,2,SpoolSolder_Pose2_Exp4,SpoolSolder,0.7500227412271473,138,44,1,0,0,0,4.594318389892578,3.1277811527252197,2.966874599456787,4.4334118366241455,1.0,1.0,0.0,0.0,0.9485556867915022,0.964977056526508,1,0.0,0.0,1,0.0,0.0,1,-2.766606092453003,-2.766606092453003,1,0.3307920155426084,0.3307920155426084
loo_SpoolSolder,mamba,2,SpoolSolder_Pose2_Exp5,SpoolSolder,0.3940663503163503,105,8,1,0,0,0,3.4946017265319824,3.227668285369873,2.9666943550109863,3.2336277961730957,1.0,1.0,0.0,0.0,0.9191447486900035,0.9253208374569553,1,0.0,0.0,1,0.0,0.0,1,-2.7665767669677734,-2.7665767669677734,1,0.08254921654187206,0.08254921654187206
loo_SpoolSolder,mamba,2,SpoolSolder_Pose2_Exp6,SpoolSolder,0.05630905033368866,678,55,1,0,1,0,22.59462594985962,20.7613263130188,20.566892862319946,22.400192499160767,0.6666666666666666,0.5,0.5,0.0,0.9906348251663994,0.9913947037171438,1,0.0,0.0,1,0.0,0.0,1,-2.7330102920532227,-2.7330102920532227,1,0.06398818680152273,0.06398818680152273
loo_SpoolSolder,mamba,2,SpoolSolder_Pose2_Exp7,SpoolSolder,0.07641938478005172,682,42,2,4,1,0,22.727771282196045,21.3279025554657,8.767466068267822,10.034232139587402,0.4444444444444444,0.6666666666666666,0.3333333333333333,10.559768356521857,0.41107961954847666,0.4414965292900403,2,0.03332018852233887,0.05997633934020996,2,0.03332018852233887,0.05997633934020996,2,-0.23330259323120117,0.006651782989501968,2,0.09577270255456444,0.15247082167886816
loo_SpoolSolder,mamba,2,SpoolSolder_Pose2_Exp8,SpoolSolder,0.7783457023241547,237,39,1,1,0,0,7.894521951675415,6.594422101974487,1.6668672561645508,2.9332542419433594,0.6666666666666666,1.0,0.0,7.600206873484783,0.25276926929889143,0.37155565085493863,1,0.03303885459899902,0.03303885459899902,1,0.03303885459899902,0.03303885459899902,1,0.03303885459899902,0.03303885459899902,1,0.9740690194450262,0.9740690194450262
loo_SpoolSolder,mamba,2,SpoolSolder_Pose2_Exp9,SpoolSolder,0.7219214952640981,107,10,1,0,0,0,3.5610547065734863,3.2280662059783936,2.1670310497283936,2.5000195503234863,1.0,1.0,0.0,0.0,0.6713093571981399,0.7020446907790001,1,0.0,0.0,1,0.0,0.0,1,-1.9668505191802979,-1.9668505191802979,1,0.13319435864091791,0.13319435864091791
loo_SpoolSolder,mamba,2,SpoolSolder_Pose3_Exp1,SpoolSolder,0.2570957546969309,675,203,1,2,0,0,22.494317293167114,15.727784156799316,14.866684436798096,21.633217573165894,0.5,1.0,0.0,5.334680685617041,0.9452497750848802,0.9617192329609937,1,0.0,0.0,1,0.0,0.0,1,-6.833384990692139,-6.833384990692139,1,0.3644469365081077,0.3644469365081077
loo_SpoolSolder,mamba,2,SpoolSolder_Pose3_Exp10,SpoolSolder,0.20575910612992793,687,120,1,0,2,0,22.894401788711548,18.894401788711548,18.894401788711548,22.894401788711548,0.5,0.3333333333333333,0.6666666666666666,0.0,1.0,1.0,1,0.0,0.0,1,0.0,0.0,1,-3.133211851119995,-3.133211851119995,1,0.05824169789871983,0.05824169789871983
loo_SpoolSolder,mamba,2,SpoolSolder_Pose3_Exp2,SpoolSolder,0.08846008374761438,357,51,1,1,0,0,11.91109323501587,10.211063861846924,10.083426237106323,11.183606624603271,0.6666666666666666,1.0,0.0,5.037320992804743,0.9875000659610492,0.9389236070897377,1,0.0,0.0,1,0.0,0.0,1,-9.683544397354126,-9.683544397354126,1,0.061485393822124465,0.061485393822124465
loo_SpoolSolder,mamba,2,SpoolSolder_Pose3_Exp3,SpoolSolder,0.32267298543111567,161,64,1,1,0,0,5.36093282699585,3.2279605865478516,2.83355712890625,4.666443347930908,0.6666666666666666,1.0,0.0,11.192082038010296,0.8778165200389274,0.8704536129295024,1,0.0,0.0,1,0.0,0.0,1,-2.6666548252105713,-2.6666548252105713,1,0.38186506978738705,0.38186506978738705
loo_SpoolSolder,mamba,2,SpoolSolder_Pose3_Exp4,SpoolSolder,0.24055277284733662,693,159,1,1,2,0,23.09463095664978,17.794484615325928,17.761098384857178,23.06124472618103,0.4,0.3333333333333333,0.6666666666666666,2.598006441957187,0.9981237877246529,0.9985543726361586,1,0.0,0.0,1,0.0,0.0,1,-0.6331660747528076,-0.6331660747528076,1,0.08199418844537332,0.08199418844537332
loo_SpoolSolder,mamba,2,SpoolSolder_Pose3_Exp5,SpoolSolder,0.13786857185799004,654,98,1,1,0,0,21.7943594455719,18.527602910995483,18.527602910995483,21.7943594455719,0.6666666666666666,1.0,0.0,2.753005893558876,1.0,1.0,1,0.0,0.0,1,0.0,0.0,1,-9.433571338653564,-9.433571338653564,1,0.15836676395640936,0.15836676395640936
loo_SpoolSolder,mamba,2,SpoolSolder_Pose3_Exp6,SpoolSolder,0.4848129208484677,691,178,1,1,3,0,23.027361154556274,17.09396767616272,16.266610145568848,22.200003623962402,0.3333333333333333,0.25,0.75,2.605595995011708,0.9515994445369398,0.9640706755306971,1,0.0,0.0,1,0.0,0.0,1,-0.9332401752471924,-0.9332401752471924,1,0.07293759343196507,0.07293759343196507
loo_SpoolSolder,mamba,2,SpoolSolder_Pose3_Exp7,SpoolSolder,0.2848803507858225,679,237,3,1,0,0,22.627893447875977,14.727959156036377,9.433212280273438,15.533578872680664,0.8571428571428571,1.0,0.0,2.651594596651773,0.6404969066204367,0.6864792300910698,3,0.2001183032989502,1.4269215106964113,3,0.2001183032989502,1.4269215106964113,3,0.2001183032989502,1.4269215106964113,3,0.1364409942451647,0.3525946307403741
loo_SpoolSolder,mamba,2,SpoolSolder_Pose3_Exp8,SpoolSolder,0.24513185672608756,703,223,1,0,2,0,23.427812576293945,15.994690179824829,15.994690179824829,23.427812576293945,0.5,0.3333333333333333,0.6666666666666666,0.0,1.0,1.0,1,0.0,0.0,1,0.0,0.0,1,-10.06657075881958,-10.06657075881958,1,0.17501081379583897,0.17501081379583897
loo_SpoolSolder,mamba,2,SpoolSolder_Pose3_Exp9,SpoolSolder,0.28070523480993576,698,135,1,1,1,0,23.26098656654358,18.761017560958862,18.761017560958862,23.26098656654358,0.5,0.5,0.5,2.579426277916276,1.0,1.0,1,0.0,0.0,1,0.0,0.0,1,-6.933307647705078,-6.933307647705078,1,0.20464826738255018,0.20464826738255018
loo_SpoolSolder,mamba,3,SpoolSolder_Pose1_Exp1,SpoolSolder,0.1244812034486544,667,85,1,1,2,0,22.227914571762085,19.39436650276184,14.433552265167236,17.233916521072388,0.4,0.3333333333333333,0.6666666666666666,2.6993085566480826,0.7442136490053355,0.7753276388314909,1,0.0,0.0,1,0.0,0.0,1,-4.466938734054565,-4.466938734054565,1,0.010113829584143965,0.010113829584143965
loo_SpoolSolder,mamba,3,SpoolSolder_Pose1_Exp10,SpoolSolder,0.21672629853572184,688,117,2,0,1,0,22.938194274902344,19.038597345352173,15.967135429382324,19.73367977142334,0.8,0.6666666666666666,0.3333333333333333,0.0,0.8386718380427498,0.8602978741449931,2,0.04987919330596924,0.08978254795074463,2,0.04987919330596924,0.08978254795074463,2,-0.3669426441192627,0.006418180465698267,2,0.278964874679778,0.4925838178864939
loo_SpoolSolder,mamba,3,SpoolSolder_Pose1_Exp2,SpoolSolder,0.2956607532353326,645,108,0,2,2,0,21.49458360671997,17.89473557472229,1.0666139125823975,1.0666139125823975,0.0,0.0,1.0,5.582801797680962,0.05960489933637649,0.04962245057163778,0,,,0,,,0,,,0,,
loo_SpoolSolder,mamba,3,SpoolSolder_Pose1_Exp3,SpoolSolder,0.27431845713973024,684,129,3,0,1,0,22.794421911239624,18.494444847106934,14.166649580001831,17.63318133354187,0.8571428571428571,0.75,0.25,0.0,0.7659948539746466,0.773574403518748,3,0.0,0.5865272521972656,3,0.0,0.5865272521972656,3,-0.33319830894470215,0.5198875904083252,3,0.20057801781963783,0.35124652992695465
loo_SpoolSolder,mamba,3,SpoolSolder_Pose1_Exp4,SpoolSolder,0.2567101517537366,678,224,3,7,2,0,22.594207048416138,15.128276824951172,8.567376375198364,9.966830730438232,0.4,0.6,0.4,18.588835585156865,0.5663154154522166,0.44112328036477433,3,0.0,2.6932380676269534,3,0.0,2.6932380676269534,3,-0.49999260902404785,2.5932395458221436,3,0.09505142373591075,0.2118423635508632
loo_SpoolSolder,mamba,3,SpoolSolder_Pose1_Exp5,SpoolSolder,0.35342318451115823,701,12,1,2,0,0,23.361027002334595,22.960872173309326,0.3337273597717285,0.6671152114868164,0.5,1.0,0.0,5.136760468108177,0.014534611632029688,0.028556758716992533,1,0.06654715538024902,0.06654715538024902,1,0.06654715538024902,0.06654715538024902,1,0.06654715538024902,0.06654715538024902,1,0.7692531973136404,0.7692531973136404
loo_SpoolSolder,mamba,3,SpoolSolder_Pose1_Exp6,SpoolSolder,0.21415954512670277,310,53,2,10,0,0,10.32815170288086,8.561303615570068,7.961915731430054,9.428856372833252,0.2857142857142857,1.0,0.0,58.09364707846423,0.9299887130448296,0.9129277574615055,2,0.0,0.0,2,0.0,0.0,2,-1.433471441268921,-0.8468133449554442,2,0.15709669857423805,0.1867850980184774
loo_SpoolSolder,mamba,3,SpoolSolder_Pose1_Exp7,SpoolSolder,0.1786468816325322,708,26,1,2,0,0,23.59441637992859,22.727403163909912,0.36690306663513184,0.40030813217163086,0.5,1.0,0.0,5.085949068105884,0.016143642280159718,0.016966223098112607,1,0.0,0.0,1,0.0,0.0,1,-0.09999489784240723,-0.09999489784240723,1,0.03455101509373662,0.03455101509373662
loo_SpoolSolder,mamba,3,SpoolSolder_Pose1_Exp8,SpoolSolder,0.24451767868637644,686,218,2,8,0,0,22.86088490486145,15.59437108039856,7.666375637054443,8.799794673919678,0.3333333333333333,1.0,0.0,20.9965625564182,0.4916117230717141,0.3849279986553963,2,0.01671290397644043,0.030083227157592773,2,0.01671290397644043,0.030083227157592773,2,-3.3499531745910645,-0.6432499885559081,2,0.2612771074699017,0.4528318826629155
loo_SpoolSolder,mamba,3,SpoolSolder_Pose1_Exp9,SpoolSolder,0.6973372909358703,278,179,1,1,0,0,9.260969877243042,3.2941131591796875,0.4998199939727783,2.999901533126831,0.6666666666666666,1.0,0.0,6.478803062240581,0.151731276316338,0.3239295206540388,1,3.466888427734375,3.466888427734375,1,3.466888427734375,3.466888427734375,1,3.466888427734375,3.466888427734375,1,0.4010878608722899,0.4010878608722899
loo_SpoolSolder,mamba,3,SpoolSolder_Pose2_Exp1,SpoolSolder,0.22337497893053448,111,9,1,1,0,0,3.694748878479004,3.3947198390960693,0.7663977146148682,1.0330836772918701,0.6666666666666666,1.0,0.0,16.239263336538276,0.22576169785455436,0.27960863140370007,1,0.0,0.0,1,0.0,0.0,1,-0.7335391044616699,-0.7335391044616699,1,0.2581265550772537,0.2581265550772537
loo_SpoolSolder,mamba,3,SpoolSolder_Pose2_Exp10,SpoolSolder,0.6197295767272581,367,232,1,1,0,0,12.227764129638672,4.494509220123291,0.666741132736206,1.1332504749298096,0.6666666666666666,1.0,0.0,4.906865994786979,0.14834570363122235,0.09267847031682128,1,7.2666335105896,7.2666335105896,1,7.2666335105896,7.2666335105896,1,7.2666335105896,7.2666335105896,1,0.06032509566180047,0.06032509566180047
loo_SpoolSolder,mamba,3,SpoolSolder_Pose2_Exp2,SpoolSolder,0.8817860982991972,372,251,1,0,1,0,12.394343137741089,4.027637481689453,1.566396951675415,9.93310260772705,0.6666666666666666,0.5,0.5,0.0,0.3889121001571289,0.801422269606245,1,0.0,0.0,1,0.0,0.0,1,-0.6664659976959229,-0.6664659976959229,1,0.33222701342686217,0.33222701342686217
loo_SpoolSolder,mamba,3,SpoolSolder_Pose2_Exp3,SpoolSolder,0.0074847752461608555,682,8,0,2,1,0,22.727606534957886,22.461108207702637,0.2664945125579834,0.2664945125579834,0.0,0.0,1.0,5.279922450937589,0.011864708993592482,0.011725586332554714,0,,,0,,,0,,,0,,
loo_SpoolSolder,mamba,3,SpoolSolder_Pose2_Exp4,SpoolSolder,0.8098199552027985,138,44,1,0,0,0,4.594318389892578,3.1277811527252197,0.6334455013275146,2.0333549976348877,1.0,1.0,0.0,0.0,0.2025223218624477,0.44258034055894646,1,0.0,0.0,1,0.0,0.0,1,-0.6334497928619385,-0.6334497928619385,1,0.6666290492038685,0.6666290492038685
loo_SpoolSolder,mamba,3,SpoolSolder_Pose2_Exp5,SpoolSolder,0.1848419389750035,105,8,0,0,1,0,3.4946017265319824,3.227668285369873,0.0,0.0,0.0,0.0,1.0,0.0,0.0,0.0,0,,,0,,,0,,,0,,
loo_SpoolSolder,mamba,3,SpoolSolder_Pose2_Exp6,SpoolSolder,0.49785607119237296,678,55,2,0,0,0,22.59462594985962,20.7613263130188,0.9999454021453857,1.3998141288757324,1.0,1.0,0.0,0.0,0.04816384979789804,0.0619534101596592,2,0.0333094596862793,0.059957027435302734,2,0.0333094596862793,0.059957027435302734,2,-0.3333251476287842,-0.013369894027709939,2,0.26525992957095473,0.45285775200106415
loo_SpoolSolder,mamba,3,SpoolSolder_Pose2_Exp7,SpoolSolder,0.0818868037386473,682,42,2,0,1,0,22.727771282196045,21.3279025554657,13.70002007484436,15.06659483909607,0.8,0.6666666666666666,0.3333333333333333,0.0,0.6423519630782193,0.6629156309267592,2,0.01660776138305664,0.029893970489501955,2,0.01660776138305664,0.029893970489501955,2,-0.3500157594680786,-0.04343073368072509,2,0.19736710399344048,0.3441478386427488
loo_SpoolSolder,mamba,3,SpoolSolder_Pose2_Exp8,SpoolSolder,0.7027088237134019,237,39,1,1,0,0,7.894521951675415,6.594422101974487,0.16681361198425293,0.4333469867706299,0.6666666666666666,1.0,0.0,7.600206873484783,0.025296168398790543,0.05489211245763435,1,1.0331823825836182,1.0331823825836182,1,1.0331823825836182,1.0331823825836182,1,1.0331823825836182,1.0331823825836182,1,0.20500992662039746,0.20500992662039746
loo_SpoolSolder,mamba,3,SpoolSolder_Pose2_Exp9,SpoolSolder,0.33034559302704464,107,10,1,0,0,0,3.5610547065734863,3.2280662059783936,0.7669007778167725,1.0998892784118652,1.0,1.0,0.0,0.0,0.23757281569890626,0.30886615596821293,1,0.0,0.0,1,0.0,0.0,1,-0.7666451930999756,-0.7666451930999756,1,0.30274729205097467,0.30274729205097467
loo_SpoolSolder,mamba,3,SpoolSolder_Pose3_Exp1,SpoolSolder,0.5798092937212614,675,203,0,2,1,0,22.494317293167114,15.727784156799316,1.0001699924468994,1.0001699924468994,0.0,0.0,1.0,5.334680685617041,0.06359255585374457,0.04446322950866847,0,,,0,,,0,,,0,,
loo_SpoolSolder,mamba,3,SpoolSolder_Pose3_Exp10,SpoolSolder,0.2999598822363326,687,120,1,1,2,0,22.894401788711548,18.894401788711548,16.16656255722046,20.16656255722046,0.4,0.3333333333333333,0.6666666666666666,2.6207280082585065,0.8556271184451664,0.8808512554000824,1,0.0,0.0,1,0.0,0.0,1,-0.7001214027404785,-0.7001214027404785,1,0.06622839988897991,0.06622839988897991
loo_SpoolSolder,mamba,3,SpoolSolder_Pose3_Exp2,SpoolSolder,0.0778334271845224,357,51,0,1,1,0,11.91109323501587,10.211063861846924,2.4696409702301025,2.4696409702301025,0.0,0.0,1.0,5.037320992804743,0.24185932079592407,0.20733957173384615,0,,,0,,,0,,,0,,
loo_SpoolSolder,mamba,3,SpoolSolder_Pose3_Exp3,SpoolSolder,0.7043350436148197,161,64,1,2,0,0,5.36093282699585,3.2279605865478516,0.5666849613189697,2.2666726112365723,0.5,1.0,0.0,22.384164076020593,0.1755551054992936,0.42281309697117886,1,0.433272123336792,0.433272123336792,1,0.433272123336792,0.433272123336792,1,0.433272123336792,0.433272123336792,1,0.7083895238547515,0.7083895238547515
loo_SpoolSolder,mamba,3,SpoolSolder_Pose3_Exp4,SpoolSolder,0.3689118820176954,693,159,1,0,2,0,23.09463095664978,17.794484615325928,14.766801834106445,20.066948175430298,0.5,0.3333333333333333,0.6666666666666666,0.0,0.8298527410784453,0.8689010105031488,1,0.0,0.0,1,0.0,0.0,1,-0.7000067234039307,-0.7000067234039307,1,0.0847174199077188,0.0847174199077188
loo_SpoolSolder,mamba,3,SpoolSolder_Pose3_Exp5,SpoolSolder,0.10227440529097628,654,98,0,3,1,0,21.7943594455719,18.527602910995483,3.2001404762268066,3.2001404762268066,0.0,0.0,1.0,8.25901768067663,0.1727228552770653,0.14683342652114512,0,,,0,,,0,,,0,,
loo_SpoolSolder,mamba,3,SpoolSolder_Pose3_Exp6,SpoolSolder,0.630690750816521,691,178,1,4,3,0,23.027361154556274,17.09396767616272,7.966302394866943,13.50013780593872,0.2222222222222222,0.25,0.75,10.422383980046831,0.46603003736668064,0.5862650833210012,1,0.0,0.0,1,0.0,0.0,1,-0.9999258518218994,-0.9999258518218994,1,0.11598570341623271,0.11598570341623271
loo_SpoolSolder,mamba,3,SpoolSolder_Pose3_Exp7,SpoolSolder,0.3250472998570759,679,237,3,2,0,0,22.627893447875977,14.727959156036377,11.566869974136353,15.900518655776978,0.75,1.0,0.0,5.303189193303546,0.7853681458232165,0.7026954891936491,3,0.0,0.7468122482299805,3,0.0,0.7468122482299805,3,-0.7334847450256348,0.6001152992248535,3,0.0769869120037011,0.14718626156892836
loo_SpoolSolder,mamba,3,SpoolSolder_Pose3_Exp8,SpoolSolder,0.38768328161453663,703,223,2,2,1,0,23.427812576293945,15.994690179824829,2.367020606994629,3.9002373218536377,0.5714285714285714,0.6666666666666666,0.3333333333333333,5.122117125071471,0.14798789975815288,0.16647893648424508,2,1.450101375579834,2.50364408493042,2,1.450101375579834,2.50364408493042,2,1.450101375579834,2.50364408493042,2,0.3008148297784631,0.32669679992940304
loo_SpoolSolder,mamba,3,SpoolSolder_Pose3_Exp9,SpoolSolder,0.6958925834168265,698,135,1,1,1,0,23.26098656654358,18.761017560958862,0.9995527267456055,3.6330032348632812,0.5,0.5,0.5,2.579426277916276,0.05327817233248829,0.15618440019601973,1,1.4666635990142822,1.4666635990142822,1,1.4666635990142822,1.4666635990142822,1,1.4666635990142822,1.4666635990142822,1,0.5411472064525978,0.5411472064525978
loo_SpoolSolder,mamba,4,SpoolSolder_Pose1_Exp1,SpoolSolder,0.12381452425546657,667,85,1,1,2,0,22.227914571762085,19.39436650276184,16.33334469795227,19.166892766952515,0.4,0.3333333333333333,0.6666666666666666,2.6993085566480826,0.8421695390579699,0.8622892941698528,1,0.0,0.0,1,0.0,0.0,1,-4.466938734054565,-4.466938734054565,1,0.009894121670340211,0.009894121670340211
loo_SpoolSolder,mamba,4,SpoolSolder_Pose1_Exp10,SpoolSolder,0.32343177200192214,688,117,2,1,1,0,22.938194274902344,19.038597345352173,16.167062044143677,19.900211334228516,0.6666666666666666,0.6666666666666666,0.3333333333333333,2.615724641657977,0.8491729590620544,0.8675578860190484,2,0.08336770534515381,0.15006186962127685,2,0.08336770534515381,0.15006186962127685,2,-0.3334541320800781,0.06669750213623049,2,0.05159570539384835,0.08333560271501844
loo_SpoolSolder,mamba,4,SpoolSolder_Pose1_Exp2,SpoolSolder,0.6645400578405437,645,108,1,1,1,0,21.49458360671997,17.89473557472229,15.766916275024414,19.366764307022095,0.5,0.5,0.5,2.791400898840481,0.8810924424776867,0.9010067215708871,1,0.0,0.0,1,0.0,0.0,1,-1.9666848182678223,-1.9666848182678223,1,0.22097249811527042,0.22097249811527042
loo_SpoolSolder,mamba,4,SpoolSolder_Pose1_Exp3,SpoolSolder,0.16028909965496235,684,129,2,1,2,0,22.794421911239624,18.494444847106934,9.933701515197754,11.500369310379028,0.5714285714285714,0.5,0.5,2.632222928646188,0.5371181237025167,0.5045255964446438,2,0.5665178298950195,0.913186264038086,2,0.5665178298950195,0.913186264038086,2,0.5665178298950195,0.913186264038086,2,0.22552445279086744,0.3116806341168594
loo_SpoolSolder,mamba,4,SpoolSolder_Pose1_Exp4,SpoolSolder,0.28531382914614845,678,224,2,0,3,0,22.594207048416138,15.128276824951172,12.133506059646606,18.899905920028687,0.5714285714285714,0.4,0.6,0.0,0.8020415147106993,0.8364934374341576,2,0.23331773281097412,0.41997191905975345,2,0.23331773281097412,0.41997191905975345,2,-0.4498152732849121,0.2833453178405762,2,0.2129289784940741,0.3227356150867542
loo_SpoolSolder,mamba,4,SpoolSolder_Pose1_Exp5,SpoolSolder,0.2675315910597758,701,12,1,0,0,0,23.361027002334595,22.960872173309326,20.066637754440308,20.466792583465576,1.0,1.0,0.0,0.0,0.8739492821952384,0.8761084254309632,1,0.0,0.0,1,0.0,0.0,1,-0.2337055206298828,-0.2337055206298828,1,0.01955141859152567,0.01955141859152567
loo_SpoolSolder,mamba,4,SpoolSolder_Pose1_Exp6,SpoolSolder,0.5802692633326717,310,53,2,0,0,0,10.32815170288086,8.561303615570068,5.366669178009033,7.066840410232544,1.0,1.0,0.0,0.0,0.6268518696438831,0.684230887919798,2,0.03337383270263672,0.060072898864746094,2,0.03337383270263672,0.060072898864746094,2,-1.0500231981277466,-0.15660650730133052,2,0.23524447426517253,0.3234514080457749
loo_SpoolSolder,mamba,4,SpoolSolder_Pose1_Exp7,SpoolSolder,0.08917767611253175,708,26,1,1,0,0,23.59441637992859,22.727403163909912,20.599618196487427,21.233256816864014,0.6666666666666666,1.0,0.0,2.542974534052942,0.9063779987499271,0.8999271893381869,1,0.0,0.0,1,0.0,0.0,1,-0.23310089111328125,-0.23310089111328125,1,0.3334473107822667,0.3334473107822667
loo_SpoolSolder,mamba,4,SpoolSolder_Pose1_Exp8,SpoolSolder,0.20505722314719085,686,218,2,1,0,0,22.86088490486145,15.59437108039856,13.133002758026123,16.699750423431396,0.8,1.0,0.0,2.624570319552275,0.8421630273075733,0.7304944884211431,2,0.0,0.0,2,0.0,0.0,2,-6.716610074043274,-6.703232407569885,2,0.06471713451895396,0.08868029039250419
loo_SpoolSolder,mamba,4,SpoolSolder_Pose1_Exp9,SpoolSolder,0.9454160298300482,278,179,1,0,0,0,9.260969877243042,3.2941131591796875,1.0663323402404785,7.033189058303833,1.0,1.0,0.0,0.0,0.32370847287651183,0.7594441134709304,1,0.0,0.0,1,0.0,0.0,1,-0.7999739646911621,-0.7999739646911621,1,0.8483856567197638,0.8483856567197638
loo_SpoolSolder,mamba,4,SpoolSolder_Pose2_Exp1,SpoolSolder,0.19720947422096846,111,9,1,0,0,0,3.694748878479004,3.3947198390960693,0.7999024391174316,1.0999314785003662,1.0,1.0,0.0,0.0,0.2356313560563001,0.29770128219192227,1,0.0,0.0,1,0.0,0.0,1,-0.7667057514190674,-0.7667057514190674,1,0.27277066367078673,0.27277066367078673
loo_SpoolSolder,mamba,4,SpoolSolder_Pose2_Exp10,SpoolSolder,0.7190195093576028,367,232,1,2,0,0,12.227764129638672,4.494509220123291,2.29982590675354,10.033080816268921,0.5,1.0,0.0,9.813731989573958,0.5116967824777212,0.8205163846716592,1,0.0,0.0,1,0.0,0.0,1,-1.433103084564209,-1.433103084564209,1,0.8436319042020828,0.8436319042020828
loo_SpoolSolder,mamba,4,SpoolSolder_Pose2_Exp2,SpoolSolder,0.8979039629806784,372,251,1,0,1,0,12.394343137741089,4.027637481689453,1.566796064376831,9.933501720428467,0.6666666666666666,0.5,0.5,0.0,0.3890111936587736,0.8014544708045642,1,0.0,0.0,1,0.0,0.0,1,-0.6998186111450195,-0.6998186111450195,1,0.3322136650604407,0.3322136650604407
loo_SpoolSolder,mamba,4,SpoolSolder_Pose2_Exp3,SpoolSolder,0.0071959935700281604,682,8,1,1,0,0,22.727606534957886,22.461108207702637,22.266851902008057,22.533350229263306,0.6666666666666666,1.0,0.0,2.6399612254687943,0.9913514371642641,0.9914528480860583,1,0.0,0.0,1,0.0,0.0,1,-18.333491802215576,-18.333491802215576,1,0.013550864856801384,0.013550864856801384
loo_SpoolSolder,mamba,4,SpoolSolder_Pose2_Exp4,SpoolSolder,0.7954831593685563,138,44,1,2,0,0,4.594318389892578,3.1277811527252197,0.8001449108123779,2.1333539485931396,0.5,1.0,0.0,26.11921721925018,0.2558187007793738,0.4643461265737442,1,0.0,0.0,1,0.0,0.0,1,-0.5999894142150879,-0.5999894142150879,1,0.612893512507062,0.612893512507062
loo_SpoolSolder,mamba,4,SpoolSolder_Pose2_Exp5,SpoolSolder,0.7604166666666666,105,8,1,0,0,0,3.4946017265319824,3.227668285369873,0.3999350070953369,0.6000268459320068,1.0,1.0,0.0,0.0,0.12390833621538236,0.1717010672135932,1,0.0,0.0,1,0.0,0.0,1,-0.40003252029418945,-0.40003252029418945,1,0.3000469423310067,0.3000469423310067
loo_SpoolSolder,mamba,4,SpoolSolder_Pose2_Exp6,SpoolSolder,0.5071700547006412,678,55,2,0,0,0,22.59462594985962,20.7613263130188,0.9999454021453857,1.5665984153747559,1.0,1.0,0.0,0.0,0.04816384979789804,0.06933500111270881,2,0.08329510688781738,0.1499311923980713,2,0.08329510688781738,0.1499311923980713,2,-0.2833395004272461,0.07660427093505862,2,0.2518658959000554,0.3302516614093244
loo_SpoolSolder,mamba,4,SpoolSolder_Pose2_Exp7,SpoolSolder,0.07030273187519596,682,42,1,0,2,0,22.727771282196045,21.3279025554657,19.00017261505127,20.400041341781616,0.5,0.3333333333333333,0.6666666666666666,0.0,0.8908598754912306,0.8975821293028466,1,0.0,0.0,1,0.0,0.0,1,-0.8332428932189941,-0.8332428932189941,1,0.009805563614827385,0.009805563614827385
loo_SpoolSolder,mamba,4,SpoolSolder_Pose2_Exp8,SpoolSolder,0.5599623176605972,237,39,1,1,0,0,7.894521951675415,6.594422101974487,0.23343467712402344,0.6667413711547852,0.6666666666666666,1.0,0.0,7.600206873484783,0.03539880728201019,0.08445620586478779,1,0.866318941116333,0.866318941116333,1,0.866318941116333,0.866318941116333,1,0.866318941116333,0.866318941116333,1,0.3332872426148182,0.3332872426148182
loo_SpoolSolder,mamba,4,SpoolSolder_Pose2_Exp9,SpoolSolder,0.9228174603174603,107,10,1,0,0,0,3.5610547065734863,3.2280662059783936,0.967034101486206,1.3000226020812988,1.0,1.0,0.0,0.0,0.29957071502909527,0.36506673140447343,1,0.0,0.0,1,0.0,0.0,1,-0.7666451930999756,-0.7666451930999756,1,0.2561405471427864,0.2561405471427864
loo_SpoolSolder,mamba,4,SpoolSolder_Pose3_Exp1,SpoolSolder,0.9175864569860764,675,203,1,2,0,0,22.494317293167114,15.727784156799316,13.433421850204468,20.199954986572266,0.5,1.0,0.0,5.334680685617041,0.854120435293298,0.8980025809766725,1,0.0,0.0,1,0.0,0.0,1,-6.833384990692139,-6.833384990692139,1,0.3644469365081077,0.3644469365081077
loo_SpoolSolder,mamba,4,SpoolSolder_Pose3_Exp10,SpoolSolder,0.325672351182211,687,120,1,0,2,0,22.894401788711548,18.894401788711548,18.30000114440918,22.30000114440918,0.5,0.3333333333333333,0.6666666666666666,0.0,0.9685409122263139,0.9740372930558313,1,0.0,0.0,1,0.0,0.0,1,-2.533485174179077,-2.533485174179077,1,0.05979411498300963,0.05979411498300963
loo_SpoolSolder,mamba,4,SpoolSolder_Pose3_Exp2,SpoolSolder,0.09210937720835756,357,51,0,1,1,0,11.91109323501587,10.211063861846924,0.027985095977783203,0.027985095977783203,0.0,0.0,1.0,5.037320992804743,0.0027406640832350455,0.002349498524242382,0,,,0,,,0,,,0,,
loo_SpoolSolder,mamba,4,SpoolSolder_Pose3_Exp3,SpoolSolder,0.7863558912653844,161,64,1,0,0,0,5.36093282699585,3.2279605865478516,1.033672571182251,3.166644811630249,1.0,1.0,0.0,0.0,0.32022465685918244,0.59068914195009,1,0.0,0.0,1,0.0,0.0,1,-0.7667331695556641,-0.7667331695556641,1,0.6735748299317167,0.6735748299317167
loo_SpoolSolder,mamba,4,SpoolSolder_Pose3_Exp4,SpoolSolder,0.3993067923871207,693,159,1,0,2,0,23.09463095664978,17.794484615325928,14.599667072296143,19.899813413619995,0.5,0.3333333333333333,0.6666666666666666,0.0,0.8204602374222082,0.8616640573721798,1,0.0,0.0,1,0.0,0.0,1,-0.6331660747528076,-0.6331660747528076,1,0.0854289454634192,0.0854289454634192
loo_SpoolSolder,mamba,4,SpoolSolder_Pose3_Exp5,SpoolSolder,0.14854083217168762,654,98,1,1,0,0,21.7943594455719,18.527602910995483,15.39954686164856,18.666303396224976,0.6666666666666666,1.0,0.0,2.753005893558876,0.8311677951878744,0.8564740543460904,1,0.0,0.0,1,0.0,0.0,1,-7.199971914291382,-7.199971914291382,1,0.17754441175932842,0.17754441175932842
loo_SpoolSolder,mamba,4,SpoolSolder_Pose3_Exp6,SpoolSolder,0.728546837722861,691,178,2,1,2,0,23.027361154556274,17.09396767616272,3.1996428966522217,8.16668152809143,0.5714285714285714,0.5,0.5,2.605595995011708,0.18717965058013275,0.3546512113688521,2,0.26660847663879395,0.4798952579498291,2,0.26660847663879395,0.4798952579498291,2,-0.2500495910644531,0.3765636444091797,2,0.49896777126120895,0.6353566585485219
loo_SpoolSolder,mamba,4,SpoolSolder_Pose3_Exp7,SpoolSolder,0.2705359764369339,679,237,1,0,2,0,22.627893447875977,14.727959156036377,11.533291816711426,19.433226108551025,0.5,0.3333333333333333,0.6666666666666666,0.0,0.7830882537438604,0.8588172890824344,1,0.0,0.0,1,0.0,0.0,1,-0.7004363536834717,-0.7004363536834717,1,0.0737521681385844,0.0737521681385844
loo_SpoolSolder,mamba,4,SpoolSolder_Pose3_Exp8,SpoolSolder,0.5533494752113088,703,223,1,0,2,0,23.427812576293945,15.994690179824829,15.100476264953613,22.53359866142273,0.5,0.3333333333333333,0.6666666666666666,0.0,0.9440930768387656,0.9618310966096745,1,0.0,0.0,1,0.0,0.0,1,-9.166428089141846,-9.166428089141846,1,0.18195586981199566,0.18195586981199566
loo_SpoolSolder,mamba,4,SpoolSolder_Pose3_Exp9,SpoolSolder,0.828555269291513,698,135,1,2,1,0,23.26098656654358,18.761017560958862,16.53301477432251,21.032983779907227,0.4,0.5,0.5,5.158852555832552,0.8812429667315721,0.9042171844146584,1,0.0,0.0,1,0.0,0.0,1,-6.933307647705078,-6.933307647705078,1,0.20464826738255018,0.20464826738255018
loo_brush,gru,0,brush_Pose1_Exp1,brush,0.26037555584993555,105,9,0,0,1,0,3.4944260120391846,3.194287061691284,0.0,0.0,0.0,0.0,1.0,0.0,0.0,0.0,0,,,0,,,0,,,0,,
loo_brush,gru,0,brush_Pose1_Exp10,brush,0.4087540268463725,101,14,0,0,1,0,3.3611581325531006,2.894446849822998,0.0,0.0,0.0,0.0,1.0,0.0,0.0,0.0,0,,,0,,,0,,,0,,
loo_brush,gru,0,brush_Pose1_Exp2,brush,0.2673169983967588,678,221,0,1,5,0,22.59455895423889,15.227728843688965,0.2998661994934082,0.2998661994934082,0.0,0.0,1.0,2.655506581098526,0.01969211578243238,0.013271611103395815,0,,,0,,,0,,,0,,
loo_brush,gru,0,brush_Pose1_Exp3,brush,0.594582203995947,590,197,1,0,3,0,19.661052942276,13.094152688980103,2.9996607303619385,5.034249782562256,0.4,0.25,0.75,0.0,0.22908398898436708,0.2560518908800355,1,3.2999749183654785,3.2999749183654785,1,3.2999749183654785,3.2999749183654785,1,3.2999749183654785,3.2999749183654785,1,0.012039126323788679,0.012039126323788679
loo_brush,gru,0,brush_Pose1_Exp4,brush,0.2821144721540909,108,20,0,0,1,0,3.594533681869507,2.927865982055664,0.0,0.0,0.0,0.0,1.0,0.0,0.0,0.0,0,,,0,,,0,,,0,,
loo_brush,gru,0,brush_Pose1_Exp5,brush,0.2661668524712003,99,9,0,0,1,0,3.294464111328125,2.994659900665283,0.0,0.0,0.0,0.0,1.0,0.0,0.0,0.0,0,,,0,,,0,,,0,,
loo_brush,gru,0,brush_Pose1_Exp6,brush,0.8492954824587331,116,23,0,0,1,0,3.8609840869903564,3.0942063331604004,0.0,0.0,0.0,0.0,1.0,0.0,0.0,0.0,0,,,0,,,0,,,0,,
loo_brush,gru,0,brush_Pose1_Exp7,brush,1.0,152,69,0,0,1,0,5.061023712158203,2.761096477508545,0.0,0.0,0.0,0.0,1.0,0.0,0.0,0.0,0,,,0,,,0,,,0,,
loo_brush,gru,0,brush_Pose1_Exp8,brush,1.0,89,7,0,0,1,0,2.9611339569091797,2.7275686264038086,0.0,0.0,0.0,0.0,1.0,0.0,0.0,0.0,0,,,0,,,0,,,0,,
loo_brush,gru,0,brush_Pose1_Exp9,brush,0.46378086199514773,90,7,0,0,1,0,2.9944820404052734,2.7610766887664795,0.0,0.0,0.0,0.0,1.0,0.0,0.0,0.0,0,,,0,,,0,,,0,,
loo_brush,gru,0,brush_Pose2_Exp1,brush,0.25906571946260337,113,19,0,0,1,0,3.7612528800964355,3.1281731128692627,0.0,0.0,0.0,0.0,1.0,0.0,0.0,0.0,0,,,0,,,0,,,0,,
loo_brush,gru,0,brush_Pose2_Exp10,brush,0.7942113233159954,128,33,0,0,1,0,4.261070489883423,3.161142587661743,0.0,0.0,0.0,0.0,1.0,0.0,0.0,0.0,0,,,0,,,0,,,0,,
loo_brush,gru,0,brush_Pose2_Exp2,brush,0.9295825287451632,107,22,0,0,1,0,3.561084032058716,2.8278369903564453,0.0,0.0,0.0,0.0,1.0,0.0,0.0,0.0,0,,,0,,,0,,,0,,
loo_brush,gru,0,brush_Pose2_Exp3,brush,0.011555629192525544,675,12,0,1,2,0,22.494563341140747,22.09459400177002,3.6667399406433105,3.6667399406433105,0.0,0.0,1.0,2.6673111671505456,0.16595642990088727,0.16300560651191384,0,,,0,,,0,,,0,,
loo_brush,gru,0,brush_Pose2_Exp4,brush,0.1065971467068357,110,9,0,0,1,0,3.6612467765808105,3.3612749576568604,0.0,0.0,0.0,0.0,1.0,0.0,0.0,0.0,0,,,0,,,0,,,0,,
loo_brush,gru,0,brush_Pose2_Exp5,brush,,39,0,0,0,0,0,1.2942123413085938,1.2942123413085938,0.0,0.0,0.0,0.0,0.0,0.0,0.0,0.0,0,,,0,,,0,,,0,,
loo_brush,gru,0,brush_Pose2_Exp6,brush,0.8576353155204385,282,50,1,0,1,0,9.394383430480957,7.727756500244141,0.0,0.2664952278137207,0.6666666666666666,0.5,0.5,0.0,0.0,0.028367505944993897,1,0.8666200637817383,0.8666200637817383,1,0.8666200637817383,0.8666200637817383,1,0.8666200637817383,0.8666200637817383,1,0.18169868853237153,0.18169868853237153
loo_brush,gru,0,brush_Pose2_Exp7,brush,,673,0,0,0,0,0,22.427759170532227,22.427759170532227,0.0,0.0,0.0,0.0,0.0,0.0,0.0,0.0,0,,,0,,,0,,,0,,
loo_brush,gru,0,brush_Pose2_Exp8,brush,0.4064780223780434,662,148,0,0,4,0,22.061009645462036,17.127973079681396,0.0,0.0,0.0,0.0,1.0,0.0,0.0,0.0,0,,,0,,,0,,,0,,
loo_brush,gru,0,brush_Pose2_Exp9,brush,0.7153697609579963,107,9,0,0,1,0,3.5613017082214355,3.2613587379455566,0.0,0.0,0.0,0.0,1.0,0.0,0.0,0.0,0,,,0,,,0,,,0,,
loo_brush,gru,0,brush_Pose3_Exp1,brush,0.9092527597009497,108,19,1,0,0,0,3.5942976474761963,2.961090564727783,0.0,0.0995783805847168,1.0,1.0,0.0,0.0,0.0,0.02770454490730272,1,0.13333797454833984,0.13333797454833984,1,0.13333797454833984,0.13333797454833984,1,0.13333797454833984,0.13333797454833984,1,0.15726037073448443,0.15726037073448443
loo_brush,gru,0,brush_Pose3_Exp10,brush,0.07126107489276023,99,8,0,0,2,1,3.294581651687622,3.0277276039123535,0.0,0.0,0.0,0.0,1.0,0.0,0.0,0.0,0,,,0,,,0,,,0,,
loo_brush,gru,0,brush_Pose3_Exp2,brush,0.32280471198978966,108,18,0,0,1,0,3.5943570137023926,2.9943509101867676,0.0,0.0,0.0,0.0,1.0,0.0,0.0,0.0,0,,,0,,,0,,,0,,
loo_brush,gru,0,brush_Pose3_Exp3,brush,0.1712880053038346,107,14,0,0,1,0,3.5608274936676025,3.094071388244629,0.0,0.0,0.0,0.0,1.0,0.0,0.0,0.0,0,,,0,,,0,,,0,,
loo_brush,gru,0,brush_Pose3_Exp4,brush,0.17780979343147993,106,11,0,0,1,0,3.5277857780456543,3.161257028579712,0.0,0.0,0.0,0.0,1.0,0.0,0.0,0.0,0,,,0,,,0,,,0,,
loo_brush,gru,0,brush_Pose3_Exp5,brush,0.673080674849964,327,115,0,0,4,1,10.894315242767334,7.061072587966919,0.0,0.0,0.0,0.0,1.0,0.0,0.0,0.0,0,,,0,,,0,,,0,,
loo_brush,gru,0,brush_Pose3_Exp6,brush,0.5739278845209841,318,111,0,0,4,1,10.594680070877075,6.8941850662231445,0.0,0.0,0.0,0.0,1.0,0.0,0.0,0.0,0,,,0,,,0,,,0,,
loo_brush,gru,0,brush_Pose3_Exp7,brush,0.4570445274750835,292,130,1,1,2,1,9.727540731430054,5.394554615020752,2.1999547481536865,2.799698829650879,0.4,0.3333333333333333,0.6666666666666666,6.168054357884899,0.40781026519373254,0.2878115761165559,1,0.0,0.0,1,0.0,0.0,1,-2.1998367309570312,-2.1998367309570312,1,0.0747245552195937,0.0747245552195937
loo_brush,gru,0,brush_Pose3_Exp8,brush,0.7226318180125297,107,15,1,0,0,0,3.561094284057617,3.06117582321167,0.0,0.06653857231140137,1.0,1.0,0.0,0.0,0.0,0.018684866786392786,1,0.39982080459594727,0.39982080459594727,1,0.39982080459594727,0.39982080459594727,1,0.39982080459594727,0.39982080459594727,1,0.1330988501580973,0.1330988501580973
loo_brush,gru,0,brush_Pose3_Exp9,brush,0.4738200082005907,330,152,0,0,3,0,10.99442172050476,5.927415609359741,0.0,0.0,0.0,0.0,1.0,0.0,0.0,0.0,0,,,0,,,0,,,0,,
loo_brush,gru,1,brush_Pose1_Exp1,brush,0.11760960473811413,105,9,0,1,1,0,3.4944260120391846,3.194287061691284,0.0942220687866211,0.0942220687866211,0.0,0.0,1.0,17.170201856695424,0.029497057392435227,0.026963532340362095,0,,,0,,,0,,,0,,
loo_brush,gru,1,brush_Pose1_Exp10,brush,0.20085646463605852,101,14,0,1,1,0,3.3611581325531006,2.894446849822998,0.09435892105102539,0.09435892105102539,0.0,0.0,1.0,17.85098993674083,0.03259998402001946,0.028073335835392947,0,,,0,,,0,,,0,,
loo_brush,gru,1,brush_Pose1_Exp2,brush,0.40346379481315053,678,221,1,1,4,0,22.59455895423889,15.227728843688965,13.027467012405396,20.394297122955322,0.2857142857142857,0.2,0.8,2.655506581098526,0.8555095212247982,0.9026198371147764,1,0.0,0.0,1,0.0,0.0,1,-0.7666592597961426,-0.7666592597961426,1,0.03948862540151316,0.03948862540151316
loo_brush,gru,1,brush_Pose1_Exp3,brush,0.5942542104968342,590,197,2,1,2,0,19.661052942276,13.094152688980103,3.961033344268799,9.861338376998901,0.5714285714285714,0.5,0.5,3.05171855119649,0.3025039831406855,0.5015671544118905,2,0.21682024002075195,0.3902764320373535,2,0.21682024002075195,0.3902764320373535,2,-0.1164313554763794,0.32362611293792726,2,0.3863284468706907,0.4225693129690091
loo_brush,gru,1,brush_Pose1_Exp4,brush,0.29511420118116904,108,20,0,2,1,0,3.594533681869507,2.927865982055664,0.6614782810211182,0.6614782810211182,0.0,0.0,1.0,33.38402436045288,0.22592505431436863,0.18402339206266255,0,,,0,,,0,,,0,,
loo_brush,gru,1,brush_Pose1_Exp5,brush,0.426357081839538,99,9,1,1,0,0,3.294464111328125,2.994659900665283,0.7278330326080322,1.027637243270874,0.6666666666666666,1.0,0.0,18.212370198141784,0.24304363659003128,0.31192849839745074,1,0.0,0.0,1,0.0,0.0,1,-0.5998196601867676,-0.5998196601867676,1,0.3331903384950142,0.3331903384950142
loo_brush,gru,1,brush_Pose1_Exp6,brush,0.6996909488884702,116,23,1,1,0,0,3.8609840869903564,3.0942063331604004,0.1278059482574463,0.49457812309265137,0.6666666666666666,1.0,0.0,15.540079588043604,0.04130492103508372,0.12809638992275046,1,0.39983153343200684,0.39983153343200684,1,0.39983153343200684,0.39983153343200684,1,0.39983153343200684,0.39983153343200684,1,0.47832918078703424,0.47832918078703424
loo_brush,gru,1,brush_Pose1_Exp7,brush,1.0,152,69,1,1,0,0,5.061023712158203,2.761096477508545,0.49465155601501465,2.794578790664673,0.6666666666666666,1.0,0.0,11.855309007120583,0.1791504063854226,0.5521765851345841,1,0.0,0.0,1,0.0,0.0,1,-0.4001293182373047,-0.4001293182373047,1,0.8518648297567398,0.8518648297567398
loo_brush,gru,1,brush_Pose1_Exp8,brush,1.0,89,7,1,1,0,0,2.9611339569091797,2.7275686264038086,0.42723536491394043,0.6608006954193115,0.6666666666666666,1.0,0.0,20.262507834204087,0.15663597270409776,0.22315798779635515,1,0.0,0.0,1,0.0,0.0,1,-0.33326292037963867,-0.33326292037963867,1,0.41233966574880737,0.41233966574880737
loo_brush,gru,1,brush_Pose1_Exp9,brush,0.16721440734026546,90,7,0,1,1,0,2.9944820404052734,2.7610766887664795,0.0943765640258789,0.0943765640258789,0.0,0.0,1.0,20.036854183930785,0.03418107306104633,0.03151682419611573,0,,,0,,,0,,,0,,
loo_brush,gru,1,brush_Pose2_Exp1,brush,0.2864509823802669,113,19,0,1,1,0,3.7612528800964355,3.1281731128692627,0.0946049690246582,0.0946049690246582,0.0,0.0,1.0,15.952131354290021,0.03024288158332882,0.02515251487749811,0,,,0,,,0,,,0,,
loo_brush,gru,1,brush_Pose2_Exp10,brush,0.8996484824206483,128,33,1,2,0,0,4.261070489883423,3.161142587661743,0.1941843032836914,1.194326639175415,0.5,1.0,0.0,28.161937307749874,0.06142851766371192,0.280287932811947,1,0.0,0.0,1,0.0,0.0,1,-0.09987187385559082,-0.09987187385559082,1,0.05564825329832081,0.05564825329832081
loo_brush,gru,1,brush_Pose2_Exp2,brush,0.5832854448732947,107,22,1,1,0,0,3.561084032058716,2.8278369903564453,0.12777185440063477,0.1943833827972412,0.6666666666666666,1.0,0.0,16.848802066968663,0.04518359963334707,0.05458545236430865,1,0.4000082015991211,0.4000082015991211,1,0.4000082015991211,0.4000082015991211,1,0.4000082015991211,0.4000082015991211,1,0.09084459207904116,0.09084459207904116
loo_brush,gru,1,brush_Pose2_Exp3,brush,0.01192802461150063,675,12,1,1,1,0,22.494563341140747,22.09459400177002,17.627917528152466,17.66137146949768,0.5,0.5,0.5,2.6673111671505456,0.7978384905710545,0.78513955579642,1,0.16664552688598633,0.16664552688598633,1,0.16664552688598633,0.16664552688598633,1,0.16664552688598633,0.16664552688598633,1,0.0018936250117207825,0.0018936250117207825
loo_brush,gru,1,brush_Pose2_Exp4,brush,0.1159920259326245,110,9,1,1,0,0,3.6612467765808105,3.3612749576568604,1.4611942768096924,1.7611660957336426,0.6666666666666666,1.0,0.0,16.387860109236666,0.43471429597901406,0.4810290601002241,1,0.0,0.0,1,0.0,0.0,1,-1.3334176540374756,-1.3334176540374756,1,0.1836495549154168,0.1836495549154168
loo_brush,gru,1,brush_Pose2_Exp5,brush,,39,0,0,2,0,0,1.2942123413085938,1.2942123413085938,1.0276544094085693,1.0276544094085693,0.0,0.0,0.0,92.72048810681758,0.7940384870457158,0.7940384870457158,0,,,0,,,0,,,0,,
loo_brush,gru,1,brush_Pose2_Exp6,brush,0.8960155131852592,282,50,1,2,1,0,9.394383430480957,7.727756500244141,0.5608615875244141,2.0275492668151855,0.4,0.5,0.5,12.773589761159712,0.07257754401380205,0.2158256879569778,1,0.0,0.0,1,0.0,0.0,1,-0.10012292861938477,-0.10012292861938477,1,0.9361849453064471,0.9361849453064471
loo_brush,gru,1,brush_Pose2_Exp7,brush,,673,0,0,2,0,0,22.427759170532227,22.427759170532227,19.994438409805298,19.994438409805298,0.0,0.0,0.0,5.350512241885836,0.8915040623441302,0.8915040623441302,0,,,0,,,0,,,0,,
loo_brush,gru,1,brush_Pose2_Exp8,brush,0.4318355488119562,662,148,1,2,3,0,22.061009645462036,17.127973079681396,0.8272593021392822,2.1603505611419678,0.2857142857142857,0.25,0.75,5.439460928057936,0.04829872736784278,0.09792618723533142,1,1.2000362873077393,1.2000362873077393,1,1.2000362873077393,1.2000362873077393,1,1.2000362873077393,1.2000362873077393,1,0.4999355341837814,0.4999355341837814
loo_brush,gru,1,brush_Pose2_Exp9,brush,0.5890976910133998,107,9,1,1,0,0,3.5613017082214355,3.2613587379455566,0.42800259590148926,0.6611597537994385,0.6666666666666666,1.0,0.0,16.847772223703238,0.13123444254130198,0.18565114892487752,1,0.06672525405883789,0.06672525405883789,1,0.06672525405883789,0.06672525405883789,1,0.06672525405883789,0.06672525405883789,1,0.4114436407132017,0.4114436407132017
loo_brush,gru,1,brush_Pose3_Exp1,brush,0.9999999999999998,108,19,1,1,0,0,3.5942976474761963,2.961090564727783,0.6945695877075195,1.3277766704559326,0.6666666666666666,1.0,0.0,16.693108330115656,0.23456546583922946,0.3694119966353527,1,0.0,0.0,1,0.0,0.0,1,-0.5665767192840576,-0.5665767192840576,1,0.5276846047625198,0.5276846047625198
loo_brush,gru,1,brush_Pose3_Exp10,brush,0.08438252039507674,99,8,0,1,2,1,3.294581651687622,3.0277276039123535,0.12773489952087402,0.12773489952087402,0.0,0.0,1.0,18.21172043778775,0.042188372347571224,0.038771204670384446,0,,,0,,,0,,,0,,
loo_brush,gru,1,brush_Pose3_Exp2,brush,0.43428622602464906,108,18,0,1,1,0,3.5943570137023926,2.9943509101867676,0.12807345390319824,0.12807345390319824,0.0,0.0,1.0,16.692832618259192,0.0427716916769818,0.03563181214747371,0,,,0,,,0,,,0,,
loo_brush,gru,1,brush_Pose3_Exp3,brush,0.1613948858646475,107,14,0,1,1,0,3.5608274936676025,3.094071388244629,0.12739276885986328,0.12739276885986328,0.0,0.0,1.0,16.850015932167732,0.041173183444916404,0.03577616974886096,0,,,0,,,0,,,0,,
loo_brush,gru,1,brush_Pose3_Exp4,brush,0.1899498841285125,106,11,0,1,1,0,3.5277857780456543,3.161257028579712,0.12791061401367188,0.12791061401367188,0.0,0.0,1.0,17.007835445506895,0.04046194689558017,0.03625804458130466,0,,,0,,,0,,,0,,
loo_brush,gru,1,brush_Pose3_Exp5,brush,0.5024155952273006,327,115,1,1,3,1,10.894315242767334,7.061072587966919,0.3944425582885742,0.7609782218933105,0.3333333333333333,0.25,0.75,5.507459501856586,0.055861564001021734,0.06985094564787071,1,0.0,0.0,1,0.0,0.0,1,-0.26639747619628906,-0.26639747619628906,1,0.5788609253569492,0.5788609253569492
loo_brush,gru,1,brush_Pose3_Exp6,brush,0.6899518648380996,318,111,1,1,3,1,10.594680070877075,6.8941850662231445,4.094365358352661,6.794523000717163,0.3333333333333333,0.25,0.75,5.6632196157512595,0.5938867783535852,0.6413145989555759,1,0.6000568866729736,0.6000568866729736,0,,,0,,,1,0.0045883627131467816,0.0045883627131467816
loo_brush,gru,1,brush_Pose3_Exp7,brush,0.43698368707101176,292,130,3,2,0,1,9.727540731430054,5.394554615020752,2.6946303844451904,6.694128751754761,0.75,1.0,0.0,12.336108715769798,0.4995093342724133,0.6881625003250592,3,0.0,0.02660675048828125,2,0.01662921905517578,0.02993259429931641,2,-1.3332536220550537,-0.24004397392272941,3,0.5714293877802181,0.7537751632089572
loo_brush,gru,1,brush_Pose3_Exp8,brush,0.8020975814437152,107,15,1,1,0,0,3.561094284057617,3.06117582321167,0.12768006324768066,0.4611845016479492,0.6666666666666666,1.0,0.0,16.84875356112004,0.04170948374788991,0.1295064002412376,1,0.16640806198120117,0.16640806198120117,1,0.16640806198120117,0.16640806198120117,1,0.16640806198120117,0.16640806198120117,1,0.667117669221341,0.667117669221341
loo_brush,gru,1,brush_Pose3_Exp9,brush,0.4124387769332581,330,152,0,1,3,0,10.99442172050476,5.927415609359741,0.12787532806396484,0.12787532806396484,0.0,0.0,1.0,5.457312946991937,0.021573538366711137,0.011630928057405279,0,,,0,,,0,,,0,,
loo_brush,gru,2,brush_Pose1_Exp1,brush,0.10547959034669803,105,9,0,0,1,0,3.4944260120391846,3.194287061691284,0.0,0.0,0.0,0.0,1.0,0.0,0.0,0.0,0,,,0,,,0,,,0,,
loo_brush,gru,2,brush_Pose1_Exp10,brush,0.271531441259727,101,14,0,0,1,0,3.3611581325531006,2.894446849822998,0.0,0.0,0.0,0.0,1.0,0.0,0.0,0.0,0,,,0,,,0,,,0,,
loo_brush,gru,2,brush_Pose1_Exp2,brush,0.43618389676229474,678,221,3,2,2,0,22.59455895423889,15.227728843688965,10.631503343582153,15.998639583587646,0.6,0.6,0.4,5.311013162197052,0.6981673664348386,0.7080748783806728,3,0.0,0.15981178283691408,3,0.0,0.15981178283691408,3,-0.7001087665557861,0.01979002952575687,3,0.21247068270580782,0.30716435814960225
loo_brush,gru,2,brush_Pose1_Exp3,brush,0.5487274488580672,590,197,1,0,3,0,19.661052942276,13.094152688980103,2.9996607303619385,8.03331446647644,0.4,0.25,0.75,0.0,0.22908398898436708,0.4085902464156881,1,0.6668226718902588,0.6668226718902588,1,0.6668226718902588,0.6668226718902588,1,0.6668226718902588,0.6668226718902588,1,0.3141863691655021,0.3141863691655021
loo_brush,gru,2,brush_Pose1_Exp4,brush,0.9723123455921445,108,20,0,0,1,0,3.594533681869507,2.927865982055664,0.0,0.0,0.0,0.0,1.0,0.0,0.0,0.0,0,,,0,,,0,,,0,,
loo_brush,gru,2,brush_Pose1_Exp5,brush,0.3049451729161874,99,9,0,0,1,0,3.294464111328125,2.994659900665283,0.0,0.0,0.0,0.0,1.0,0.0,0.0,0.0,0,,,0,,,0,,,0,,
loo_brush,gru,2,brush_Pose1_Exp6,brush,0.8270879712350093,116,23,1,0,0,0,3.8609840869903564,3.0942063331604004,0.0,0.19969558715820312,1.0,1.0,0.0,0.0,0.0,0.05172142196365957,1,0.5666935443878174,0.5666935443878174,1,0.5666935443878174,0.5666935443878174,1,0.5666935443878174,0.5666935443878174,1,0.26043476895456263,0.26043476895456263
loo_brush,gru,2,brush_Pose1_Exp7,brush,1.0,152,69,1,0,0,0,5.061023712158203,2.761096477508545,0.0,2.1001110076904297,1.0,1.0,0.0,0.0,0.0,0.41495774909042393,1,0.1996746063232422,0.1996746063232422,1,0.1996746063232422,0.1996746063232422,1,0.1996746063232422,0.1996746063232422,1,0.9131206309708898,0.9131206309708898
loo_brush,gru,2,brush_Pose1_Exp8,brush,1.0,89,7,1,0,0,0,2.9611339569091797,2.7275686264038086,0.06656956672668457,0.30013489723205566,1.0,1.0,0.0,0.0,0.024406193150290745,0.10135809510804278,1,0.0,0.0,1,0.0,0.0,1,-0.06650948524475098,-0.06650948524475098,1,0.7782011777350406,0.7782011777350406
loo_brush,gru,2,brush_Pose1_Exp9,brush,0.5423469387755102,90,7,0,0,1,0,2.9944820404052734,2.7610766887664795,0.0,0.0,0.0,0.0,1.0,0.0,0.0,0.0,0,,,0,,,0,,,0,,
loo_brush,gru,2,brush_Pose2_Exp1,brush,0.6450988195551317,113,19,1,0,0,0,3.7612528800964355,3.1281731128692627,0.06678032875061035,0.2332594394683838,1.0,1.0,0.0,0.0,0.021348028494931105,0.06201642030046201,1,0.0,0.0,1,0.0,0.0,1,-0.06662487983703613,-0.06662487983703613,1,0.23787484337878045,0.23787484337878045
loo_brush,gru,2,brush_Pose2_Exp10,brush,0.8239432023130178,128,33,1,0,0,0,4.261070489883423,3.161142587661743,0.13353252410888672,0.600029468536377,1.0,1.0,0.0,0.0,0.04224185414162511,0.14081660229769935,1,0.0,0.0,1,0.0,0.0,1,-0.1330716609954834,-0.1330716609954834,1,0.378201792671433,0.378201792671433
loo_brush,gru,2,brush_Pose2_Exp2,brush,0.5480227922142167,107,22,0,0,1,0,3.561084032058716,2.8278369903564453,0.0,0.0,0.0,0.0,1.0,0.0,0.0,0.0,0,,,0,,,0,,,0,,
loo_brush,gru,2,brush_Pose2_Exp3,brush,0.01611540007262615,675,12,1,0,1,0,22.494563341140747,22.09459400177002,8.832984685897827,9.032965660095215,0.6666666666666666,0.5,0.5,0.0,0.3997803573666123,0.40156216962765606,1,0.0,0.0,1,0.0,0.0,1,-8.533073425292969,-8.533073425292969,1,0.02213901632338097,0.02213901632338097
loo_brush,gru,2,brush_Pose2_Exp4,brush,0.11935455766309663,110,9,0,1,1,0,3.6612467765808105,3.3612749576568604,0.7665665149688721,0.7665665149688721,0.0,0.0,1.0,16.387860109236666,0.22805825903134222,0.20937308019558254,0,,,0,,,0,,,0,,
loo_brush,gru,2,brush_Pose2_Exp5,brush,,39,0,0,2,0,0,1.2942123413085938,1.2942123413085938,0.5332915782928467,0.5332915782928467,0.0,0.0,0.0,92.72048810681758,0.4120587953547322,0.4120587953547322,0,,,0,,,0,,,0,,
loo_brush,gru,2,brush_Pose2_Exp6,brush,0.9014520926707672,282,50,1,0,1,0,9.394383430480957,7.727756500244141,0.16661357879638672,1.6333012580871582,0.6666666666666666,0.5,0.5,0.0,0.021560407446989685,0.173859335226595,1,0.0,0.0,1,0.0,0.0,1,-0.16681742668151855,-0.16681742668151855,1,0.8979896831821973,0.8979896831821973
loo_brush,gru,2,brush_Pose2_Exp7,brush,,673,0,0,1,0,0,22.427759170532227,22.427759170532227,19.333500862121582,19.333500862121582,0.0,0.0,0.0,2.675256120942918,0.8620344420107657,0.8620344420107657,0,,,0,,,0,,,0,,
loo_brush,gru,2,brush_Pose2_Exp8,brush,0.3702918427986454,662,148,0,0,4,0,22.061009645462036,17.127973079681396,0.0,0.0,0.0,0.0,1.0,0.0,0.0,0.0,0,,,0,,,0,,,0,,
loo_brush,gru,2,brush_Pose2_Exp9,brush,0.7856209150326798,107,9,0,0,1,0,3.5613017082214355,3.2613587379455566,0.0,0.0,0.0,0.0,1.0,0.0,0.0,0.0,0,,,0,,,0,,,0,,
loo_brush,gru,2,brush_Pose3_Exp1,brush,0.9815398567720548,108,19,1,0,0,0,3.5942976474761963,2.961090564727783,0.29997992515563965,0.9331870079040527,1.0,1.0,0.0,0.0,0.10130724427309679,0.25962986358664747,1,0.0,0.0,1,0.0,0.0,1,-0.2999422550201416,-0.2999422550201416,1,0.6785425401180868,0.6785425401180868
loo_brush,gru,2,brush_Pose3_Exp10,brush,0.06966683980292554,99,8,0,0,2,1,3.294581651687622,3.0277276039123535,0.0,0.0,0.0,0.0,1.0,0.0,0.0,0.0,0,,,0,,,0,,,0,,
loo_brush,gru,2,brush_Pose3_Exp2,brush,0.28633583964724596,108,18,0,0,1,0,3.5943570137023926,2.9943509101867676,0.0,0.0,0.0,0.0,1.0,0.0,0.0,0.0,0,,,0,,,0,,,0,,
loo_brush,gru,2,brush_Pose3_Exp3,brush,0.147444002690026,107,14,0,0,1,0,3.5608274936676025,3.094071388244629,0.0,0.0,0.0,0.0,1.0,0.0,0.0,0.0,0,,,0,,,0,,,0,,
loo_brush,gru,2,brush_Pose3_Exp4,brush,0.13657046163714087,106,11,0,0,1,0,3.5277857780456543,3.161257028579712,0.0,0.0,0.0,0.0,1.0,0.0,0.0,0.0,0,,,0,,,0,,,0,,
loo_brush,gru,2,brush_Pose3_Exp5,brush,0.6885476260274099,327,115,0,0,4,1,10.894315242767334,7.061072587966919,0.0,0.0,0.0,0.0,1.0,0.0,0.0,0.0,0,,,0,,,0,,,0,,
loo_brush,gru,2,brush_Pose3_Exp6,brush,0.6699030099941525,318,111,1,0,3,1,10.594680070877075,6.8941850662231445,1.3664014339447021,3.4330663681030273,0.4,0.25,0.75,0.0,0.1981962220073185,0.32403681330028333,1,0.0,0.0,1,0.0,0.0,1,-0.33318638801574707,-0.33318638801574707,1,0.07769441120985958,0.07769441120985958
loo_brush,gru,2,brush_Pose3_Exp7,brush,0.46689126381271406,292,130,1,0,2,1,9.727540731430054,5.394554615020752,2.3001954555511475,5.900210380554199,0.5,0.3333333333333333,0.6666666666666666,0.0,0.4263920971615372,0.6065469725035841,1,0.0,0.0,1,0.0,0.0,1,-2.2999932765960693,-2.2999932765960693,1,0.6101502646190231,0.6101502646190231
loo_brush,gru,2,brush_Pose3_Exp8,brush,0.5692144096622628,107,15,0,0,1,0,3.561094284057617,3.06117582321167,0.0,0.0,0.0,0.0,1.0,0.0,0.0,0.0,0,,,0,,,0,,,0,,
loo_brush,gru,2,brush_Pose3_Exp9,brush,0.4880525827511926,330,152,0,0,3,0,10.99442172050476,5.927415609359741,0.0,0.0,0.0,0.0,1.0,0.0,0.0,0.0,0,,,0,,,0,,,0,,
loo_brush,gru,3,brush_Pose1_Exp1,brush,0.29993799677752203,105,9,0,0,1,0,3.4944260120391846,3.194287061691284,0.0,0.0,0.0,0.0,1.0,0.0,0.0,0.0,0,,,0,,,0,,,0,,
loo_brush,gru,3,brush_Pose1_Exp10,brush,0.6940546381722852,101,14,0,0,1,0,3.3611581325531006,2.894446849822998,0.0,0.0,0.0,0.0,1.0,0.0,0.0,0.0,0,,,0,,,0,,,0,,
loo_brush,gru,3,brush_Pose1_Exp2,brush,0.3973562299646165,678,221,3,1,2,0,22.59455895423889,15.227728843688965,3.632798671722412,5.133419036865234,0.6666666666666666,0.6,0.4,2.655506581098526,0.2385647071216403,0.22719713393220142,3,0.0,0.24013633728027345,3,0.0,0.24013633728027345,3,-0.7001087665557861,0.10011458396911627,3,0.1432829539557822,0.402044124649266
loo_brush,gru,3,brush_Pose1_Exp3,brush,0.6550341857240716,590,197,1,0,3,0,19.661052942276,13.094152688980103,10.333226680755615,16.900126934051514,0.4,0.25,0.75,0.0,0.789148173707486,0.8595738480370076,1,0.0,0.0,1,0.0,0.0,1,-0.4331793785095215,-0.4331793785095215,1,0.037463107118123666,0.037463107118123666
loo_brush,gru,3,brush_Pose1_Exp4,brush,1.0000000000000002,108,20,1,0,0,0,3.594533681869507,2.927865982055664,0.5666308403015137,1.2332985401153564,1.0,1.0,0.0,0.0,0.19353031995804684,0.3431039042243503,1,0.0,0.0,1,0.0,0.0,1,-0.5667059421539307,-0.5667059421539307,1,0.5405566277176377,0.5405566277176377
loo_brush,gru,3,brush_Pose1_Exp5,brush,0.3976308985132515,99,9,1,1,0,0,3.294464111328125,2.994659900665283,0.5667619705200195,0.7998507022857666,0.6666666666666666,1.0,0.0,18.212370198141784,0.18925754153054564,0.24278628488786788,1,0.0,0.0,1,0.0,0.0,1,-0.5665411949157715,-0.5665411949157715,1,0.23036244009726406,0.23036244009726406
loo_brush,gru,3,brush_Pose1_Exp6,brush,0.9999999999999999,116,23,1,0,0,0,3.8609840869903564,3.0942063331604004,0.0,0.5667724609375,1.0,1.0,0.0,0.0,0.0,0.14679481918800139,1,0.19985198974609375,0.19985198974609375,1,0.19985198974609375,0.19985198974609375,1,0.19985198974609375,0.19985198974609375,1,0.739161325568647,0.739161325568647
loo_brush,gru,3,brush_Pose1_Exp7,brush,1.0,152,69,1,0,0,0,5.061023712158203,2.761096477508545,0.3999462127685547,2.699873447418213,1.0,1.0,0.0,0.0,0.14485050269936356,0.533463899987714,1,0.0,0.0,1,0.0,0.0,1,-0.4001293182373047,-0.4001293182373047,1,0.8518648297567398,0.8518648297567398
loo_brush,gru,3,brush_Pose1_Exp8,brush,1.0,89,7,1,0,0,0,2.9611339569091797,2.7275686264038086,0.36620640754699707,0.5997717380523682,1.0,1.0,0.0,0.0,0.13426111592646736,0.20254799235033852,1,0.0,0.0,1,0.0,0.0,1,-0.3663773536682129,-0.3663773536682129,1,0.389423701863354,0.389423701863354
loo_brush,gru,3,brush_Pose1_Exp9,brush,0.31014739229024946,90,7,1,0,0,0,2.9944820404052734,2.7610766887664795,0.4667375087738037,0.7001428604125977,1.0,1.0,0.0,0.0,0.16904184902677233,0.23381100670012375,1,0.0,0.0,1,0.0,0.0,1,-0.466782808303833,-0.466782808303833,1,0.333368180747065,0.333368180747065
loo_brush,gru,3,brush_Pose2_Exp1,brush,0.3768069234400504,113,19,1,0,0,0,3.7612528800964355,3.1281731128692627,0.5669817924499512,0.9666600227355957,1.0,1.0,0.0,0.0,0.18125013290261835,0.25700479429365336,1,0.0,0.0,1,0.0,0.0,1,-0.5667586326599121,-0.5667586326599121,1,0.33304810662644485,0.33304810662644485
loo_brush,gru,3,brush_Pose2_Exp10,brush,0.6346241152538421,128,33,1,0,0,0,4.261070489883423,3.161142587661743,0.5001959800720215,1.6001238822937012,1.0,1.0,0.0,0.0,0.15823265360579955,0.37552157048157125,1,0.0,0.0,1,0.0,0.0,1,-0.49982476234436035,-0.49982476234436035,1,0.6874017158252682,0.6874017158252682
loo_brush,gru,3,brush_Pose2_Exp2,brush,0.9428711266408895,107,22,1,1,0,0,3.561084032058716,2.8278369903564453,0.09994864463806152,0.6329903602600098,0.6666666666666666,1.0,0.0,16.848802066968663,0.035344556627170766,0.1777521548386682,1,0.0,0.0,1,0.0,0.0,1,-0.10013079643249512,-0.10013079643249512,1,0.19981308710735987,0.19981308710735987
loo_brush,gru,3,brush_Pose2_Exp3,brush,0.01242823210343282,675,12,1,0,1,0,22.494563341140747,22.09459400177002,17.76656937599182,18.066657543182373,0.6666666666666666,0.5,0.5,0.0,0.8041138648924042,0.803156623633583,1,0.09982013702392578,0.09982013702392578,1,0.09982013702392578,0.09982013702392578,1,0.09982013702392578,0.09982013702392578,1,0.005510526499388039,0.005510526499388039
loo_brush,gru,3,brush_Pose2_Exp4,brush,0.12661376927526585,110,9,1,0,0,0,3.6612467765808105,3.3612749576568604,1.3667409420013428,1.666712760925293,1.0,1.0,0.0,0.0,0.40661384719151206,0.455230926138722,1,0.0,0.0,1,0.0,0.0,1,-1.3667340278625488,-1.3667340278625488,1,0.17997811377973594,0.17997811377973594
loo_brush,gru,3,brush_Pose2_Exp5,brush,,39,0,0,1,0,0,1.2942123413085938,1.2942123413085938,0.9666762351989746,0.9666762351989746,0.0,0.0,0.0,46.36024405340879,0.7469224364075809,0.7469224364075809,0,,,0,,,0,,,0,,
loo_brush,gru,3,brush_Pose2_Exp6,brush,0.8951015175925242,282,50,1,2,1,0,9.394383430480957,7.727756500244141,2.5999011993408203,4.066588878631592,0.4,0.5,0.5,12.773589761159712,0.33643673933808377,0.4328744838577871,1,0.0,0.0,1,0.0,0.0,1,-1.0333235263824463,-1.0333235263824463,1,0.5866743443711779,0.5866743443711779
loo_brush,gru,3,brush_Pose2_Exp7,brush,,673,0,0,1,0,0,22.427759170532227,22.427759170532227,19.93346858024597,19.93346858024597,0.0,0.0,0.0,2.675256120942918,0.8887855638487728,0.8887855638487728,0,,,0,,,0,,,0,,
loo_brush,gru,3,brush_Pose2_Exp8,brush,0.38867852458830854,662,148,1,1,3,0,22.061009645462036,17.127973079681396,0.699836015701294,1.966221809387207,0.3333333333333333,0.25,0.75,2.719730464028968,0.04085924308997757,0.08912655590047576,1,1.2668282985687256,1.2668282985687256,1,1.2668282985687256,1.2668282985687256,1,1.2668282985687256,1.2668282985687256,1,0.49342718804747693,0.49342718804747693
loo_brush,gru,3,brush_Pose2_Exp9,brush,0.6068061568061568,107,9,1,0,0,0,3.5613017082214355,3.2613587379455566,0.266737699508667,0.4998948574066162,1.0,1.0,0.0,0.0,0.08178729202807489,0.14036857822312135,1,0.06672525405883789,0.06672525405883789,1,0.06672525405883789,0.06672525405883789,1,0.06672525405883789,0.06672525405883789,1,0.4114436407132017,0.4114436407132017
loo_brush,gru,3,brush_Pose3_Exp1,brush,0.9999999999999998,108,19,1,0,0,0,3.5942976474761963,2.961090564727783,0.5332722663879395,1.1664793491363525,1.0,1.0,0.0,0.0,0.18009319699310306,0.3245361023329323,1,0.0,0.0,1,0.0,0.0,1,-0.5334153175354004,-0.5334153175354004,1,0.5428360846827096,0.5428360846827096
loo_brush,gru,3,brush_Pose3_Exp10,brush,0.11355836772200273,99,8,0,0,2,1,3.294581651687622,3.0277276039123535,0.0,0.0,0.0,0.0,1.0,0.0,0.0,0.0,0,,,0,,,0,,,0,,
loo_brush,gru,3,brush_Pose3_Exp2,brush,0.669655776322443,108,18,0,0,1,0,3.5943570137023926,2.9943509101867676,0.0,0.0,0.0,0.0,1.0,0.0,0.0,0.0,0,,,0,,,0,,,0,,
loo_brush,gru,3,brush_Pose3_Exp3,brush,0.30205535154314833,107,14,0,0,1,0,3.5608274936676025,3.094071388244629,0.0,0.0,0.0,0.0,1.0,0.0,0.0,0.0,0,,,0,,,0,,,0,,
loo_brush,gru,3,brush_Pose3_Exp4,brush,0.46005062088642756,106,11,0,0,1,0,3.5277857780456543,3.161257028579712,0.0,0.0,0.0,0.0,1.0,0.0,0.0,0.0,0,,,0,,,0,,,0,,
loo_brush,gru,3,brush_Pose3_Exp5,brush,0.6058959312359549,327,115,1,0,3,1,10.894315242767334,7.061072587966919,0.5333168506622314,0.8998525142669678,0.4,0.25,0.75,0.0,0.0755291556655401,0.08259835466615252,1,0.0,0.0,1,0.0,0.0,1,-0.5332934856414795,-0.5332934856414795,1,0.4073285986240993,0.4073285986240993
loo_brush,gru,3,brush_Pose3_Exp6,brush,0.7675391372212013,318,111,1,0,3,1,10.594680070877075,6.8941850662231445,0.5667171478271484,2.3334147930145264,0.4,0.25,0.75,0.0,0.08220219538400268,0.22024400712473385,1,0.0,0.0,1,0.0,0.0,1,-0.5667266845703125,-0.5667266845703125,1,0.5637634253986441,0.5637634253986441
loo_brush,gru,3,brush_Pose3_Exp7,brush,0.7242726845115917,292,130,2,1,1,1,9.727540731430054,5.394554615020752,2.7667996883392334,6.59998345375061,0.6666666666666666,0.6666666666666666,0.3333333333333333,6.168054357884899,0.5128875107938062,0.6784842783979113,2,0.25002801418304443,0.3967980146408081,1,0.06656551361083984,0.06656551361083984,1,0.06656551361083984,0.06656551361083984,2,0.30985131700518087,0.5416510955744361
loo_brush,gru,3,brush_Pose3_Exp8,brush,0.7562661532269381,107,15,1,0,0,0,3.561094284057617,3.06117582321167,0.0,0.3002169132232666,1.0,1.0,0.0,0.0,0.0,0.08430467976298299,1,0.19986224174499512,0.19986224174499512,1,0.19986224174499512,0.19986224174499512,1,0.19986224174499512,0.19986224174499512,1,0.600531760149942,0.600531760149942
loo_brush,gru,3,brush_Pose3_Exp9,brush,0.7366744828694058,330,152,1,0,2,0,10.99442172050476,5.927415609359741,0.0,2.133639097213745,0.5,0.3333333333333333,0.6666666666666666,0.0,0.0,0.194065604490546,1,0.0,0.0,1,0.0,0.0,1,0.0,0.0,1,0.5926452012467552,0.5926452012467552
loo_brush,gru,4,brush_Pose1_Exp1,brush,0.12082199383624387,105,9,0,0,1,0,3.4944260120391846,3.194287061691284,0.0,0.0,0.0,0.0,1.0,0.0,0.0,0.0,0,,,0,,,0,,,0,,
loo_brush,gru,4,brush_Pose1_Exp10,brush,0.24107955216073468,101,14,0,0,1,0,3.3611581325531006,2.894446849822998,0.0,0.0,0.0,0.0,1.0,0.0,0.0,0.0,0,,,0,,,0,,,0,,
loo_brush,gru,4,brush_Pose1_Exp2,brush,0.43253798931721177,678,221,2,1,3,0,22.59455895423889,15.227728843688965,0.7330327033996582,1.8665738105773926,0.5,0.4,0.6,2.655506581098526,0.04813801919670108,0.08261165063490698,2,0.33213114738464355,0.5978360652923584,2,0.33213114738464355,0.5978360652923584,2,-0.034564852714538574,0.524496865272522,2,0.17464201091604706,0.2795703662502741
loo_brush,gru,4,brush_Pose1_Exp3,brush,0.6680304806318195,590,197,2,0,2,0,19.661052942276,13.094152688980103,2.9996607303619385,7.067060947418213,0.6666666666666666,0.5,0.5,0.0,0.22908398898436708,0.3594446832612067,2,0.3334113359451294,0.6001404047012329,2,0.3334113359451294,0.6001404047012329,2,-1.8331700563430786,0.16682412624359144,2,0.23713622375484433,0.3248317577282099
loo_brush,gru,4,brush_Pose1_Exp4,brush,0.35200046672843677,108,20,0,0,1,0,3.594533681869507,2.927865982055664,0.0,0.0,0.0,0.0,1.0,0.0,0.0,0.0,0,,,0,,,0,,,0,,
loo_brush,gru,4,brush_Pose1_Exp5,brush,0.6598578890245557,99,9,0,0,1,0,3.294464111328125,2.994659900665283,0.0,0.0,0.0,0.0,1.0,0.0,0.0,0.0,0,,,0,,,0,,,0,,
loo_brush,gru,4,brush_Pose1_Exp6,brush,0.9192621978461255,116,23,0,0,1,0,3.8609840869903564,3.0942063331604004,0.0,0.0,0.0,0.0,1.0,0.0,0.0,0.0,0,,,0,,,0,,,0,,
loo_brush,gru,4,brush_Pose1_Exp7,brush,1.0,152,69,1,0,0,0,5.061023712158203,2.761096477508545,0.0,2.1332507133483887,1.0,1.0,0.0,0.0,0.0,0.42150577327342603,1,0.16629505157470703,0.16629505157470703,1,0.16629505157470703,0.16629505157470703,1,0.16629505157470703,0.16629505157470703,1,0.9275296545081093,0.9275296545081093
loo_brush,gru,4,brush_Pose1_Exp8,brush,0.982142857142857,89,7,1,0,0,0,2.9611339569091797,2.7275686264038086,0.0,0.1002347469329834,1.0,1.0,0.0,0.0,0.0,0.033850122416484,1,0.06642580032348633,0.06642580032348633,1,0.06642580032348633,0.06642580032348633,1,0.06642580032348633,0.06642580032348633,1,0.4291507935535766,0.4291507935535766
loo_brush,gru,4,brush_Pose1_Exp9,brush,0.5943191311612364,90,7,0,0,1,0,2.9944820404052734,2.7610766887664795,0.0,0.0,0.0,0.0,1.0,0.0,0.0,0.0,0,,,0,,,0,,,0,,
loo_brush,gru,4,brush_Pose2_Exp1,brush,0.3157977169282943,113,19,0,0,1,0,3.7612528800964355,3.1281731128692627,0.0,0.0,0.0,0.0,1.0,0.0,0.0,0.0,0,,,0,,,0,,,0,,
loo_brush,gru,4,brush_Pose2_Exp10,brush,0.8484635728048245,128,33,0,0,1,0,4.261070489883423,3.161142587661743,0.0,0.0,0.0,0.0,1.0,0.0,0.0,0.0,0,,,0,,,0,,,0,,
loo_brush,gru,4,brush_Pose2_Exp2,brush,0.779804896600752,107,22,0,0,1,0,3.561084032058716,2.8278369903564453,0.0,0.0,0.0,0.0,1.0,0.0,0.0,0.0,0,,,0,,,0,,,0,,
loo_brush,gru,4,brush_Pose2_Exp3,brush,0.016111086995346104,675,12,0,1,2,0,22.494563341140747,22.09459400177002,0.13346028327941895,0.13346028327941895,0.0,0.0,1.0,2.6673111671505456,0.006040404420589367,0.005933001732704489,0,,,0,,,0,,,0,,
loo_brush,gru,4,brush_Pose2_Exp4,brush,0.11596415745723679,110,9,0,1,1,0,3.6612467765808105,3.3612749576568604,0.4334533214569092,0.4334533214569092,0.0,0.0,1.0,16.387860109236666,0.12895503251512302,0.11838953993199701,0,,,0,,,0,,,0,,
loo_brush,gru,4,brush_Pose2_Exp5,brush,,39,0,0,1,0,0,1.2942123413085938,1.2942123413085938,0.8332374095916748,0.8332374095916748,0.0,0.0,0.0,46.36024405340879,0.6438181610516698,0.6438181610516698,0,,,0,,,0,,,0,,
loo_brush,gru,4,brush_Pose2_Exp6,brush,0.88424860785238,282,50,1,0,1,0,9.394383430480957,7.727756500244141,0.033155202865600586,1.3334004878997803,0.6666666666666666,0.5,0.5,0.0,0.004290404707310993,0.14193592349801665,1,0.0,0.0,1,0.0,0.0,1,-0.03348565101623535,-0.03348565101623535,1,0.8669209958610967,0.8669209958610967
loo_brush,gru,4,brush_Pose2_Exp7,brush,,673,0,0,1,0,0,22.427759170532227,22.427759170532227,3.2667324542999268,3.2667324542999268,0.0,0.0,0.0,2.675256120942918,0.145655766564146,0.145655766564146,0,,,0,,,0,,,0,,
loo_brush,gru,4,brush_Pose2_Exp8,brush,0.3604792621224775,662,148,0,0,4,0,22.061009645462036,17.127973079681396,0.0,0.0,0.0,0.0,1.0,0.0,0.0,0.0,0,,,0,,,0,,,0,,
loo_brush,gru,4,brush_Pose2_Exp9,brush,0.7592635648901636,107,9,0,0,1,0,3.5613017082214355,3.2613587379455566,0.0,0.0,0.0,0.0,1.0,0.0,0.0,0.0,0,,,0,,,0,,,0,,
loo_brush,gru,4,brush_Pose3_Exp1,brush,0.9516121968917199,108,19,1,0,0,0,3.5942976474761963,2.961090564727783,0.26663780212402344,0.8998448848724365,1.0,1.0,0.0,0.0,0.09004716211661556,0.2503534690579339,1,0.0,0.0,1,0.0,0.0,1,-0.26660823822021484,-0.26660823822021484,1,0.7036847054347345,0.7036847054347345
loo_brush,gru,4,brush_Pose3_Exp10,brush,0.053632259992524633,99,8,0,0,2,1,3.294581651687622,3.0277276039123535,0.0,0.0,0.0,0.0,1.0,0.0,0.0,0.0,0,,,0,,,0,,,0,,
loo_brush,gru,4,brush_Pose3_Exp2,brush,0.33968124689287704,108,18,0,0,1,0,3.5943570137023926,2.9943509101867676,0.0,0.0,0.0,0.0,1.0,0.0,0.0,0.0,0,,,0,,,0,,,0,,
loo_brush,gru,4,brush_Pose3_Exp3,brush,0.08324606579059314,107,14,0,0,1,0,3.5608274936676025,3.094071388244629,0.0,0.0,0.0,0.0,1.0,0.0,0.0,0.0,0,,,0,,,0,,,0,,
loo_brush,gru,4,brush_Pose3_Exp4,brush,0.1245092858222929,106,11,0,0,1,0,3.5277857780456543,3.161257028579712,0.0,0.0,0.0,0.0,1.0,0.0,0.0,0.0,0,,,0,,,0,,,0,,
loo_brush,gru,4,brush_Pose3_Exp5,brush,0.5709783065652853,327,115,0,0,4,1,10.894315242767334,7.061072587966919,0.0,0.0,0.0,0.0,1.0,0.0,0.0,0.0,0,,,0,,,0,,,0,,
loo_brush,gru,4,brush_Pose3_Exp6,brush,0.6897261526268536,318,111,1,0,3,1,10.594680070877075,6.8941850662231445,0.19994187355041504,1.5333006381988525,0.4,0.25,0.75,0.0,0.029001523984320543,0.14472363751819445,1,0.0,0.0,1,0.0,0.0,1,-0.20009088516235352,-0.20009088516235352,1,0.48188200779229756,0.48188200779229756
loo_brush,gru,4,brush_Pose3_Exp7,brush,0.4251363000830637,292,130,1,0,2,1,9.727540731430054,5.394554615020752,2.1666951179504395,2.400035858154297,0.5,0.3333333333333333,0.6666666666666666,0.0,0.401644857189402,0.2467258605661439,1,0.0,0.0,1,0.0,0.0,1,-2.166498899459839,-2.166498899459839,1,0.04046340781239438,0.04046340781239438
loo_brush,gru,4,brush_Pose3_Exp8,brush,0.6131228920545658,107,15,0,0,1,0,3.561094284057617,3.06117582321167,0.0,0.0,0.0,0.0,1.0,0.0,0.0,0.0,0,,,0,,,0,,,0,,
loo_brush,gru,4,brush_Pose3_Exp9,brush,0.3475435599788057,330,152,0,0,3,0,10.99442172050476,5.927415609359741,0.0,0.0,0.0,0.0,1.0,0.0,0.0,0.0,0,,,0,,,0,,,0,,
loo_brush,mamba,0,brush_Pose1_Exp1,brush,0.5805666555666555,105,9,1,1,0,0,3.4944260120391846,3.194287061691284,0.23273181915283203,0.5328707695007324,0.6666666666666666,1.0,0.0,17.170201856695424,0.07285876774944802,0.15249164459766995,1,0.0,0.0,1,0.0,0.0,1,-0.09981393814086914,-0.09981393814086914,1,0.7510204519937144,0.7510204519937144
loo_brush,mamba,0,brush_Pose1_Exp10,brush,0.9163610199324483,101,14,1,2,0,0,3.3611581325531006,2.894446849822998,0.46695947647094727,0.9336707592010498,0.5,1.0,0.0,35.70197987348166,0.16132943553601714,0.2777824554454518,1,0.0,0.0,1,0.0,0.0,1,-0.2994706630706787,-0.2994706630706787,1,0.6087459087127897,0.6087459087127897
loo_brush,mamba,0,brush_Pose1_Exp2,brush,0.3771886546891837,678,221,4,11,1,0,22.59455895423889,15.227728843688965,6.699582815170288,9.300488233566284,0.4,0.8,0.2,29.210572392083783,0.43995942428058715,0.4116251285277445,4,0.033315181732177734,0.0898366689682007,4,0.033315181732177734,0.0898366689682007,4,-0.46666669845581055,0.0898366689682007,4,0.11449624873493099,0.5654965614274798
loo_brush,mamba,0,brush_Pose1_Exp3,brush,0.6224570243114294,590,197,1,1,3,0,19.661052942276,13.094152688980103,7.799429893493652,13.733198881149292,0.3333333333333333,0.25,0.75,3.05171855119649,0.5956421983728332,0.6984976298812362,1,0.0,0.0,1,0.0,0.0,1,-4.333240747451782,-4.333240747451782,1,0.017112891328012574,0.017112891328012574
loo_brush,mamba,0,brush_Pose1_Exp4,brush,0.5163375685827932,108,20,1,1,0,0,3.594533681869507,2.927865982055664,0.5665299892425537,1.2331976890563965,0.6666666666666666,1.0,0.0,16.69201218022644,0.1934958747137706,0.3430758474392745,1,0.0,0.0,1,0.0,0.0,1,-0.49999308586120605,-0.49999308586120605,1,0.5715103557122891,0.5715103557122891
loo_brush,mamba,0,brush_Pose1_Exp5,brush,0.2409875498544075,99,9,1,0,0,0,3.294464111328125,2.994659900665283,0.8002345561981201,1.100038766860962,1.0,1.0,0.0,0.0,0.26722051342803327,0.33390522090632035,1,0.0,0.0,1,0.0,0.0,1,-0.7998802661895752,-0.7998802661895752,1,0.2725396774136917,0.2725396774136917
loo_brush,mamba,0,brush_Pose1_Exp6,brush,0.9160756265615599,116,23,1,0,0,0,3.8609840869903564,3.0942063331604004,0.6660997867584229,1.432877540588379,1.0,1.0,0.0,0.0,0.21527322842690755,0.3711171836777264,1,0.0,0.0,1,0.0,0.0,1,-0.6667013168334961,-0.6667013168334961,1,0.535131392676513,0.535131392676513
loo_brush,mamba,0,brush_Pose1_Exp7,brush,0.979958785562455,152,69,1,1,0,0,5.061023712158203,2.761096477508545,0.5000605583190918,2.733534574508667,0.6666666666666666,1.0,0.0,11.855309007120583,0.18110941156620422,0.5401149510408022,1,0.0,0.0,1,0.0,0.0,1,-0.4996457099914551,-0.4996457099914551,1,0.023876958446866485,0.023876958446866485
loo_brush,mamba,0,brush_Pose1_Exp8,brush,0.22605257636313536,89,7,1,1,0,0,2.9611339569091797,2.7275686264038086,0.6666734218597412,0.8002214431762695,0.6666666666666666,1.0,0.0,20.262507834204087,0.24442040262749457,0.27024155435762104,1,0.0,0.0,1,0.0,0.0,1,-0.666074275970459,-0.666074275970459,1,0.11100314496639851,0.11100314496639851
loo_brush,mamba,0,brush_Pose1_Exp9,brush,0.13651478729879335,90,7,1,0,0,0,2.9944820404052734,2.7610766887664795,0.8333802223205566,1.0002577304840088,1.0,1.0,0.0,0.0,0.3018316100060488,0.3340336382009604,1,0.0,0.0,1,0.0,0.0,1,-0.8335144519805908,-0.8335144519805908,1,0.15643022575201315,0.15643022575201315
loo_brush,mamba,0,brush_Pose2_Exp1,brush,0.593884051531314,113,19,1,0,0,0,3.7612528800964355,3.1281731128692627,0.6337299346923828,1.0669476985931396,1.0,1.0,0.0,0.0,0.2025878721625815,0.2836681639352534,1,0.0,0.0,1,0.0,0.0,1,-0.6335620880126953,-0.6335620880126953,1,0.341975407390957,0.341975407390957
loo_brush,mamba,0,brush_Pose2_Exp10,brush,0.514597277765549,128,33,1,1,0,0,4.261070489883423,3.161142587661743,0.600132942199707,1.7000608444213867,0.6666666666666666,1.0,0.0,14.080968653874937,0.18984684352489703,0.39897505766629504,1,0.0,0.0,1,0.0,0.0,1,-0.5665202140808105,-0.5665202140808105,1,0.6599700215982969,0.6599700215982969
loo_brush,mamba,0,brush_Pose2_Exp2,brush,0.8562531141459159,107,22,1,0,0,0,3.561084032058716,2.8278369903564453,0.4001023769378662,1.1333494186401367,1.0,1.0,0.0,0.0,0.14148707238157804,0.31825966712302783,1,0.0,0.0,1,0.0,0.0,1,-0.399904727935791,-0.399904727935791,1,0.6469735014132412,0.6469735014132412
loo_brush,mamba,0,brush_Pose2_Exp3,brush,0.013019886055632904,675,12,1,1,1,0,22.494563341140747,22.09459400177002,18.200138092041016,18.600107431411743,0.5,0.5,0.5,2.6673111671505456,0.8237371589893431,0.8268712377000732,1,0.0,0.0,1,0.0,0.0,1,-0.30019521713256836,-0.30019521713256836,1,0.01082968477934368,0.01082968477934368
loo_brush,mamba,0,brush_Pose2_Exp4,brush,0.7805145046524358,110,9,1,1,0,0,3.6612467765808105,3.3612749576568604,1.333399772644043,1.6333715915679932,0.6666666666666666,1.0,0.0,16.387860109236666,0.39669464397924586,0.44612441915029205,1,0.0,0.0,1,0.0,0.0,1,-0.9667294025421143,-0.9667294025421143,1,0.23681116812033925,0.23681116812033925
loo_brush,mamba,0,brush_Pose2_Exp5,brush,,39,0,0,1,0,0,1.2942123413085938,1.2942123413085938,0.1667647361755371,0.1667647361755371,0.0,0.0,0.0,46.36024405340879,0.12885423114333716,0.12885423114333716,0,,,0,,,0,,,0,,
loo_brush,mamba,0,brush_Pose2_Exp6,brush,0.5777768202664855,282,50,2,0,0,0,9.394383430480957,7.727756500244141,4.066731691360474,5.399991273880005,1.0,1.0,0.0,0.0,0.5262499784034337,0.5748106103865451,2,0.0,0.0,2,0.0,0.0,2,-1.2501170635223389,-1.156860113143921,2,0.2344720595407593,0.36689530052088265
loo_brush,mamba,0,brush_Pose2_Exp7,brush,,673,0,0,1,0,0,22.427759170532227,22.427759170532227,20.06680965423584,20.06680965423584,0.0,0.0,0.0,2.675256120942918,0.8947309225881812,0.8947309225881812,0,,,0,,,0,,,0,,
loo_brush,mamba,0,brush_Pose2_Exp8,brush,0.15351028063561323,662,148,1,0,3,0,22.061009645462036,17.127973079681396,15.000281572341919,19.93331813812256,0.4,0.25,0.75,0.0,0.875776806897045,0.9035542098238851,1,0.0,0.0,1,0.0,0.0,1,-0.7665400505065918,-0.7665400505065918,1,0.12708115058565614,0.12708115058565614
loo_brush,mamba,0,brush_Pose2_Exp9,brush,0.3781866281866282,107,9,1,2,0,0,3.5613017082214355,3.2613587379455566,0.4667201042175293,0.7666630744934082,0.5,1.0,0.0,33.695544447406476,0.14310603086599805,0.21527608085648284,1,0.0,0.0,1,0.0,0.0,1,0.0,0.0,1,0.5292980443287723,0.5292980443287723
loo_brush,mamba,0,brush_Pose3_Exp1,brush,0.422935709829158,108,19,1,0,0,0,3.5942976474761963,2.961090564727783,0.7333743572235107,1.3665814399719238,1.0,1.0,0.0,0.0,0.2476703569824555,0.38020820032294617,1,0.0,0.0,1,0.0,0.0,1,-0.7334263324737549,-0.7334263324737549,1,0.46335115070889754,0.46335115070889754
loo_brush,mamba,0,brush_Pose3_Exp10,brush,0.912037037037037,99,8,1,0,1,1,3.294581651687622,3.0277276039123535,0.0,0.06665253639221191,0.6666666666666666,0.5,0.5,0.0,0.0,0.020230955987407297,1,0.13319110870361328,0.13319110870361328,1,0.13319110870361328,0.13319110870361328,1,0.13319110870361328,0.13319110870361328,1,0.33322685115102074,0.33322685115102074
loo_brush,mamba,0,brush_Pose3_Exp2,brush,0.9564636752136753,108,18,1,1,0,0,3.5943570137023926,2.9943509101867676,0.0,0.5339014530181885,0.6666666666666666,1.0,0.0,16.692832618259192,0.0,0.14853879316463323,1,0.0,0.0,1,0.0,0.0,1,0.0,0.0,1,0.7231793747774783,0.7231793747774783
loo_brush,mamba,0,brush_Pose3_Exp3,brush,0.6271966998261754,107,14,1,1,0,0,3.5608274936676025,3.094071388244629,0.0,0.1665799617767334,0.6666666666666666,1.0,0.0,16.850015932167732,0.0,0.046781250165297494,1,0.13329434394836426,0.13329434394836426,1,0.13329434394836426,0.13329434394836426,1,0.13329434394836426,0.13329434394836426,1,0.2852685040789859,0.2852685040789859
loo_brush,mamba,0,brush_Pose3_Exp4,brush,0.6050446143491293,106,11,1,0,0,0,3.5277857780456543,3.161257028579712,0.0,0.1333935260772705,1.0,1.0,0.0,0.0,0.0,0.03781225235030249,1,0.099945068359375,0.099945068359375,1,0.099945068359375,0.099945068359375,1,0.099945068359375,0.099945068359375,1,0.36393741629172077,0.36393741629172077
loo_brush,mamba,0,brush_Pose3_Exp5,brush,0.7156856731343294,327,115,3,0,1,1,10.894315242767334,7.061072587966919,0.5668776035308838,1.2329444885253906,0.8571428571428571,0.75,0.25,0.0,0.08028208129412585,0.11317319730984786,3,0.13346004486083984,2.2667814254760743,2,1.4667859077453613,2.5334465980529783,2,1.4667859077453613,2.5334465980529783,3,0.12408677564425168,0.3676214800200263
loo_brush,mamba,0,brush_Pose3_Exp6,brush,0.8680537227562283,318,111,3,1,1,1,10.594680070877075,6.8941850662231445,1.0000953674316406,3.666839122772217,0.75,0.75,0.25,5.6632196157512595,0.1450636090886845,0.34610192079812935,3,0.03342103958129883,0.11326570510864259,2,0.06661343574523926,0.11990418434143067,2,-0.4333024024963379,0.01992101669311526,3,0.42796304655537604,0.4743177031342832
loo_brush,mamba,0,brush_Pose3_Exp7,brush,0.40180374970158167,292,130,3,1,0,1,9.727540731430054,5.394554615020752,3.1336331367492676,7.032979488372803,0.8571428571428571,1.0,0.0,6.168054357884899,0.5808882030823991,0.7229966630362162,3,0.0,0.0,2,0.0,0.0,2,-1.7999801635742188,-0.8933378219604492,3,0.19979863231341946,0.3215750717812143
loo_brush,mamba,0,brush_Pose3_Exp8,brush,0.8875796504599749,107,15,1,0,0,0,3.561094284057617,3.06117582321167,0.0,0.39983153343200684,1.0,1.0,0.0,0.0,0.0,0.11227771621267686,1,0.09988069534301758,0.09988069534301758,1,0.09988069534301758,0.09988069534301758,1,0.09988069534301758,0.09988069534301758,1,0.799793495834148,0.799793495834148
loo_brush,mamba,0,brush_Pose3_Exp9,brush,0.7049554503284476,330,152,3,1,0,0,10.99442172050476,5.927415609359741,0.5996432304382324,1.8667833805084229,0.8571428571428571,1.0,0.0,5.457312946991937,0.10116436402592728,0.1697936851946332,3,0.0,0.16010570526123047,3,0.0,0.16010570526123047,3,-0.09950566291809082,0.14020457267761233,3,0.23427931897900334,0.30161150238644474
loo_brush,mamba,1,brush_Pose1_Exp1,brush,0.7856701940035273,105,9,1,1,0,0,3.4944260120391846,3.194287061691284,0.36657118797302246,0.6667101383209229,0.6666666666666666,1.0,0.0,17.170201856695424,0.1147583735880436,0.1907924609145929,1,0.0,0.0,1,0.0,0.0,1,-0.3334231376647949,-0.3334231376647949,1,0.47384412242737867,0.47384412242737867
loo_brush,mamba,1,brush_Pose1_Exp10,brush,0.6065521727645787,101,14,1,0,0,0,3.3611581325531006,2.894446849822998,0.4664139747619629,0.9331252574920654,1.0,1.0,0.0,0.0,0.16114097061083887,0.2776201596868259,1,0.0,0.0,1,0.0,0.0,1,-0.4667181968688965,-0.4667181968688965,1,0.50015930764158,0.50015930764158
loo_brush,mamba,1,brush_Pose1_Exp2,brush,0.40729794957356136,678,221,2,1,3,0,22.59455895423889,15.227728843688965,12.433640003204346,19.734333515167236,0.5,0.4,0.6,2.655506581098526,0.8165130946863024,0.87341087538533,2,0.11672401428222656,0.21010322570800782,2,0.11672401428222656,0.21010322570800782,2,-0.1666196584701538,0.15343449115753177,2,0.20252269798773354,0.3317649802587334
loo_brush,mamba,1,brush_Pose1_Exp3,brush,0.5765777777535994,590,197,2,1,2,0,19.661052942276,13.094152688980103,3.300140142440796,7.334100961685181,0.5714285714285714,0.5,0.5,3.05171855119649,0.25203159156820876,0.3730268660187114,2,0.0,0.0,2,0.0,0.0,2,-1.8833955526351929,-0.3766791105270385,2,0.3317562615231322,0.36967115818552204
loo_brush,mamba,1,brush_Pose1_Exp4,brush,0.6620964618802722,108,20,1,1,0,0,3.594533681869507,2.927865982055664,0.533437967300415,1.2001056671142578,0.6666666666666666,1.0,0.0,16.69201218022644,0.1821934373259416,0.33386964021716614,1,0.0,0.0,1,0.0,0.0,1,-0.4666328430175781,-0.4666328430175781,1,0.5882406028893603,0.5882406028893603
loo_brush,mamba,1,brush_Pose1_Exp5,brush,0.24529147316893934,99,9,1,0,0,0,3.294464111328125,2.994659900665283,0.8002345561981201,1.100038766860962,1.0,1.0,0.0,0.0,0.26722051342803327,0.33390522090632035,1,0.0,0.0,1,0.0,0.0,1,-0.7998802661895752,-0.7998802661895752,1,0.2725396774136917,0.2725396774136917
loo_brush,mamba,1,brush_Pose1_Exp6,brush,0.5705876747088755,116,23,1,1,0,0,3.8609840869903564,3.0942063331604004,0.5332779884338379,1.1333649158477783,0.6666666666666666,1.0,0.0,15.540079588043604,0.1723472616285261,0.29354301657618026,1,0.0,0.0,1,0.0,0.0,1,-0.5331616401672363,-0.5331616401672363,1,0.28210127256878953,0.28210127256878953
loo_brush,mamba,1,brush_Pose1_Exp7,brush,0.9543717659038684,152,69,1,1,0,0,5.061023712158203,2.761096477508545,0.06659626960754395,2.066310167312622,0.6666666666666666,1.0,0.0,11.855309007120583,0.024119501129361693,0.4082790923007695,1,0.3000071048736572,0.3000071048736572,1,0.3000071048736572,0.3000071048736572,1,0.3000071048736572,0.3000071048736572,1,0.869468332553438,0.869468332553438
loo_brush,mamba,1,brush_Pose1_Exp8,brush,0.33143551065911314,89,7,1,0,0,0,2.9611339569091797,2.7275686264038086,0.632570743560791,0.8661360740661621,1.0,1.0,0.0,0.0,0.23191744377658813,0.2925014831042064,1,0.0,0.0,1,0.0,0.0,1,-0.6333963871002197,-0.6333963871002197,1,0.2696635522971297,0.2696635522971297
loo_brush,mamba,1,brush_Pose1_Exp9,brush,0.37410573228987554,90,7,1,0,0,0,2.9944820404052734,2.7610766887664795,0.7999343872070312,1.0333397388458252,1.0,1.0,0.0,0.0,0.2897182792718462,0.34508129449524866,1,0.0,0.0,1,0.0,0.0,1,-0.8001656532287598,-0.8001656532287598,1,0.22587474657608048,0.22587474657608048
loo_brush,mamba,1,brush_Pose2_Exp1,brush,0.40077490086052747,113,19,0,0,1,0,3.7612528800964355,3.1281731128692627,0.0,0.0,0.0,0.0,1.0,0.0,0.0,0.0,0,,,0,,,0,,,0,,
loo_brush,mamba,1,brush_Pose2_Exp10,brush,0.8291956772303763,128,33,0,1,1,0,4.261070489883423,3.161142587661743,0.03342771530151367,0.03342771530151367,0.0,0.0,1.0,14.080968653874937,0.010574567383320639,0.007844910188854493,0,,,0,,,0,,,0,,
loo_brush,mamba,1,brush_Pose2_Exp2,brush,0.7170831552348971,107,22,1,2,0,0,3.561084032058716,2.8278369903564453,0.33350205421447754,0.8664765357971191,0.5,1.0,0.0,33.697604133937325,0.11793538855025729,0.2433181941219725,1,0.0,0.0,1,0.0,0.0,1,-0.33319902420043945,-0.33319902420043945,1,0.34374411915239805,0.34374411915239805
loo_brush,mamba,1,brush_Pose2_Exp3,brush,0.013241978230990624,675,12,0,5,2,0,22.494563341140747,22.09459400177002,0.8334238529205322,0.8334238529205322,0.0,0.0,1.0,13.336555835752728,0.03772071362133949,0.03705001249774282,0,,,0,,,0,,,0,,
loo_brush,mamba,1,brush_Pose2_Exp4,brush,0.30818527476422214,110,9,1,2,0,0,3.6612467765808105,3.3612749576568604,0.3999354839324951,0.5999431610107422,0.5,1.0,0.0,32.77572021847333,0.11898326943514598,0.16386307660228822,1,0.10004806518554688,0.10004806518554688,1,0.10004806518554688,0.10004806518554688,1,0.10004806518554688,0.10004806518554688,1,0.6667548898283463,0.6667548898283463
loo_brush,mamba,1,brush_Pose2_Exp5,brush,,39,0,0,1,0,0,1.2942123413085938,1.2942123413085938,0.1667776107788086,0.1667776107788086,0.0,0.0,0.0,46.36024405340879,0.12886417897249977,0.12886417897249977,0,,,0,,,0,,,0,,
loo_brush,mamba,1,brush_Pose2_Exp6,brush,0.7449150105736201,282,50,1,3,1,0,9.394383430480957,7.727756500244141,0.2336561679840088,1.2003130912780762,0.3333333333333333,0.5,0.5,19.16038464173957,0.03023596408305916,0.12776922510779665,1,0.2332911491394043,0.2332911491394043,1,0.2332911491394043,0.2332911491394043,1,0.2332911491394043,0.2332911491394043,1,0.6590748234562808,0.6590748234562808
loo_brush,mamba,1,brush_Pose2_Exp7,brush,,673,0,0,2,0,0,22.427759170532227,22.427759170532227,19.60015606880188,19.60015606880188,0.0,0.0,0.0,5.350512241885836,0.8739239582416451,0.8739239582416451,0,,,0,,,0,,,0,,
loo_brush,mamba,1,brush_Pose2_Exp8,brush,0.3896780237688052,662,148,2,1,2,0,22.061009645462036,17.127973079681396,8.066639423370361,9.899994611740112,0.5714285714285714,0.5,0.5,2.719730464028968,0.47096287376465285,0.4487552823212036,2,0.6833769083023071,0.9633580446243286,2,0.6833769083023071,0.9633580446243286,2,0.6833769083023071,0.9633580446243286,2,0.28742063301051596,0.49122146860088656
loo_brush,mamba,1,brush_Pose2_Exp9,brush,0.8635840809753854,107,9,1,0,0,0,3.5613017082214355,3.2613587379455566,0.0,0.20000219345092773,1.0,1.0,0.0,0.0,0.0,0.05615985665837104,1,0.100128173828125,0.100128173828125,1,0.100128173828125,0.100128173828125,1,0.100128173828125,0.100128173828125,1,0.6668007363765568,0.6668007363765568
loo_brush,mamba,1,brush_Pose3_Exp1,brush,0.792810033338651,108,19,1,2,0,0,3.5942976474761963,2.961090564727783,0.10004305839538574,0.5664286613464355,0.5,1.0,0.0,33.38621666023131,0.033785882670084026,0.15759091675230738,1,0.06656551361083984,0.06656551361083984,1,0.06656551361083984,0.06656551361083984,1,0.06656551361083984,0.06656551361083984,1,0.5787342946529997,0.5787342946529997
loo_brush,mamba,1,brush_Pose3_Exp10,brush,0.5311100631824316,99,8,0,0,2,1,3.294581651687622,3.0277276039123535,0.0,0.0,0.0,0.0,1.0,0.0,0.0,0.0,0,,,0,,,0,,,0,,
loo_brush,mamba,1,brush_Pose3_Exp2,brush,0.9747474747474749,108,18,1,0,0,0,3.5943570137023926,2.9943509101867676,0.0,0.10010695457458496,1.0,1.0,0.0,0.0,0.0,0.02785114394395372,1,0.19993877410888672,0.19993877410888672,1,0.19993877410888672,0.19993877410888672,1,0.19993877410888672,0.19993877410888672,1,0.16684322707390264,0.16684322707390264
loo_brush,mamba,1,brush_Pose3_Exp3,brush,0.44083589347861285,107,14,0,0,1,0,3.5608274936676025,3.094071388244629,0.0,0.0,0.0,0.0,1.0,0.0,0.0,0.0,0,,,0,,,0,,,0,,
loo_brush,mamba,1,brush_Pose3_Exp4,brush,0.5330659947263363,106,11,1,0,0,0,3.5277857780456543,3.161257028579712,0.0,0.03318023681640625,1.0,1.0,0.0,0.0,0.0,0.009405400130273118,1,0.16643333435058594,0.16643333435058594,1,0.16643333435058594,0.16643333435058594,1,0.16643333435058594,0.16643333435058594,1,0.09052560505759,0.09052560505759
loo_brush,mamba,1,brush_Pose3_Exp5,brush,0.6560021368035868,327,115,1,0,3,1,10.894315242767334,7.061072587966919,0.5668776035308838,1.0665462017059326,0.4,0.25,0.75,0.0,0.08028208129412585,0.0978993335459065,1,2.8332345485687256,2.8332345485687256,1,2.8332345485687256,2.8332345485687256,1,2.8332345485687256,2.8332345485687256,1,0.0341360000493945,0.0341360000493945
loo_brush,mamba,1,brush_Pose3_Exp6,brush,0.34211481705613456,318,111,2,0,2,1,10.594680070877075,6.8941850662231445,3.9665327072143555,6.5669872760772705,0.6666666666666666,0.5,0.5,0.0,0.5753446809322961,0.6198381859711622,2,1.1666781902313232,1.6733706951141358,1,1.8000438213348389,1.8000438213348389,1,1.8000438213348389,1.8000438213348389,2,0.11810363706846197,0.20032673114028302
loo_brush,mamba,1,brush_Pose3_Exp7,brush,0.4571710864336997,292,130,3,0,0,1,9.727540731430054,5.394554615020752,2.4668281078338623,4.532861709594727,1.0,1.0,0.0,0.0,0.4572811443905222,0.46598229035925576,3,0.23321223258972168,2.3134261608123783,2,1.450022578239441,2.5567882299423217,2,1.450022578239441,2.5567882299423217,3,0.2128635297048781,0.5222535381143756
loo_brush,mamba,1,brush_Pose3_Exp8,brush,0.895394353514487,107,15,1,1,0,0,3.561094284057617,3.06117582321167,0.0,0.33338427543640137,0.6666666666666666,1.0,0.0,16.84875356112004,0.0,0.0936184916330082,1,0.13312053680419922,0.13312053680419922,1,0.13312053680419922,0.13312053680419922,1,0.13312053680419922,0.13312053680419922,1,0.5999780619130965,0.5999780619130965
loo_brush,mamba,1,brush_Pose3_Exp9,brush,0.823015517322702,330,152,3,0,0,0,10.99442172050476,5.927415609359741,0.03297138214111328,0.16657161712646484,1.0,1.0,0.0,0.0,0.005562522406738193,0.015150557379094008,3,0.13360929489135742,0.906923770904541,3,0.13360929489135742,0.906923770904541,3,0.13360929489135742,0.906923770904541,3,0.05399209978277496,0.12547082970209714
loo_brush,mamba,2,brush_Pose1_Exp1,brush,0.12391048159316831,105,9,0,1,1,0,3.4944260120391846,3.194287061691284,0.03319716453552246,0.03319716453552246,0.0,0.0,1.0,17.170201856695424,0.010392667876864362,0.009500033602414188,0,,,0,,,0,,,0,,
loo_brush,mamba,2,brush_Pose1_Exp10,brush,0.5498787265488946,101,14,0,1,1,0,3.3611581325531006,2.894446849822998,0.03316807746887207,0.03316807746887207,0.0,0.0,1.0,17.85098993674083,0.011459211099661538,0.009868050285297927,0,,,0,,,0,,,0,,
loo_brush,mamba,2,brush_Pose1_Exp2,brush,0.2800038362108814,678,221,3,2,2,0,22.59455895423889,15.227728843688965,8.766851425170898,13.400532722473145,0.6,0.6,0.4,5.311013162197052,0.5757162814732063,0.5930867139125596,3,0.0,0.5314098358154298,3,0.0,0.5314098358154298,3,-0.33355093002319336,0.46469964981079104,3,0.08278757287541627,0.09158211120488123
loo_brush,mamba,2,brush_Pose1_Exp3,brush,0.7632944891309535,590,197,1,3,3,0,19.661052942276,13.094152688980103,3.1663925647735596,7.9668450355529785,0.25,0.25,0.75,9.15515565358947,0.2418172935648109,0.40520947982507804,1,0.9000649452209473,0.9000649452209473,1,0.9000649452209473,0.9000649452209473,1,0.9000649452209473,0.9000649452209473,1,0.2873820132826278,0.2873820132826278
loo_brush,mamba,2,brush_Pose1_Exp4,brush,0.4836030175440324,108,20,1,1,0,0,3.594533681869507,2.927865982055664,0.5998754501342773,1.2665431499481201,0.6666666666666666,1.0,0.0,16.69201218022644,0.20488487308189662,0.3523525614286064,1,0.0,0.0,1,0.0,0.0,1,-0.49999308586120605,-0.49999308586120605,1,0.5715103557122891,0.5715103557122891
loo_brush,mamba,2,brush_Pose1_Exp5,brush,0.28157108721624846,99,9,1,2,0,0,3.294464111328125,2.994659900665283,0.36701488494873047,0.46692323684692383,0.5,1.0,0.0,36.42474039628357,0.12255644952109444,0.14172964739284688,1,0.0,0.0,1,0.0,0.0,1,-0.20008087158203125,-0.20008087158203125,1,0.06610954748807654,0.06610954748807654
loo_brush,mamba,2,brush_Pose1_Exp6,brush,0.9965217391304346,116,23,1,1,0,0,3.8609840869903564,3.0942063331604004,0.39989161491394043,1.1666693687438965,0.6666666666666666,1.0,0.0,15.540079588043604,0.1292388327915721,0.3021689140535457,1,0.0,0.0,1,0.0,0.0,1,-0.36655330657958984,-0.36655330657958984,1,0.6765582923487525,0.6765582923487525
loo_brush,mamba,2,brush_Pose1_Exp7,brush,0.9924062491626191,152,69,1,0,0,0,5.061023712158203,2.761096477508545,0.43320441246032715,2.7331316471099854,1.0,1.0,0.0,0.0,0.15689578976654447,0.5400353372271555,1,0.0,0.0,1,0.0,0.0,1,-0.43346738815307617,-0.43346738815307617,1,0.8414988853835864,0.8414988853835864
loo_brush,mamba,2,brush_Pose1_Exp8,brush,0.8631519274376416,89,7,1,0,0,0,2.9611339569091797,2.7275686264038086,0.5998928546905518,0.8334581851959229,1.0,1.0,0.0,0.0,0.21993685104139316,0.28146588345023177,1,0.0,0.0,1,0.0,0.0,1,-0.6001689434051514,-0.6001689434051514,1,0.28023641096099666,0.28023641096099666
loo_brush,mamba,2,brush_Pose1_Exp9,brush,0.40798940543959517,90,7,1,0,0,0,2.9944820404052734,2.7610766887664795,0.8333802223205566,1.0667855739593506,1.0,1.0,0.0,0.0,0.3018316100060488,0.35625044984907367,1,0.0,0.0,1,0.0,0.0,1,-0.8335144519805908,-0.8335144519805908,1,0.21879312706912155,0.21879312706912155
loo_brush,mamba,2,brush_Pose2_Exp1,brush,0.31328072021456177,113,19,0,1,1,0,3.7612528800964355,3.1281731128692627,0.13338088989257812,0.13338088989257812,0.0,0.0,1.0,15.952131354290021,0.04263858970715237,0.03546182459530835,0,,,0,,,0,,,0,,
loo_brush,mamba,2,brush_Pose2_Exp10,brush,0.4301462992475631,128,33,0,1,1,0,4.261070489883423,3.161142587661743,0.03342771530151367,0.03342771530151367,0.0,0.0,1.0,14.080968653874937,0.010574567383320639,0.007844910188854493,0,,,0,,,0,,,0,,
loo_brush,mamba,2,brush_Pose2_Exp2,brush,0.7702558139930326,107,22,1,1,0,0,3.561084032058716,2.8278369903564453,0.0,0.13312458992004395,0.6666666666666666,1.0,0.0,16.848802066968663,0.0,0.03738316443015321,1,0.4000082015991211,0.4000082015991211,1,0.4000082015991211,0.4000082015991211,1,0.4000082015991211,0.4000082015991211,1,0.13610935076074773,0.13610935076074773
loo_brush,mamba,2,brush_Pose2_Exp3,brush,0.0162801895173066,675,12,1,1,1,0,22.494563341140747,22.09459400177002,8.233467102050781,8.433448076248169,0.5,0.5,0.5,2.6673111671505456,0.37264622746139575,0.3749105038560171,1,0.0,0.0,1,0.0,0.0,1,-7.833174467086792,-7.833174467086792,1,0.02399799314096185,0.02399799314096185
loo_brush,mamba,2,brush_Pose2_Exp4,brush,0.37809682943701955,110,9,1,1,0,0,3.6612467765808105,3.3612749576568604,0.6332318782806396,0.8998904228210449,0.6666666666666666,1.0,0.0,16.387860109236666,0.1883903834877182,0.24578797271388533,1,0.03332400321960449,0.03332400321960449,1,0.03332400321960449,0.03332400321960449,1,0.03332400321960449,0.03332400321960449,1,0.8889453199202335,0.8889453199202335
loo_brush,mamba,2,brush_Pose2_Exp5,brush,,39,0,0,1,0,0,1.2942123413085938,1.2942123413085938,0.8332488536834717,0.8332488536834717,0.0,0.0,0.0,46.36024405340879,0.6438270035664809,0.6438270035664809,0,,,0,,,0,,,0,,
loo_brush,mamba,2,brush_Pose2_Exp6,brush,0.6369056316556244,282,50,1,1,1,0,9.394383430480957,7.727756500244141,0.999873161315918,2.1999106407165527,0.5,0.5,0.5,6.386794880579856,0.12938724988091035,0.2341729669643605,1,0.0,0.0,1,0.0,0.0,1,-0.5668394565582275,-0.5668394565582275,1,0.5902338668199558,0.5902338668199558
loo_brush,mamba,2,brush_Pose2_Exp7,brush,,673,0,0,1,0,0,22.427759170532227,22.427759170532227,19.600012063980103,19.600012063980103,0.0,0.0,0.0,2.675256120942918,0.8739175374119634,0.8739175374119634,0,,,0,,,0,,,0,,
loo_brush,mamba,2,brush_Pose2_Exp8,brush,0.19077794815899726,662,148,2,1,2,0,22.061009645462036,17.127973079681396,10.30101728439331,14.867573499679565,0.5714285714285714,0.5,0.5,2.719730464028968,0.601414845555381,0.6739298762211382,2,0.11675453186035156,0.21015815734863283,2,0.11675453186035156,0.21015815734863283,2,-0.09987807273864746,0.16683163642883303,2,0.47890039247225286,0.7713116584904816
loo_brush,mamba,2,brush_Pose2_Exp9,brush,0.4428648357171711,107,9,1,1,0,0,3.5613017082214355,3.2613587379455566,0.5334997177124023,0.7000343799591064,0.6666666666666666,1.0,0.0,16.847772223703238,0.16358204067071516,0.19656699637187255,1,0.0,0.0,1,0.0,0.0,1,-0.5332460403442383,-0.5332460403442383,1,0.08013245942457502,0.08013245942457502
loo_brush,mamba,2,brush_Pose3_Exp1,brush,0.40138716348202425,108,19,1,2,0,0,3.5942976474761963,2.961090564727783,0.7667701244354248,1.200164794921875,0.5,1.0,0.0,33.38621666023131,0.2589485554981379,0.3339080155936983,1,0.0,0.0,1,0.0,0.0,1,-0.7666788101196289,-0.7666788101196289,1,0.09543472078175319,0.09543472078175319
loo_brush,mamba,2,brush_Pose3_Exp10,brush,0.45070871157827674,99,8,1,0,1,1,3.294581651687622,3.0277276039123535,0.0,0.033416748046875,0.6666666666666666,0.5,0.5,0.0,0.0,0.010142941222827957,1,0.16660785675048828,0.16660785675048828,1,0.16660785675048828,0.16660785675048828,1,0.16660785675048828,0.16660785675048828,1,0.16706577618955099,0.16706577618955099
loo_brush,mamba,2,brush_Pose3_Exp2,brush,0.5985347427021168,108,18,1,2,0,0,3.5943570137023926,2.9943509101867676,0.09998106956481934,0.23326683044433594,0.5,1.0,0.0,33.385665236518385,0.03338989736462891,0.06489806926665245,1,0.13314461708068848,0.13314461708068848,1,0.13314461708068848,0.13314461708068848,1,0.13314461708068848,0.13314461708068848,1,0.1665479884034383,0.1665479884034383
loo_brush,mamba,2,brush_Pose3_Exp3,brush,0.46358544417533587,107,14,0,0,1,0,3.5608274936676025,3.094071388244629,0.0,0.0,0.0,0.0,1.0,0.0,0.0,0.0,0,,,0,,,0,,,0,,
loo_brush,mamba,2,brush_Pose3_Exp4,brush,0.5043167576772445,106,11,1,0,0,0,3.5277857780456543,3.161257028579712,0.0,0.03318023681640625,1.0,1.0,0.0,0.0,0.0,0.009405400130273118,1,0.16643333435058594,0.16643333435058594,1,0.16643333435058594,0.16643333435058594,1,0.16643333435058594,0.16643333435058594,1,0.09052560505759,0.09052560505759
loo_brush,mamba,2,brush_Pose3_Exp5,brush,0.6850388869517516,327,115,2,2,2,1,10.894315242767334,7.061072587966919,0.09998297691345215,0.36653876304626465,0.5,0.5,0.5,11.014919003713173,0.014159743532992068,0.033644956555631836,2,0.08340704441070557,0.15013267993927001,2,0.08340704441070557,0.15013267993927001,2,0.05019199848175049,0.14348967075347902,2,0.14845010989456414,0.15285032843994395
loo_brush,mamba,2,brush_Pose3_Exp6,brush,0.518979349040672,318,111,2,0,2,1,10.594680070877075,6.8941850662231445,0.0,0.8001804351806641,0.6666666666666666,0.5,0.5,0.0,0.0,0.07552662561092527,2,0.916610836982727,1.5165973901748657,2,0.916610836982727,1.5165973901748657,2,0.916610836982727,1.5165973901748657,2,0.220886962512437,0.2831388956065245
loo_brush,mamba,2,brush_Pose3_Exp7,brush,0.426817283950273,292,130,3,1,0,1,9.727540731430054,5.394554615020752,2.5336878299713135,4.333269357681274,0.8571428571428571,1.0,0.0,6.168054357884899,0.4696750725104239,0.44546401575891803,3,0.3667018413543701,2.073614072799683,2,1.2834538221359253,2.2569644689559936,2,1.2834538221359253,2.2569644689559936,3,0.30550823444687814,0.38088352214355853
loo_brush,mamba,2,brush_Pose3_Exp8,brush,0.7870901270877552,107,15,1,1,0,0,3.561094284057617,3.06117582321167,0.06663155555725098,0.3668484687805176,0.6666666666666666,1.0,0.0,16.84875356112004,0.02176665418954723,0.10301565741261966,1,0.19986224174499512,0.19986224174499512,1,0.19986224174499512,0.19986224174499512,1,0.19986224174499512,0.19986224174499512,1,0.600531760149942,0.600531760149942
loo_brush,mamba,2,brush_Pose3_Exp9,brush,0.4564678732632055,330,152,2,0,1,0,10.99442172050476,5.927415609359741,0.06597208976745605,0.36598992347717285,0.8,0.6666666666666666,0.3333333333333333,0.0,0.011129992245403243,0.033288692464342726,2,0.5334399938583374,0.9601919889450073,2,0.5334399938583374,0.9601919889450073,2,0.5001875162124634,0.9535414934158325,2,0.08571463122965013,0.12515055734847277
loo_brush,mamba,3,brush_Pose1_Exp1,brush,0.36376678876678875,105,9,1,1,0,0,3.4944260120391846,3.194287061691284,0.800060510635376,1.1001994609832764,0.6666666666666666,1.0,0.0,17.170201856695424,0.25046606494150425,0.31484411379517263,1,0.0,0.0,1,0.0,0.0,1,-0.43323850631713867,-0.43323850631713867,1,0.4091739546899311,0.4091739546899311
loo_brush,mamba,3,brush_Pose1_Exp10,brush,0.5926678620166015,101,14,1,0,0,0,3.3611581325531006,2.894446849822998,0.6666462421417236,1.1333575248718262,1.0,1.0,0.0,0.0,0.23031904772495324,0.3371925628536077,1,0.0,0.0,1,0.0,0.0,1,-0.6667258739471436,-0.6667258739471436,1,0.4117952830311723,0.4117952830311723
loo_brush,mamba,3,brush_Pose1_Exp2,brush,0.5400498312338846,678,221,3,2,2,0,22.59455895423889,15.227728843688965,9.066657066345215,15.433272361755371,0.6,0.6,0.4,5.311013162197052,0.5954044204105219,0.6830526054087895,3,0.0,0.5043754577636719,3,0.0,0.5043754577636719,3,-0.5666873455047607,0.39103798866271977,3,0.0699975028217072,0.09480786027428123
loo_brush,mamba,3,brush_Pose1_Exp3,brush,0.5519240830207918,590,197,2,1,2,0,19.661052942276,13.094152688980103,3.8997137546539307,9.628160953521729,0.5714285714285714,0.5,0.5,3.05171855119649,0.2978210081463223,0.4897072899294657,2,0.2667407989501953,0.4801334381103516,2,0.2667407989501953,0.4801334381103516,2,-0.06651079654693604,0.4134831190109253,2,0.3824250881860906,0.4252363826639941
loo_brush,mamba,3,brush_Pose1_Exp4,brush,0.921343294991902,108,20,1,1,0,0,3.594533681869507,2.927865982055664,0.39971160888671875,1.0663793087005615,0.6666666666666666,1.0,0.0,16.69201218022644,0.13651977629320314,0.2966669401595204,1,0.0,0.0,1,0.0,0.0,1,-0.36646556854248047,-0.36646556854248047,1,0.6453161157153536,0.6453161157153536
loo_brush,mamba,3,brush_Pose1_Exp5,brush,0.7909621578099839,99,9,1,0,0,0,3.294464111328125,2.994659900665283,0.7668225765228271,1.066626787185669,1.0,1.0,0.0,0.0,0.2560633267078083,0.32376336519133325,1,0.0,0.0,1,0.0,0.0,1,-0.7666246891021729,-0.7666246891021729,1,0.2810769561243492,0.2810769561243492
loo_brush,mamba,3,brush_Pose1_Exp6,brush,0.8462500362895649,116,23,1,0,0,0,3.8609840869903564,3.0942063331604004,0.7999775409698486,1.5667552947998047,1.0,1.0,0.0,0.0,0.25854046396212926,0.40579169960296135,1,0.0,0.0,1,0.0,0.0,1,-0.8000748157501221,-0.8000748157501221,1,0.4894049226289244,0.4894049226289244
loo_brush,mamba,3,brush_Pose1_Exp7,brush,0.9971985377786172,152,69,1,1,0,0,5.061023712158203,2.761096477508545,0.46657705307006836,2.7665042877197266,0.6666666666666666,1.0,0.0,11.855309007120583,0.16898252446835205,0.5466293866740232,1,0.0,0.0,1,0.0,0.0,1,-0.3667564392089844,-0.3667564392089844,1,0.8625151775799204,0.8625151775799204
loo_brush,mamba,3,brush_Pose1_Exp8,brush,0.9285714285714284,89,7,1,1,0,0,2.9611339569091797,2.7275686264038086,0.6339023113250732,0.8674676418304443,0.6666666666666666,1.0,0.0,20.262507834204087,0.2324056323234838,0.2929511648084654,1,0.0,0.0,1,0.0,0.0,1,-0.5334477424621582,-0.5334477424621582,1,0.304634711311248,0.304634711311248
loo_brush,mamba,3,brush_Pose1_Exp9,brush,0.8167499167499166,90,7,1,1,0,0,2.9944820404052734,2.7610766887664795,0.8334097862243652,1.0668151378631592,0.6666666666666666,1.0,0.0,20.036854183930785,0.30184231738840034,0.3562603226429023,1,0.0,0.0,1,0.0,0.0,1,-0.6668448448181152,-0.6668448448181152,1,0.259367354048852,0.259367354048852
loo_brush,mamba,3,brush_Pose2_Exp1,brush,0.7172214680623556,113,19,1,2,0,0,3.7612528800964355,3.1281731128692627,0.8003730773925781,1.266690731048584,0.5,1.0,0.0,31.904262708580042,0.25585958593527125,0.33677361544914447,1,0.0,0.0,1,0.0,0.0,1,-0.5000295639038086,-0.5000295639038086,1,0.3526129425667134,0.3526129425667134
loo_brush,mamba,3,brush_Pose2_Exp10,brush,0.7490273926116772,128,33,1,2,0,0,4.261070489883423,3.161142587661743,0.8665997982025146,1.9665277004241943,0.5,1.0,0.0,28.161937307749874,0.2741413188968257,0.46151024844416405,1,0.0,0.0,1,0.0,0.0,1,-0.6332809925079346,-0.6332809925079346,1,0.6345627861918973,0.6345627861918973
loo_brush,mamba,3,brush_Pose2_Exp2,brush,0.5738546829324707,107,22,1,0,0,0,3.561084032058716,2.8278369903564453,0.43346524238586426,1.1667122840881348,1.0,1.0,0.0,0.0,0.15328508816600014,0.32762840572836494,1,0.0,0.0,1,0.0,0.0,1,-0.43335771560668945,-0.43335771560668945,1,0.6284728906196039,0.6284728906196039
loo_brush,mamba,3,brush_Pose2_Exp3,brush,0.011936278453999253,675,12,1,6,1,0,22.494563341140747,22.09459400177002,18.900043725967407,19.233394145965576,0.2222222222222222,0.5,0.5,16.003867002903274,0.855414846023118,0.8550241164623652,1,0.06653833389282227,0.06653833389282227,1,0.06653833389282227,0.06653833389282227,1,0.06653833389282227,0.06653833389282227,1,0.00724831564629616,0.00724831564629616
loo_brush,mamba,3,brush_Pose2_Exp4,brush,0.6142666049287442,110,9,1,2,0,0,3.6612467765808105,3.3612749576568604,0.3334183692932129,0.5000288486480713,0.5,1.0,0.0,32.77572021847333,0.09919401819053754,0.13657338037045444,1,0.13343596458435059,0.13343596458435059,1,0.13343596458435059,0.13343596458435059,1,0.13343596458435059,0.13343596458435059,1,0.5554204390016317,0.5554204390016317
loo_brush,mamba,3,brush_Pose2_Exp5,brush,,39,0,0,1,0,0,1.2942123413085938,1.2942123413085938,0.999983549118042,0.999983549118042,0.0,0.0,0.0,46.36024405340879,0.7726580231084387,0.7726580231084387,0,,,0,,,0,,,0,,
loo_brush,mamba,3,brush_Pose2_Exp6,brush,0.8935291420439364,282,50,1,1,1,0,9.394383430480957,7.727756500244141,5.4333484172821045,7.099975347518921,0.5,0.5,0.5,6.386794880579856,0.7030951890254888,0.7557681033629504,1,0.0,0.0,1,0.0,0.0,1,-0.033191680908203125,-0.033191680908203125,1,0.03332439761595166,0.03332439761595166
loo_brush,mamba,3,brush_Pose2_Exp7,brush,,673,0,0,3,0,0,22.427759170532227,22.427759170532227,19.966904163360596,19.966904163360596,0.0,0.0,0.0,8.025768362828753,0.8902763763218511,0.8902763763218511,0,,,0,,,0,,,0,,
loo_brush,mamba,3,brush_Pose2_Exp8,brush,0.6940803138311973,662,148,4,5,0,0,22.061009645462036,17.127973079681396,7.066673278808594,11.233010530471802,0.6153846153846154,1.0,0.0,13.598652320144838,0.4125808258766859,0.5091793490413726,4,0.03332185745239258,0.18318560123443606,4,0.03332185745239258,0.18318560123443606,4,-0.01668870449066162,0.18318560123443606,4,0.19157171979905335,0.5483032903915565
loo_brush,mamba,3,brush_Pose2_Exp9,brush,0.34062149900724326,107,9,1,2,0,0,3.5613017082214355,3.2613587379455566,1.0334067344665527,1.266631841659546,0.5,1.0,0.0,33.695544447406476,0.3168638648802958,0.3556654126594963,1,0.0,0.0,1,0.0,0.0,1,-0.5667152404785156,-0.5667152404785156,1,0.1153157564620311,0.1153157564620311
loo_brush,mamba,3,brush_Pose3_Exp1,brush,0.988578386109753,108,19,1,1,0,0,3.5942976474761963,2.961090564727783,0.033435821533203125,0.633338451385498,0.6666666666666666,1.0,0.0,16.693108330115656,0.011291725397219291,0.1762064563100968,1,0.03354930877685547,0.03354930877685547,1,0.03354930877685547,0.03354930877685547,1,0.03354930877685547,0.03354930877685547,1,0.9474035370047326,0.9474035370047326
loo_brush,mamba,3,brush_Pose3_Exp10,brush,0.6859320175438597,99,8,2,1,0,1,3.294581651687622,3.0277276039123535,0.03341937065124512,0.16690444946289062,0.8,1.0,0.0,18.21172043778775,0.011037773215814213,0.050660286224017304,2,0.06659555435180664,0.11987199783325196,1,0.13319110870361328,0.13319110870361328,1,0.13319110870361328,0.13319110870361328,2,0.6666134255755104,0.9333226851151021
loo_brush,mamba,3,brush_Pose3_Exp2,brush,0.902220548112492,108,18,1,1,0,0,3.5943570137023926,2.9943509101867676,0.5331516265869141,1.0999653339385986,0.6666666666666666,1.0,0.0,16.692832618259192,0.17805248702586418,0.3060256200887434,1,0.0,0.0,1,0.0,0.0,1,-0.466602087020874,-0.466602087020874,1,0.5313478583390643,0.5313478583390643
loo_brush,mamba,3,brush_Pose3_Exp3,brush,0.7658819023104737,107,14,1,2,0,0,3.5608274936676025,3.094071388244629,0.3000149726867676,0.6001114845275879,0.5,1.0,0.0,33.700031864335465,0.09696446365995977,0.1685314679227781,1,0.10019826889038086,0.10019826889038086,1,0.10019826889038086,0.10019826889038086,1,0.10019826889038086,0.10019826889038086,1,0.285732309623914,0.285732309623914
loo_brush,mamba,3,brush_Pose3_Exp4,brush,0.8040535222353405,106,11,1,2,0,0,3.5277857780456543,3.161257028579712,0.1001284122467041,0.3663442134857178,0.5,1.0,0.0,34.01567089101379,0.03167360684103872,0.10384536832297893,1,0.06658554077148438,0.06658554077148438,1,0.06658554077148438,0.06658554077148438,1,0.06658554077148438,0.06658554077148438,1,0.363325967763653,0.363325967763653
loo_brush,mamba,3,brush_Pose3_Exp5,brush,0.7320803447068933,327,115,4,0,0,1,10.894315242767334,7.061072587966919,0.5668776035308838,3.2327840328216553,1.0,1.0,0.0,0.0,0.08028208129412585,0.296740452316898,4,0.050004005432128906,0.40327730178833016,3,0.10000801086425781,0.4466014862060547,3,0.10000801086425781,0.4466014862060547,4,0.3387241170586287,0.5114104514116735
loo_brush,mamba,3,brush_Pose3_Exp6,brush,0.35768568493977765,318,111,2,1,2,1,10.594680070877075,6.8941850662231445,3.9998390674591064,7.566789627075195,0.5714285714285714,0.5,0.5,5.6632196157512595,0.5801757610273068,0.7142065240719234,2,0.06661343574523926,0.11990418434143067,1,0.13322687149047852,0.13322687149047852,1,0.13322687149047852,0.13322687149047852,2,0.25657683371863793,0.39368580398802844
loo_brush,mamba,3,brush_Pose3_Exp7,brush,0.40782873458296726,292,130,3,4,0,1,9.727540731430054,5.394554615020752,2.9335215091705322,6.299774408340454,0.6,1.0,0.0,24.672217431539597,0.543793087385259,0.647622516550935,3,0.0,0.02660675048828125,2,0.01662921905517578,0.02993259429931641,2,-1.3166333436965942,-0.23671991825103755,3,0.17647942666377103,0.1951043388122678
loo_brush,mamba,3,brush_Pose3_Exp8,brush,0.888121174395684,107,15,1,2,0,0,3.561094284057617,3.06117582321167,0.26692724227905273,0.6667587757110596,0.5,1.0,0.0,33.69750712224008,0.08719761872384146,0.18723423827782923,1,0.09988069534301758,0.09988069534301758,1,0.09988069534301758,0.09988069534301758,1,0.09988069534301758,0.09988069534301758,1,0.799793495834148,0.799793495834148
loo_brush,mamba,3,brush_Pose3_Exp9,brush,0.6891959835393455,330,152,3,1,0,0,10.99442172050476,5.927415609359741,2.0994672775268555,4.999541997909546,0.8571428571428571,1.0,0.0,5.457312946991937,0.3541960638312036,0.45473442123702834,3,1.1334643363952637,1.5334429740905762,3,1.1334643363952637,1.5334429740905762,3,1.1334643363952637,1.5334429740905762,3,0.1250530207644734,0.3145630208266037
loo_brush,mamba,4,brush_Pose1_Exp1,brush,0.8828362995029662,105,9,1,2,0,0,3.4944260120391846,3.194287061691284,0.10000753402709961,0.400146484375,0.5,1.0,0.0,34.34040371339085,0.031308248787805706,0.1145099318160962,1,0.0,0.0,1,0.0,0.0,1,0.0,0.0,1,1.0,1.0
loo_brush,mamba,4,brush_Pose1_Exp10,brush,0.8097798054108265,101,14,1,1,0,0,3.3611581325531006,2.894446849822998,0.3664882183074951,0.8331995010375977,0.6666666666666666,1.0,0.0,17.85098993674083,0.1266177053242165,0.24789059847199393,1,0.0,0.0,1,0.0,0.0,1,-0.2994706630706787,-0.2994706630706787,1,0.6087459087127897,0.6087459087127897
loo_brush,mamba,4,brush_Pose1_Exp2,brush,0.5754263897004217,678,221,3,3,2,0,22.59455895423889,15.227728843688965,12.23412799835205,19.101465463638306,0.5454545454545454,0.6,0.4,7.966519743295578,0.8034112062234683,0.8454011207886287,3,0.0,0.18675842285156252,3,0.0,0.18675842285156252,3,-0.4334137439727783,0.10007567405700687,3,0.30819122424605017,0.3535447960388502
loo_brush,mamba,4,brush_Pose1_Exp3,brush,0.7675971065998605,590,197,2,2,2,0,19.661052942276,13.094152688980103,3.632880210876465,9.566970586776733,0.5,0.5,0.5,6.10343710239298,0.2774429393918598,0.4865950269736287,2,0.05000317096710205,0.06332838535308838,2,0.05000317096710205,0.06332838535308838,2,0.05000317096710205,0.06332838535308838,2,0.4043033277565588,0.4181443493149083
loo_brush,mamba,4,brush_Pose1_Exp4,brush,0.6353828512794031,108,20,1,2,0,0,3.594533681869507,2.927865982055664,0.5665857791900635,1.2332534790039062,0.5,1.0,0.0,33.38402436045288,0.1935149295297532,0.34309136821399727,1,0.0,0.0,1,0.0,0.0,1,-0.3333761692047119,-0.3333761692047119,1,0.6668028312698792,0.6668028312698792
loo_brush,mamba,4,brush_Pose1_Exp5,brush,1.0000000000000002,99,9,1,0,0,0,3.294464111328125,2.994659900665283,0.0,0.2998042106628418,1.0,1.0,0.0,0.0,0.0,0.09100242119255603,1,0.0,0.0,1,0.0,0.0,1,0.0,0.0,1,1.0,1.0
loo_brush,mamba,4,brush_Pose1_Exp6,brush,0.6343046160376818,116,23,1,1,0,0,3.8609840869903564,3.0942063331604004,0.5665686130523682,1.2001838684082031,0.6666666666666666,1.0,0.0,15.540079588043604,0.18310628059302012,0.3108492139224921,1,0.0,0.0,1,0.0,0.0,1,-0.5668020248413086,-0.5668020248413086,1,0.07515941106418285,0.07515941106418285
loo_brush,mamba,4,brush_Pose1_Exp7,brush,0.9989338950935118,152,69,1,0,0,0,5.061023712158203,2.761096477508545,0.0,2.1332507133483887,1.0,1.0,0.0,0.0,0.0,0.42150577327342603,1,0.16629505157470703,0.16629505157470703,1,0.16629505157470703,0.16629505157470703,1,0.16629505157470703,0.16629505157470703,1,0.9275296545081093,0.9275296545081093
loo_brush,mamba,4,brush_Pose1_Exp8,brush,1.0,89,7,1,0,0,0,2.9611339569091797,2.7275686264038086,0.5331408977508545,0.7667062282562256,1.0,1.0,0.0,0.0,0.19546378873472367,0.25892318260958064,1,0.0,0.0,1,0.0,0.0,1,-0.5334477424621582,-0.5334477424621582,1,0.304634711311248,0.304634711311248
loo_brush,mamba,4,brush_Pose1_Exp9,brush,0.9325396825396826,90,7,1,1,0,0,2.9944820404052734,2.7610766887664795,0.3999800682067871,0.633385419845581,0.6666666666666666,1.0,0.0,20.036854183930785,0.1448638025282375,0.21151752166122814,1,0.0,0.0,1,0.0,0.0,1,-0.36661696434020996,-0.36661696434020996,1,0.3890480934726739,0.3890480934726739
loo_brush,mamba,4,brush_Pose2_Exp1,brush,0.7349621522236311,113,19,1,2,0,0,3.7612528800964355,3.1281731128692627,0.06663656234741211,0.36665892601013184,0.5,1.0,0.0,31.904262708580042,0.021302069912074294,0.09748318916560883,1,0.09989523887634277,0.09989523887634277,1,0.09989523887634277,0.09989523887634277,1,0.09989523887634277,0.09989523887634277,1,0.4739092594552313,0.4739092594552313
loo_brush,mamba,4,brush_Pose2_Exp10,brush,0.480015355223107,128,33,1,3,0,0,4.261070489883423,3.161142587661743,0.23363542556762695,0.4003756046295166,0.4,1.0,0.0,42.24290596162481,0.07390853752675677,0.09396127230940747,1,0.16662359237670898,0.16662359237670898,1,0.16662359237670898,0.16662359237670898,1,0.16662359237670898,0.16662359237670898,1,0.12125441536799501,0.12125441536799501
loo_brush,mamba,4,brush_Pose2_Exp2,brush,0.7240618691650698,107,22,1,1,0,0,3.561084032058716,2.8278369903564453,0.43346524238586426,0.9999253749847412,0.6666666666666666,1.0,0.0,16.848802066968663,0.15328508816600014,0.2807924120809554,1,0.0,0.0,1,0.0,0.0,1,-0.43335771560668945,-0.43335771560668945,1,0.4284383962059415,0.4284383962059415
loo_brush,mamba,4,brush_Pose2_Exp3,brush,0.013774464549997366,675,12,1,2,1,0,22.494563341140747,22.09459400177002,17.70003342628479,17.966821670532227,0.4,0.5,0.5,5.334622334301091,0.8011024517973412,0.7987184013335504,1,0.0,0.0,1,0.0,0.0,1,-0.0998997688293457,-0.0998997688293457,1,0.011214192204814745,0.011214192204814745
loo_brush,mamba,4,brush_Pose2_Exp4,brush,0.26963681927786565,110,9,1,1,0,0,3.6612467765808105,3.3612749576568604,0.49993348121643066,0.7999053001403809,0.6666666666666666,1.0,0.0,16.387860109236666,0.14873328945541947,0.21847893598895884,1,0.0,0.0,1,0.0,0.0,1,-0.03331327438354492,-0.03331327438354492,1,0.8998822017332867,0.8998822017332867
loo_brush,mamba,4,brush_Pose2_Exp5,brush,,39,0,0,1,0,0,1.2942123413085938,1.2942123413085938,0.999983549118042,0.999983549118042,0.0,0.0,0.0,46.36024405340879,0.7726580231084387,0.7726580231084387,0,,,0,,,0,,,0,,
loo_brush,mamba,4,brush_Pose2_Exp6,brush,0.6154790628973731,282,50,2,0,0,0,9.394383430480957,7.727756500244141,4.000335931777954,5.46692681312561,1.0,1.0,0.0,0.0,0.5176581238877769,0.5819356697095899,2,0.0,0.0,2,0.0,0.0,2,-1.333412766456604,-1.1201855897903443,2,0.24497446692271493,0.37944564514025164
loo_brush,mamba,4,brush_Pose2_Exp7,brush,,673,0,0,1,0,0,22.427759170532227,22.427759170532227,20.033408880233765,20.033408880233765,0.0,0.0,0.0,2.675256120942918,0.8932416621699598,0.8932416621699598,0,,,0,,,0,,,0,,
loo_brush,mamba,4,brush_Pose2_Exp8,brush,0.21765043310238313,662,148,1,1,3,0,22.061009645462036,17.127973079681396,16.60047721862793,20.366857767105103,0.3333333333333333,0.25,0.75,2.719730464028968,0.9692026687221253,0.9232060587623458,1,1.166846752166748,1.166846752166748,1,1.166846752166748,1.166846752166748,1,1.166846752166748,1.166846752166748,1,0.07129505804399901,0.07129505804399901
loo_brush,mamba,4,brush_Pose2_Exp9,brush,0.2590903307110309,107,9,1,2,0,0,3.5613017082214355,3.2613587379455566,3.000152826309204,3.26680850982666,0.5,1.0,0.0,33.695544447406476,0.9199088684733605,0.9173074278669162,1,0.0,0.0,1,0.0,0.0,1,-0.5332460403442383,-0.5332460403442383,1,0.19996412747960932,0.19996412747960932
loo_brush,mamba,4,brush_Pose3_Exp1,brush,0.8430306689795668,108,19,1,2,0,0,3.5942976474761963,2.961090564727783,0.1333479881286621,0.5998067855834961,0.5,1.0,0.0,33.38621666023131,0.04503340415085243,0.16687732748139592,1,0.03354930877685547,0.03354930877685547,1,0.03354930877685547,0.03354930877685547,1,0.03354930877685547,0.03354930877685547,1,0.4209746511774139,0.4209746511774139
loo_brush,mamba,4,brush_Pose3_Exp10,brush,0.8717261904761905,99,8,2,0,0,1,3.294581651687622,3.0277276039123535,0.0,0.1334850788116455,1.0,1.0,0.0,0.0,0.0,0.04051654896556256,2,0.06659555435180664,0.11987199783325196,1,0.13319110870361328,0.13319110870361328,1,0.13319110870361328,0.13319110870361328,2,0.6666134255755104,0.9333226851151021
loo_brush,mamba,4,brush_Pose3_Exp2,brush,0.8810717986746909,108,18,1,0,0,0,3.5943570137023926,2.9943509101867676,0.43318700790405273,1.0331931114196777,1.0,1.0,0.0,0.0,0.14466808363386957,0.287448661187785,1,0.0,0.0,1,0.0,0.0,1,-0.43333983421325684,-0.43333983421325684,1,0.5807298721641453,0.5807298721641453
loo_brush,mamba,4,brush_Pose3_Exp3,brush,0.9095887445887445,107,14,1,0,0,0,3.5608274936676025,3.094071388244629,0.0,0.26670289039611816,1.0,1.0,0.0,0.0,0.0,0.0748991325388296,1,0.16663241386413574,0.16663241386413574,1,0.16663241386413574,0.16663241386413574,1,0.16663241386413574,0.16663241386413574,1,0.5713966829730752,0.5713966829730752
loo_brush,mamba,4,brush_Pose3_Exp4,brush,0.5999268718704456,106,11,1,0,0,0,3.5277857780456543,3.161257028579712,0.0,0.10003399848937988,1.0,1.0,0.0,0.0,0.0,0.028356029754390975,1,0.1332530975341797,0.1332530975341797,1,0.1332530975341797,0.1332530975341797,1,0.1332530975341797,0.1332530975341797,1,0.27292265241167657,0.27292265241167657
loo_brush,mamba,4,brush_Pose3_Exp5,brush,0.4231775338081264,327,115,3,0,1,1,10.894315242767334,7.061072587966919,0.0,0.3328075408935547,0.8571428571428571,0.75,0.25,0.0,0.0,0.030548734223062205,3,0.16681408882141113,0.1934957981109619,2,0.18349015712738037,0.19683101177215576,2,0.18349015712738037,0.19683101177215576,3,0.3740579475659716,0.4382346479730756
loo_brush,mamba,4,brush_Pose3_Exp6,brush,0.848039139924891,318,111,4,0,0,1,10.594680070877075,6.8941850662231445,1.0998260974884033,4.166699409484863,1.0,1.0,0.0,0.0,0.15952952915012525,0.3932822304788978,4,0.0,0.11663935184478763,3,0.0,0.133302116394043,3,-0.06668734550476074,0.11996464729309084,4,0.3075868585880181,0.5759896532864379
loo_brush,mamba,4,brush_Pose3_Exp7,brush,0.423198403639059,292,130,3,2,0,1,9.727540731430054,5.394554615020752,2.733599901199341,5.400339603424072,0.75,1.0,0.0,12.336108715769798,0.5067331960247149,0.5551598037493043,3,0.0,0.0,2,0.0,0.0,2,-1.4500949382781982,-0.5035228252410888,3,0.17647942666377103,0.3427145063389185
loo_brush,mamba,4,brush_Pose3_Exp8,brush,0.9246037435284747,107,15,1,0,0,0,3.561094284057617,3.06117582321167,0.0,0.39983153343200684,1.0,1.0,0.0,0.0,0.0,0.11227771621267686,1,0.09988069534301758,0.09988069534301758,1,0.09988069534301758,0.09988069534301758,1,0.09988069534301758,0.09988069534301758,1,0.799793495834148,0.799793495834148
loo_brush,mamba,4,brush_Pose3_Exp9,brush,0.7492936641285878,330,152,2,0,1,0,10.99442172050476,5.927415609359741,0.19933652877807617,0.6994619369506836,0.8,0.6666666666666666,0.3333333333333333,0.0,0.03362958528895999,0.06361971140748372,2,0.5334399938583374,0.9601919889450073,2,0.5334399938583374,0.9601919889450073,2,0.5001534223556519,0.9535346746444703,2,0.286642854190167,0.4079495064397578
loo_screwDriver,gru,0,screwDriver_Pose1_Exp1,screwDriver,,689,0,0,3,0,0,22.960466384887695,22.960466384887695,20.126312971115112,20.126312971115112,0.0,0.0,0.0,7.839562009875977,0.8765637698179342,0.8765637698179342,0,,,0,,,0,,,0,,
loo_screwDriver,gru,0,screwDriver_Pose1_Exp10,screwDriver,0.7020187069754711,671,253,1,1,3,0,22.36756706237793,13.924768209457397,11.52481198310852,19.967610836029053,0.3333333333333333,0.25,0.75,2.682455352997221,0.8276483895280297,0.892703742894524,1,0.0,0.0,1,0.0,0.0,1,-0.6662073135375977,-0.6662073135375977,1,0.19221859167453884,0.19221859167453884
loo_screwDriver,gru,0,screwDriver_Pose1_Exp2,screwDriver,0.5705457872808968,667,266,2,2,12,0,22.228798627853394,13.363393068313599,11.196835279464722,19.09434461593628,0.2222222222222222,0.14285714285714285,0.8571428571428571,5.398402406220739,0.8378736764103664,0.85899129933232,2,0.1834017038345337,0.33012306690216064,2,0.1834017038345337,0.33012306690216064,2,-0.14963579177856445,0.26351556777954105,2,0.11819665182841821,0.19148275175345486
loo_screwDriver,gru,0,screwDriver_Pose1_Exp3,screwDriver,0.7128492862277209,628,301,1,0,12,0,20.927590131759644,10.89095139503479,8.563737630844116,18.60037636756897,0.14285714285714285,0.07692307692307693,0.9230769230769231,0.0,0.7863167615226292,0.8887968586187618,1,0.0,0.0,1,0.0,0.0,1,-0.6341967582702637,-0.6341967582702637,1,0.07887564021944166,0.07887564021944166
loo_screwDriver,gru,0,screwDriver_Pose1_Exp4,screwDriver,0.7456263795091423,426,191,1,1,4,0,14.194093227386475,7.827601432800293,5.395877122879028,11.76236891746521,0.2857142857142857,0.2,0.8,4.227110463402787,0.6893397893598008,0.8286805454236816,1,0.0,0.0,1,0.0,0.0,1,-0.6353576183319092,-0.6353576183319092,1,0.12782952219566587,0.12782952219566587
loo_screwDriver,gru,0,screwDriver_Pose1_Exp5,screwDriver,0.740822369010319,423,199,1,1,3,0,14.09473705291748,7.460556745529175,5.0280890464782715,11.662269353866577,0.3333333333333333,0.25,0.75,4.256908076733546,0.673956276720422,0.827420143425279,1,0.0,0.0,1,0.0,0.0,1,-0.4656977653503418,-0.4656977653503418,1,0.35529082363582387,0.35529082363582387
loo_screwDriver,gru,0,screwDriver_Pose1_Exp6,screwDriver,0.27737609930119483,613,217,1,1,4,0,20.428168296813965,13.19499158859253,10.99458622932434,18.227762937545776,0.2857142857142857,0.2,0.8,2.937120897391362,0.8332393511208824,0.8922857239426909,1,0.0,0.0,1,0.0,0.0,1,-0.8341577053070068,-0.8341577053070068,1,0.17578169371988947,0.17578169371988947
loo_screwDriver,gru,0,screwDriver_Pose1_Exp7,screwDriver,0.7622950463851287,359,189,1,1,1,0,11.95963168144226,5.661576747894287,4.527994394302368,10.294143915176392,0.5,0.5,0.5,5.0168769070958845,0.7997762100436892,0.8607408814395009,1,0.0,0.0,1,0.0,0.0,1,-0.7656610012054443,-0.7656610012054443,1,0.46534841477870953,0.46534841477870953
loo_screwDriver,gru,0,screwDriver_Pose1_Exp8,screwDriver,0.26169105061588666,684,233,1,1,3,0,22.793704748153687,15.029102087020874,12.629543542861938,20.39414620399475,0.3333333333333333,0.25,0.75,2.6323057468251214,0.8403391945663079,0.8947271375727852,1,0.0,0.0,1,0.0,0.0,1,-0.6329982280731201,-0.6329982280731201,1,0.20129899798958745,0.20129899798958745
loo_screwDriver,gru,0,screwDriver_Pose1_Exp9,screwDriver,0.6104130162324636,688,308,1,1,3,0,22.927485466003418,12.661098003387451,10.095505952835083,20.36189341545105,0.3333333333333333,0.25,0.75,2.61694637595419,0.7973641741130233,0.8880997196855017,1,0.0,0.0,1,0.0,0.0,1,-0.5671186447143555,-0.5671186447143555,1,0.19671376349908798,0.19671376349908798
loo_screwDriver,gru,0,screwDriver_Pose2_Exp1,screwDriver,,638,0,0,2,0,0,21.261131048202515,21.261131048202515,0.32853150367736816,0.32853150367736816,0.0,0.0,0.0,5.644102363507382,0.0154522119699339,0.0154522119699339,0,,,0,,,0,,,0,,
loo_screwDriver,gru,0,screwDriver_Pose2_Exp10,screwDriver,0.9081580410090491,110,23,1,1,0,0,3.6579785346984863,2.891040325164795,0.623384952545166,1.3903231620788574,0.6666666666666666,1.0,0.0,16.402501936754962,0.21562651586661347,0.3800796393118957,1,0.0,0.0,1,0.0,0.0,1,-0.5659840106964111,-0.5659840106964111,1,0.5757747914838716,0.5757747914838716
loo_screwDriver,gru,0,screwDriver_Pose2_Exp2,screwDriver,0.1688961896453019,336,63,1,1,2,0,11.199584484100342,9.101563215255737,6.702436447143555,8.80045771598816,0.4,0.3333333333333333,0.6666666666666666,5.35734161255535,0.7364049766647947,0.7857843055232863,1,0.0,0.0,1,0.0,0.0,1,-0.9345855712890625,-0.9345855712890625,1,0.10234985474907948,0.10234985474907948
loo_screwDriver,gru,0,screwDriver_Pose2_Exp3,screwDriver,0.48347651523687896,406,109,2,2,1,0,13.53429102897644,9.90089225769043,5.864846229553223,8.728779315948486,0.5714285714285714,0.6666666666666666,0.3333333333333333,8.866367639286329,0.59235532282434,0.644938053811646,2,0.2661914825439453,0.32010631561279296,2,0.2661914825439453,0.32010631561279296,2,0.2661914825439453,0.32010631561279296,2,0.3696039797526645,0.5762591547715166
loo_screwDriver,gru,0,screwDriver_Pose2_Exp4,screwDriver,0.2373188533968953,385,93,1,1,3,0,12.828332901000977,9.727771043777466,5.961636066436768,8.895002126693726,0.3333333333333333,0.25,0.75,4.677147097992623,0.6128470786995166,0.6933872230583961,1,0.0,0.0,1,0.0,0.0,1,-0.8999273777008057,-0.8999273777008057,1,0.13159866021908057,0.13159866021908057
loo_screwDriver,gru,0,screwDriver_Pose2_Exp5,screwDriver,0.8738570071903407,109,18,1,1,0,0,3.628373384475708,3.0278735160827637,0.7581701278686523,1.3586699962615967,0.6666666666666666,1.0,0.0,16.536335608875014,0.2503968953265644,0.37445705066484536,1,0.0,0.0,1,0.0,0.0,1,-0.7014153003692627,-0.7014153003692627,1,0.46273404668495793,0.46273404668495793
loo_screwDriver,gru,0,screwDriver_Pose2_Exp6,screwDriver,0.8520065386010389,303,110,1,1,1,0,10.092660427093506,6.427246332168579,2.3589937686920166,5.559314012527466,0.5,0.5,0.5,5.944914171384528,0.36703024075569896,0.5508274109375185,1,0.0,0.0,1,0.0,0.0,1,-0.9336981773376465,-0.9336981773376465,1,0.5820201679106953,0.5820201679106953
loo_screwDriver,gru,0,screwDriver_Pose2_Exp7,screwDriver,0.8105779765663252,355,153,1,1,1,0,11.828151226043701,6.728988170623779,4.061441898345947,8.194617509841919,0.5,0.5,0.5,5.072643970588538,0.6035739394039461,0.6928062850429811,1,0.0,0.0,1,0.0,0.0,1,-0.765514612197876,-0.765514612197876,1,0.4385289129159172,0.4385289129159172
loo_screwDriver,gru,0,screwDriver_Pose2_Exp8,screwDriver,0.7411752882065725,299,110,1,1,1,0,9.959246158599854,6.2929911613464355,1.2610690593719482,4.361283540725708,0.5,0.5,0.5,6.024552365159659,0.2003926315863651,0.4379130178401826,1,0.0,0.0,1,0.0,0.0,1,-0.8337020874023438,-0.8337020874023438,1,0.7209818388925286,0.7209818388925286
loo_screwDriver,gru,0,screwDriver_Pose2_Exp9,screwDriver,,627,0,0,2,0,0,20.91916060447693,20.91916060447693,0.29535531997680664,0.29535531997680664,0.0,0.0,0.0,5.736367833722673,0.01411888964194851,0.01411888964194851,0,,,0,,,0,,,0,,
loo_screwDriver,gru,0,screwDriver_Pose3_Exp1,screwDriver,0.2758985161130611,125,36,1,2,0,0,4.156215667724609,2.956183910369873,0.7563111782073975,1.2897934913635254,0.5,1.0,0.0,28.872418948773184,0.25584036756115386,0.31032881700040477,1,0.0,0.0,1,0.0,0.0,1,-0.7333004474639893,-0.7333004474639893,1,0.08628063620380098,0.08628063620380098
loo_screwDriver,gru,0,screwDriver_Pose3_Exp10,screwDriver,0.4245979484145337,668,268,1,1,3,0,22.261112451553345,13.32762360572815,10.927510976791382,19.860999822616577,0.3333333333333333,0.25,0.75,2.695283092009775,0.8199144348655517,0.8921836168717934,1,0.0,0.0,1,0.0,0.0,1,-0.6666340827941895,-0.6666340827941895,1,0.18655922697081534,0.18655922697081534
loo_screwDriver,gru,0,screwDriver_Pose3_Exp2,screwDriver,0.5703021065091345,671,289,1,1,6,0,22.3610782623291,12.727337837219238,10.427466630935669,20.061207056045532,0.2222222222222222,0.14285714285714285,0.8571428571428571,2.683233755372156,0.8192967582303086,0.8971484657715242,1,0.0,0.0,1,0.0,0.0,1,-0.6664867401123047,-0.6664867401123047,1,0.02667768557603703,0.02667768557603703
loo_screwDriver,gru,0,screwDriver_Pose3_Exp3,screwDriver,0.7236584685013162,702,271,2,3,3,0,23.39466118812561,14.361364841461182,9.494302034378052,18.127516508102417,0.4,0.4,0.6,7.694063126306881,0.6611002602599478,0.7748569796472783,2,0.19999480247497559,0.35999064445495604,2,0.19999480247497559,0.35999064445495604,2,-0.3665614128112793,0.2466794013977051,2,0.27491400748124284,0.38778846653922955
loo_screwDriver,gru,0,screwDriver_Pose3_Exp4,screwDriver,0.7176604597958511,695,260,3,4,2,0,23.16088080406189,14.493991374969482,8.694414377212524,14.628154039382935,0.5,0.6,0.4,10.362300209148758,0.5998633607735834,0.6315888485906586,3,0.0,0.3467916488647461,3,0.0,0.3467916488647461,3,-0.7997786998748779,0.18683590888977056,3,0.2870579321699612,0.35622121403116075
loo_screwDriver,gru,0,screwDriver_Pose3_Exp5,screwDriver,0.3412601989965677,660,185,1,1,7,0,21.994316339492798,15.82801628112793,13.261452436447144,19.160918474197388,0.2,0.125,0.875,2.7279774953615874,0.8378467775686488,0.8711759064678093,1,0.0,0.0,1,0.0,0.0,1,-0.6333990097045898,-0.6333990097045898,1,0.017414001505626137,0.017414001505626137
loo_screwDriver,gru,0,screwDriver_Pose3_Exp6,screwDriver,0.7109078257239925,702,309,1,2,6,0,23.39455533027649,13.09459137916565,8.961236000061035,18.594621181488037,0.2,0.14285714285714285,0.8571428571428571,5.129398627410533,0.6843463641270202,0.7948268697128631,1,0.3999805450439453,0.3999805450439453,1,0.3999805450439453,0.3999805450439453,1,0.3999805450439453,0.3999805450439453,1,0.18327192727035127,0.18327192727035127
loo_screwDriver,gru,0,screwDriver_Pose3_Exp7,screwDriver,0.3080002621768476,626,196,3,1,4,0,20.861063957214355,14.327000141143799,6.49479341506958,9.294586896896362,0.5454545454545454,0.42857142857142855,0.5714285714285714,2.8761716144036975,0.45332542410033555,0.4455471166743644,3,0.0,1.7333267211914063,3,0.0,1.7333267211914063,3,-0.6001615524291992,1.6132944107055667,3,0.3235119848574241,0.5325938659042827
loo_screwDriver,gru,0,screwDriver_Pose3_Exp8,screwDriver,0.43639054760618695,489,204,2,1,3,0,16.29474401473999,9.493213891983032,6.559221267700195,11.560768842697144,0.5,0.4,0.6,3.682168921814596,0.6909378996758329,0.7094783957476987,2,0.8334513902664185,1.5002125024795532,2,0.8334513902664185,1.5002125024795532,2,0.5668247938156128,1.4468871831893921,2,0.29887182091873016,0.5197627313113549
loo_screwDriver,gru,0,screwDriver_Pose3_Exp9,screwDriver,0.3957512798574179,679,240,1,2,6,0,22.62770962715149,14.627729415893555,11.894469261169434,19.894449472427368,0.2,0.14285714285714285,0.8571428571428571,5.303232274821546,0.8131452888543087,0.8792073877665275,1,0.0,0.0,1,0.0,0.0,1,-0.7335505485534668,-0.7335505485534668,1,0.02184676716079625,0.02184676716079625
loo_screwDriver,gru,1,screwDriver_Pose1_Exp1,screwDriver,,689,0,0,1,0,0,22.960466384887695,22.960466384887695,20.032676935195923,20.032676935195923,0.0,0.0,0.0,2.6131873366253258,0.8724856280960038,0.8724856280960038,0,,,0,,,0,,,0,,
loo_screwDriver,gru,1,screwDriver_Pose1_Exp10,screwDriver,0.7123606257820262,671,253,2,0,2,0,22.36756706237793,13.924768209457397,7.097166061401367,13.766823768615723,0.6666666666666666,0.5,0.5,0.0,0.5096792962471811,0.6154815018648769,2,0.03314387798309326,0.05965898036956787,2,0.03314387798309326,0.05965898036956787,2,-0.2831989526748657,-0.0036095857620239147,2,0.2076875910832692,0.35334656364381417
loo_screwDriver,gru,1,screwDriver_Pose1_Exp2,screwDriver,0.7020569903261491,667,266,1,1,13,0,22.228798627853394,13.363393068313599,6.765938997268677,13.033700704574585,0.125,0.07142857142857142,0.9285714285714286,2.6992012031103694,0.5063039725525719,0.5863430103794698,1,0.0,0.0,1,0.0,0.0,1,-0.6323556900024414,-0.6323556900024414,1,0.3045119794401304,0.3045119794401304
loo_screwDriver,gru,1,screwDriver_Pose1_Exp3,screwDriver,0.7270467639682561,628,301,1,0,12,0,20.927590131759644,10.89095139503479,8.496582269668579,18.533221006393433,0.14285714285714285,0.07692307692307693,0.9230769230769231,0.0,0.7801506003912744,0.885587919569749,1,0.0,0.0,1,0.0,0.0,1,-0.567368745803833,-0.567368745803833,1,0.07916144710131401,0.07916144710131401
loo_screwDriver,gru,1,screwDriver_Pose1_Exp4,screwDriver,0.7890547279339818,426,191,1,0,4,0,14.194093227386475,7.827601432800293,5.301765203475952,11.668256998062134,0.3333333333333333,0.2,0.8,0.0,0.6773167041004113,0.8220501874363539,1,0.0,0.0,1,0.0,0.0,1,-0.5686328411102295,-0.5686328411102295,1,0.1285544565525731,0.1285544565525731
loo_screwDriver,gru,1,screwDriver_Pose1_Exp5,screwDriver,0.867561183692606,423,199,1,0,3,0,14.09473705291748,7.460556745529175,4.965224504470825,11.59940481185913,0.4,0.25,0.75,0.0,0.66553002327156,0.8229600004817516,1,0.0,0.0,1,0.0,0.0,1,-0.43361687660217285,-0.43361687660217285,1,0.35634557915358295,0.35634557915358295
loo_screwDriver,gru,1,screwDriver_Pose1_Exp6,screwDriver,0.7300837514079238,613,217,1,0,4,0,20.428168296813965,13.19499158859253,10.900524377822876,18.067060470581055,0.3333333333333333,0.2,0.8,0.0,0.8261107485090563,0.8844190143762838,1,0.0,0.0,1,0.0,0.0,1,-0.7673592567443848,-0.7673592567443848,1,0.17707064397900288,0.17707064397900288
loo_screwDriver,gru,1,screwDriver_Pose1_Exp7,screwDriver,0.8402279520398812,359,189,2,0,0,0,11.95963168144226,5.661576747894287,3.301037073135376,8.698333024978638,1.0,1.0,0.0,0.0,0.5830596704995887,0.7273077680540803,2,0.0,0.0,2,0.0,0.0,2,-3.4494071006774902,-1.2223443031311034,2,0.12110078004212835,0.1694732817809106
loo_screwDriver,gru,1,screwDriver_Pose1_Exp8,screwDriver,0.47070999312321543,684,233,1,0,3,0,22.793704748153687,15.029102087020874,12.535278558731079,20.29988121986389,0.4,0.25,0.75,0.0,0.8340670311606001,0.8905915665819178,1,0.0,0.0,1,0.0,0.0,1,-0.5666091442108154,-0.5666091442108154,1,0.20195836052701055,0.20195836052701055
loo_screwDriver,gru,1,screwDriver_Pose1_Exp9,screwDriver,0.5874903856893288,688,308,1,0,3,0,22.927485466003418,12.661098003387451,10.033922672271729,20.300310134887695,0.4,0.25,0.75,0.0,0.7925001978175331,0.8854137173040076,1,0.0,0.0,1,0.0,0.0,1,-0.5335452556610107,-0.5335452556610107,1,0.19703827107031346,0.19703827107031346
loo_screwDriver,gru,1,screwDriver_Pose2_Exp1,screwDriver,,638,0,0,1,0,0,21.261131048202515,21.261131048202515,0.20012426376342773,0.20012426376342773,0.0,0.0,0.0,2.822051181753691,0.009412681917519476,0.009412681917519476,0,,,0,,,0,,,0,,
loo_screwDriver,gru,1,screwDriver_Pose2_Exp10,screwDriver,0.8520993489166422,110,23,1,0,0,0,3.6579785346984863,2.891040325164795,0.5650725364685059,1.3320107460021973,1.0,1.0,0.0,0.0,0.19545646995992547,0.3641384806846577,1,0.0,0.0,1,0.0,0.0,1,-0.5659840106964111,-0.5659840106964111,1,0.5757747914838716,0.5757747914838716
loo_screwDriver,gru,1,screwDriver_Pose2_Exp2,screwDriver,0.14549528072696719,336,63,2,0,1,0,11.199584484100342,9.101563215255737,6.707436800003052,8.604905843734741,0.8,0.6666666666666666,0.3333333333333333,0.0,0.736954371613908,0.7683236691460138,2,0.0,0.0,2,0.0,0.0,2,-3.470489025115967,-1.4685618400573728,2,0.17756624628503295,0.23411363891297987
loo_screwDriver,gru,1,screwDriver_Pose2_Exp3,screwDriver,0.5898277550210651,406,109,2,1,1,0,13.53429102897644,9.90089225769043,6.068593978881836,8.470714569091797,0.6666666666666666,0.6666666666666666,0.3333333333333333,4.4331838196431645,0.6129340488649505,0.625870579475223,2,0.43424320220947266,0.5940952301025391,2,0.43424320220947266,0.5940952301025391,2,0.43424320220947266,0.5940952301025391,2,0.20272703179674706,0.27754649282242216
loo_screwDriver,gru,1,screwDriver_Pose2_Exp4,screwDriver,0.35416213689176645,385,93,1,1,3,0,12.828332901000977,9.727771043777466,5.265821695327759,7.834311008453369,0.3333333333333333,0.25,0.75,4.677147097992623,0.5413184245013796,0.6107037499659889,1,0.0,0.0,1,0.0,0.0,1,0.0,0.0,1,0.16665063909815914,0.16665063909815914
loo_screwDriver,gru,1,screwDriver_Pose2_Exp5,screwDriver,0.9286140979689368,109,18,1,0,0,0,3.628373384475708,3.0278735160827637,0.6972215175628662,1.2977213859558105,1.0,1.0,0.0,0.0,0.2302677155632575,0.35765927274966175,1,0.0,0.0,1,0.0,0.0,1,-0.7014153003692627,-0.7014153003692627,1,0.46273404668495793,0.46273404668495793
loo_screwDriver,gru,1,screwDriver_Pose2_Exp6,screwDriver,0.7716837001219892,303,110,1,0,1,0,10.092660427093506,6.427246332168579,1.8325691223144531,5.032889366149902,0.6666666666666666,0.5,0.5,0.0,0.2851250796382868,0.49866825526391745,1,0.0,0.0,1,0.0,0.0,1,-0.9009206295013428,-0.9009206295013428,1,0.6358813021720869,0.6358813021720869
loo_screwDriver,gru,1,screwDriver_Pose2_Exp7,screwDriver,0.7786765655519934,355,153,1,0,1,0,11.828151226043701,6.728988170623779,3.9336395263671875,7.966407060623169,0.6666666666666666,0.5,0.5,0.0,0.5845811326493293,0.6735124457220679,1,0.0,0.0,1,0.0,0.0,1,-0.6989972591400146,-0.6989972591400146,1,0.44771218895050696,0.44771218895050696
loo_screwDriver,gru,1,screwDriver_Pose2_Exp8,screwDriver,0.6478502482695739,299,110,1,0,1,0,9.959246158599854,6.2929911613464355,0.9338011741638184,4.034015655517578,0.6666666666666666,0.5,0.5,0.0,0.14838749177013372,0.405052309308992,1,0.0,0.0,1,0.0,0.0,1,-0.8337020874023438,-0.8337020874023438,1,0.7685182076855355,0.7685182076855355
loo_screwDriver,gru,1,screwDriver_Pose2_Exp9,screwDriver,,627,0,0,1,0,0,20.91916060447693,20.91916060447693,0.20041108131408691,0.20041108131408691,0.0,0.0,0.0,2.8681839168613363,0.00958026400309756,0.00958026400309756,0,,,0,,,0,,,0,,
loo_screwDriver,gru,1,screwDriver_Pose3_Exp1,screwDriver,0.3360063102704793,125,36,1,1,0,0,4.156215667724609,2.956183910369873,0.6666927337646484,1.1335675716400146,0.6666666666666666,1.0,0.0,14.436209474386592,0.22552478261788284,0.27274031529278303,1,0.0,0.0,1,0.0,0.0,1,-0.6665740013122559,-0.6665740013122559,1,0.08935847379371387,0.08935847379371387
loo_screwDriver,gru,1,screwDriver_Pose3_Exp10,screwDriver,0.7869176216797287,668,268,1,0,3,0,22.261112451553345,13.32762360572815,10.83320140838623,19.766690254211426,0.4,0.25,0.75,0.0,0.8128381869765718,0.887947100452841,1,0.0,0.0,1,0.0,0.0,1,-0.633155107498169,-0.633155107498169,1,0.18718703980343976,0.18718703980343976
loo_screwDriver,gru,1,screwDriver_Pose3_Exp2,screwDriver,0.5043856411493758,671,289,2,0,5,0,22.3610782623291,12.727337837219238,8.299570798873901,14.16638445854187,0.4444444444444444,0.2857142857142857,0.7142857142857143,0.0,0.6521057981664492,0.6335286828456508,2,1.3167555332183838,2.370159959793091,2,1.3167555332183838,2.370159959793091,2,1.0001564025878906,2.3068401336669924,2,0.04979362336626436,0.06138652280745903
loo_screwDriver,gru,1,screwDriver_Pose3_Exp3,screwDriver,0.7027330779972691,702,271,2,1,3,0,23.39466118812561,14.361364841461182,6.799771547317505,12.03284502029419,0.5,0.4,0.6,2.5646877087689606,0.473476694059509,0.5143414954178384,2,0.050026774406433105,0.09004819393157959,2,0.050026774406433105,0.09004819393157959,2,-0.9167400598526001,-0.103305172920227,2,0.2307224897106276,0.2594812932322906
loo_screwDriver,gru,1,screwDriver_Pose3_Exp4,screwDriver,0.6819026923610786,695,260,3,2,2,0,23.16088080406189,14.493991374969482,3.266974449157715,7.700548887252808,0.6,0.6,0.4,5.181150104574379,0.22540198656386973,0.3324808306039167,3,0.0,0.3467916488647461,3,0.0,0.3467916488647461,3,0.0,0.3467916488647461,3,0.5812645326258358,0.7161479245276136
loo_screwDriver,gru,1,screwDriver_Pose3_Exp5,screwDriver,0.30144539137297244,660,185,1,0,7,0,21.994316339492798,15.82801628112793,13.433698177337646,19.599998235702515,0.2222222222222222,0.125,0.875,0.0,0.84872911037847,0.8911392349353879,1,0.0,0.0,1,0.0,0.0,1,-0.5667412281036377,-0.5667412281036377,1,0.016999380026489038,0.016999380026489038
loo_screwDriver,gru,1,screwDriver_Pose3_Exp6,screwDriver,0.7000189791059603,702,309,3,2,4,0,23.39455533027649,13.09459137916565,4.829869508743286,9.897125005722046,0.5,0.42857142857142855,0.5714285714285714,5.129398627410533,0.36884461445875466,0.42305249516384275,3,0.0,0.0,3,0.0,0.0,3,-0.6666381359100342,-0.5599298000335693,3,0.06551482444416185,0.47020025890285955
loo_screwDriver,gru,1,screwDriver_Pose3_Exp7,screwDriver,0.3145539665512195,626,196,2,1,5,0,20.861063957214355,14.327000141143799,5.766830921173096,7.300094366073608,0.4,0.2857142857142857,0.7142857142857143,2.8761716144036975,0.40251489246601624,0.34993873663615443,2,1.116652011871338,2.0099736213684083,2,1.116652011871338,2.0099736213684083,2,0.18341171741485596,1.8233255624771119,2,0.06336327842943117,0.07483836558793676
loo_screwDriver,gru,1,screwDriver_Pose3_Exp8,screwDriver,0.3253069845659442,489,204,2,0,3,0,16.29474401473999,9.493213891983032,6.166259288787842,11.63405442237854,0.5714285714285714,0.4,0.6,0.0,0.6495439119933044,0.7139758938130322,2,0.6499714851379395,1.169948673248291,2,0.6499714851379395,1.169948673248291,2,0.5499962568283081,1.1499536275863647,2,0.4323813542394307,0.7350761567216427
loo_screwDriver,gru,1,screwDriver_Pose3_Exp9,screwDriver,0.6446291043241661,679,240,1,0,6,0,22.62770962715149,14.627729415893555,11.866610527038574,19.86659073829651,0.25,0.14285714285714285,0.8571428571428571,0.0,0.8112407735779604,0.8779762099500406,1,0.0,0.0,1,0.0,0.0,1,-0.6667001247406006,-0.6667001247406006,1,0.02181013893523768,0.02181013893523768
loo_screwDriver,gru,2,screwDriver_Pose1_Exp1,screwDriver,,689,0,0,1,0,0,22.960466384887695,22.960466384887695,19.065436601638794,19.065436601638794,0.0,0.0,0.0,2.6131873366253258,0.8303592915772581,0.8303592915772581,0,,,0,,,0,,,0,,
loo_screwDriver,gru,2,screwDriver_Pose1_Exp10,screwDriver,0.8225507538471717,671,253,2,0,2,0,22.36756706237793,13.924768209457397,4.566827058792114,12.305985927581787,0.6666666666666666,0.5,0.5,0.0,0.32796431438552964,0.5501709637558373,2,0.018487095832824707,0.03327677249908447,2,0.018487095832824707,0.03327677249908447,2,-0.23115777969360352,-0.016652202606201157,2,0.6291197960536609,0.8512741834871351
loo_screwDriver,gru,2,screwDriver_Pose1_Exp2,screwDriver,0.6422332894092403,667,266,2,1,12,0,22.228798627853394,13.363393068313599,9.233128786087036,17.19932198524475,0.23529411764705882,0.14285714285714285,0.8571428571428571,2.6992012031103694,0.6909269778182329,0.7737405099209209,2,0.0,0.0,2,0.0,0.0,2,-0.4825246334075928,-0.44274630546569826,2,0.14284360605889435,0.22479445771177592
loo_screwDriver,gru,2,screwDriver_Pose1_Exp3,screwDriver,0.4981830053805105,628,301,1,0,12,0,20.927590131759644,10.89095139503479,8.496582269668579,18.533221006393433,0.14285714285714285,0.07692307692307693,0.9230769230769231,0.0,0.7801506003912744,0.885587919569749,1,0.0,0.0,1,0.0,0.0,1,-0.567368745803833,-0.567368745803833,1,0.07916144710131401,0.07916144710131401
loo_screwDriver,gru,2,screwDriver_Pose1_Exp4,screwDriver,0.8400479808668126,426,191,1,0,4,0,14.194093227386475,7.827601432800293,5.301765203475952,11.668256998062134,0.3333333333333333,0.2,0.8,0.0,0.6773167041004113,0.8220501874363539,1,0.0,0.0,1,0.0,0.0,1,-0.5686328411102295,-0.5686328411102295,1,0.1285544565525731,0.1285544565525731
loo_screwDriver,gru,2,screwDriver_Pose1_Exp5,screwDriver,0.8595146351803864,423,199,1,0,3,0,14.09473705291748,7.460556745529175,4.965224504470825,11.59940481185913,0.4,0.25,0.75,0.0,0.66553002327156,0.8229600004817516,1,0.0,0.0,1,0.0,0.0,1,-0.43361687660217285,-0.43361687660217285,1,0.35634557915358295,0.35634557915358295
loo_screwDriver,gru,2,screwDriver_Pose1_Exp6,screwDriver,0.525144707324877,613,217,2,0,3,0,20.428168296813965,13.19499158859253,7.100439548492432,14.100161790847778,0.5714285714285714,0.4,0.6,0.0,0.5381162618270237,0.6902313308749704,2,0.11645233631134033,0.20961420536041261,2,0.11645233631134033,0.20961420536041261,2,0.11645233631134033,0.20961420536041261,2,0.604917331143862,0.9209834662287724
loo_screwDriver,gru,2,screwDriver_Pose1_Exp7,screwDriver,0.6262619286066251,359,189,1,0,1,0,11.95963168144226,5.661576747894287,2.6337106227874756,7.032519578933716,0.6666666666666666,0.5,0.5,0.0,0.46519030652848303,0.5880214179042038,1,1.0000579357147217,1.0000579357147217,1,1.0000579357147217,1.0000579357147217,1,1.0000579357147217,1.0000579357147217,1,0.40659125152989856,0.40659125152989856
loo_screwDriver,gru,2,screwDriver_Pose1_Exp8,screwDriver,0.736921137684088,684,233,1,0,3,0,22.793704748153687,15.029102087020874,12.201303720474243,19.965906381607056,0.4,0.25,0.75,0.0,0.8118451554741439,0.8759395018146102,1,0.0,0.0,1,0.0,0.0,1,-0.26620936393737793,-0.26620936393737793,1,0.2053365698355426,0.2053365698355426
loo_screwDriver,gru,2,screwDriver_Pose1_Exp9,screwDriver,0.43328881947775083,688,308,1,0,3,0,22.927485466003418,12.661098003387451,9.633350372314453,19.89973783493042,0.4,0.25,0.75,0.0,0.7608621598013908,0.8679424468259939,1,0.0,0.0,1,0.0,0.0,1,-0.16701698303222656,-0.16701698303222656,1,0.20100455816801063,0.20100455816801063
loo_screwDriver,gru,2,screwDriver_Pose2_Exp1,screwDriver,,638,0,0,0,0,0,21.261131048202515,21.261131048202515,0.0,0.0,0.0,0.0,0.0,0.0,0.0,0.0,0,,,0,,,0,,,0,,
loo_screwDriver,gru,2,screwDriver_Pose2_Exp10,screwDriver,0.9999999999999998,110,23,1,0,0,0,3.6579785346984863,2.891040325164795,0.0,0.5321953296661377,1.0,1.0,0.0,0.0,0.0,0.14548891542634615,1,0.23459696769714355,0.23459696769714355,1,0.23459696769714355,0.23459696769714355,1,0.23459696769714355,0.23459696769714355,1,0.693922043589039,0.693922043589039
loo_screwDriver,gru,2,screwDriver_Pose2_Exp2,screwDriver,0.14701192700776686,336,63,1,0,2,0,11.199584484100342,9.101563215255737,5.806369304656982,7.37043833732605,0.5,0.3333333333333333,0.6666666666666666,0.0,0.637952972180047,0.6580992667888351,1,0.0,0.0,1,0.0,0.0,1,-0.2003917694091797,-0.2003917694091797,1,0.12182328967729328,0.12182328967729328
loo_screwDriver,gru,2,screwDriver_Pose2_Exp3,screwDriver,0.5481202363686487,406,109,3,0,0,0,13.53429102897644,9.90089225769043,5.738889217376709,8.17635178565979,1.0,1.0,0.0,0.0,0.5796335388781833,0.6041211739982913,3,0.0,0.5072465896606446,3,0.0,0.5072465896606446,3,-0.46731019020080566,0.41378455162048344,3,0.1958642195531243,0.2761739303736976
loo_screwDriver,gru,2,screwDriver_Pose2_Exp4,screwDriver,0.23324458209596866,385,93,1,0,3,0,12.828332901000977,9.727771043777466,4.432926893234253,6.735054969787598,0.4,0.25,0.75,0.0,0.45569811144659395,0.5250140467793809,1,0.26642847061157227,0.26642847061157227,1,0.26642847061157227,0.26642847061157227,1,0.26642847061157227,0.26642847061157227,1,0.12860673073426104,0.12860673073426104
loo_screwDriver,gru,2,screwDriver_Pose2_Exp5,screwDriver,1.0,109,18,1,0,0,0,3.628373384475708,3.0278735160827637,0.4008321762084961,1.0013320446014404,1.0,1.0,0.0,0.0,0.13238075305307428,0.2759727124241737,1,0.0,0.0,1,0.0,0.0,1,-0.4010310173034668,-0.4010310173034668,1,0.5997010398603202,0.5997010398603202
loo_screwDriver,gru,2,screwDriver_Pose2_Exp6,screwDriver,0.911331834697267,303,110,1,0,1,0,10.092660427093506,6.427246332168579,1.4345242977142334,4.634844541549683,0.6666666666666666,0.5,0.5,0.0,0.22319423024669088,0.4592292166203822,1,0.0,0.0,1,0.0,0.0,1,-0.8014755249023438,-0.8014755249023438,1,0.6904913886853704,0.6904913886853704
loo_screwDriver,gru,2,screwDriver_Pose2_Exp7,screwDriver,0.45012254490049786,355,153,1,0,1,0,11.828151226043701,6.728988170623779,3.300809383392334,7.168893814086914,0.6666666666666666,0.5,0.5,0.0,0.490535768483354,0.6060874330302908,1,0.0,0.0,1,0.0,0.0,1,-0.0664217472076416,-0.0664217472076416,1,0.49751853433424725,0.49751853433424725
loo_screwDriver,gru,2,screwDriver_Pose2_Exp8,screwDriver,0.8662381850432155,299,110,1,0,1,0,9.959246158599854,6.2929911613464355,0.0,2.0325379371643066,0.6666666666666666,0.5,0.5,0.0,0.0,0.20408552061033264,1,0.19983911514282227,0.19983911514282227,1,0.19983911514282227,0.19983911514282227,1,0.19983911514282227,0.19983911514282227,1,0.6556120389053746,0.6556120389053746
loo_screwDriver,gru,2,screwDriver_Pose2_Exp9,screwDriver,,627,0,0,1,0,0,20.91916060447693,20.91916060447693,0.13375616073608398,0.13375616073608398,0.0,0.0,0.0,2.8681839168613363,0.006393954483405931,0.006393954483405931,0,,,0,,,0,,,0,,
loo_screwDriver,gru,2,screwDriver_Pose3_Exp1,screwDriver,0.7348652876109462,125,36,1,0,0,0,4.156215667724609,2.956183910369873,0.0,0.3334193229675293,1.0,1.0,0.0,0.0,0.0,0.08022185315279015,1,0.8667953014373779,0.8667953014373779,1,0.8667953014373779,0.8667953014373779,1,0.8667953014373779,0.8667953014373779,1,0.27784208286495254,0.27784208286495254
loo_screwDriver,gru,2,screwDriver_Pose3_Exp10,screwDriver,0.45643666028864893,668,268,1,0,3,0,22.261112451553345,13.32762360572815,10.699659585952759,19.633148431777954,0.4,0.25,0.75,0.0,0.8028182594648078,0.8819482168514892,1,0.0,0.0,1,0.0,0.0,1,-0.5999269485473633,-0.5999269485473633,1,0.18846025884511,0.18846025884511
loo_screwDriver,gru,2,screwDriver_Pose3_Exp2,screwDriver,0.5289035002299979,671,289,2,1,5,0,22.3610782623291,12.727337837219238,9.832629203796387,19.399648666381836,0.4,0.2857142857142857,0.7142857142857143,2.683233755372156,0.7725597709084377,0.8675632023999362,2,0.19997835159301758,0.35996103286743164,2,0.19997835159301758,0.35996103286743164,2,0.049983859062194824,0.3299621343612671,2,0.0263500218222147,0.044429708079553085
loo_screwDriver,gru,2,screwDriver_Pose3_Exp3,screwDriver,0.7007894225571671,702,271,3,1,2,0,23.39466118812561,14.361364841461182,8.29988145828247,14.899847984313965,0.6666666666666666,0.6,0.4,2.5646877087689606,0.5779312446906688,0.6368909497982667,3,0.0,0.6666763305664063,3,0.0,0.6666763305664063,3,-0.5665862560272217,0.553359079360962,3,0.22113993377522614,0.2523584073232766
loo_screwDriver,gru,2,screwDriver_Pose3_Exp4,screwDriver,0.6992506723117813,695,260,3,0,2,0,23.16088080406189,14.493991374969482,7.566508769989014,12.766709089279175,0.75,0.6,0.4,0.0,0.5220445199833676,0.551218634441579,3,0.0,0.9601184844970704,3,0.0,0.9601184844970704,3,-0.6332249641418457,0.8334734916687012,3,0.28440997444255955,0.3709652208750013
loo_screwDriver,gru,2,screwDriver_Pose3_Exp5,screwDriver,0.2703693592933808,660,185,1,0,7,0,21.994316339492798,15.82801628112793,13.300436973571777,19.466737031936646,0.2222222222222222,0.125,0.875,0.0,0.8403097859730004,0.8850803421874198,1,0.0,0.0,1,0.0,0.0,1,-0.4333648681640625,-0.4333648681640625,1,0.017115750728054838,0.017115750728054838
loo_screwDriver,gru,2,screwDriver_Pose3_Exp6,screwDriver,0.7237444882997053,702,309,3,0,4,0,23.39455533027649,13.09459137916565,8.600001573562622,17.433345079421997,0.6,0.42857142857142855,0.5714285714285714,0.0,0.6567598273624473,0.7451881360130114,3,0.9334065914154053,1.1732896327972413,3,0.9334065914154053,1.1732896327972413,3,0.9334065914154053,1.1732896327972413,3,0.17289323385317715,0.31421338362017825
loo_screwDriver,gru,2,screwDriver_Pose3_Exp7,screwDriver,0.31106642010589214,626,196,3,1,4,0,20.861063957214355,14.327000141143799,5.033600091934204,5.86652946472168,0.5454545454545454,0.42857142857142855,0.5714285714285714,2.8761716144036975,0.3513366400743502,0.28121909202492357,3,0.8666079044342041,2.0932772159576416,3,0.8666079044342041,2.0932772159576416,3,0.8666079044342041,2.0932772159576416,3,0.08557642534562673,0.09873622442452158
loo_screwDriver,gru,2,screwDriver_Pose3_Exp8,screwDriver,0.708863760137129,489,204,3,0,2,0,16.29474401473999,9.493213891983032,3.800168514251709,8.568666696548462,0.75,0.6,0.4,0.0,0.40030368613741346,0.5258546368569749,3,0.6004126071929932,0.86705002784729,3,0.6004126071929932,0.86705002784729,3,0.6004126071929932,0.86705002784729,3,0.07851097833822648,0.43688698883880506
loo_screwDriver,gru,2,screwDriver_Pose3_Exp9,screwDriver,0.4573499942165124,679,240,1,0,6,0,22.62770962715149,14.627729415893555,11.300095558166504,19.30007576942444,0.25,0.14285714285714285,0.8571428571428571,0.0,0.7725119351666803,0.8529398727242747,1,0.0,0.0,1,0.0,0.0,1,-0.09980154037475586,-0.09980154037475586,1,0.022450331768032974,0.022450331768032974
loo_screwDriver,gru,3,screwDriver_Pose1_Exp1,screwDriver,,689,0,0,1,0,0,22.960466384887695,22.960466384887695,19.56607699394226,19.56607699394226,0.0,0.0,0.0,2.6131873366253258,0.8521637438001006,0.8521637438001006,0,,,0,,,0,,,0,,
loo_screwDriver,gru,3,screwDriver_Pose1_Exp10,screwDriver,0.7479818732516159,671,253,2,1,2,0,22.36756706237793,13.924768209457397,0.9336447715759277,5.133200168609619,0.5714285714285714,0.5,0.5,2.682455352997221,0.06704921457448869,0.22949300450488516,2,0.16662263870239258,0.29992074966430665,2,0.16662263870239258,0.29992074966430665,2,-0.2835747003555298,0.2098812818527222,2,0.6018109874018045,0.8445991656675298
loo_screwDriver,gru,3,screwDriver_Pose1_Exp2,screwDriver,0.7191087284489902,667,266,5,0,9,0,22.228798627853394,13.363393068313599,4.16548752784729,10.266011476516724,0.5263157894736842,0.35714285714285715,0.6428571428571429,0.0,0.3117088232422214,0.4618338421426466,5,0.0,0.1535982608795166,5,0.0,0.1535982608795166,5,-0.13345551490783691,0.1535982608795166,5,0.1871375472331831,0.6779774018246646
loo_screwDriver,gru,3,screwDriver_Pose1_Exp3,screwDriver,0.5404284187398629,628,301,1,0,12,0,20.927590131759644,10.89095139503479,8.463660717010498,18.50029945373535,0.14285714285714285,0.07692307692307693,0.9230769230769231,0.0,0.7771277650609203,0.8840148023378648,1,0.0,0.0,1,0.0,0.0,1,-0.5332608222961426,-0.5332608222961426,1,0.07930231605080064,0.07930231605080064
loo_screwDriver,gru,3,screwDriver_Pose1_Exp4,screwDriver,0.577176911250279,426,191,1,0,4,0,14.194093227386475,7.827601432800293,5.268432855606079,11.63492465019226,0.3333333333333333,0.2,0.8,0.0,0.6730583948142232,0.8197018621621786,1,0.0,0.0,1,0.0,0.0,1,-0.5337591171264648,-0.5337591171264648,1,0.12892274616293703,0.12892274616293703
loo_screwDriver,gru,3,screwDriver_Pose1_Exp5,screwDriver,0.7236293104286743,423,199,1,0,3,0,14.09473705291748,7.460556745529175,4.933143615722656,11.567323923110962,0.4,0.25,0.75,0.0,0.6612299569571534,0.820683910574737,1,0.0,0.0,1,0.0,0.0,1,-0.3994121551513672,-0.3994121551513672,1,0.35733387021871754,0.35733387021871754
loo_screwDriver,gru,3,screwDriver_Pose1_Exp6,screwDriver,0.5484426492361457,613,217,2,0,3,0,20.428168296813965,13.19499158859253,5.700565338134766,12.566740274429321,0.5714285714285714,0.4,0.6,0.0,0.43202493157048144,0.6151672578686003,2,0.016869425773620605,0.030364966392517092,2,0.016869425773620605,0.030364966392517092,2,-0.29990577697753906,-0.032990074157714835,2,0.5461090858741182,0.7765960638820153
loo_screwDriver,gru,3,screwDriver_Pose1_Exp7,screwDriver,0.6418865432042044,359,189,1,0,1,0,11.95963168144226,5.661576747894287,2.6337106227874756,7.532710790634155,0.6666666666666666,0.5,0.5,0.0,0.46519030652848303,0.6298447135560746,1,0.7343604564666748,0.7343604564666748,1,0.7343604564666748,0.7343604564666748,1,0.7343604564666748,0.7343604564666748,1,0.427249756701485,0.427249756701485
loo_screwDriver,gru,3,screwDriver_Pose1_Exp8,screwDriver,0.4164080641246207,684,233,1,0,3,0,22.793704748153687,15.029102087020874,11.934827089309692,19.366539001464844,0.4,0.25,0.75,0.0,0.7941144467716806,0.8496441984944791,1,0.3343210220336914,0.3343210220336914,1,0.3343210220336914,0.3343210220336914,1,0.3343210220336914,0.3343210220336914,1,0.1912156863827232,0.1912156863827232
loo_screwDriver,gru,3,screwDriver_Pose1_Exp9,screwDriver,0.6293677953582149,688,308,2,0,2,0,22.927485466003418,12.661098003387451,9.432929992675781,17.699114561080933,0.6666666666666666,0.5,0.5,0.0,0.7450325390540394,0.7719605618036463,2,1.8319430351257324,2.897204875946045,2,1.8319430351257324,2.897204875946045,2,1.8319430351257324,2.897204875946045,2,0.21203322400893226,0.34894873464112375
loo_screwDriver,gru,3,screwDriver_Pose2_Exp1,screwDriver,,638,0,0,0,0,0,21.261131048202515,21.261131048202515,0.0,0.0,0.0,0.0,0.0,0.0,0.0,0.0,0,,,0,,,0,,,0,,
loo_screwDriver,gru,3,screwDriver_Pose2_Exp10,screwDriver,0.9999999999999998,110,23,1,0,0,0,3.6579785346984863,2.891040325164795,0.46563267707824707,1.2325708866119385,1.0,1.0,0.0,0.0,0.1610605957395994,0.3369541059140017,1,0.0,0.0,1,0.0,0.0,1,-0.46602797508239746,-0.46602797508239746,1,0.6222264519340003,0.6222264519340003
loo_screwDriver,gru,3,screwDriver_Pose2_Exp2,screwDriver,0.17672290480054595,336,63,1,0,2,0,11.199584484100342,9.101563215255737,6.540800094604492,8.638821363449097,0.5,0.3333333333333333,0.6666666666666666,0.0,0.7186457908286591,0.7713519528972999,1,0.0,0.0,1,0.0,0.0,1,-0.8011906147003174,-0.8011906147003174,1,0.10393675327234818,0.10393675327234818
loo_screwDriver,gru,3,screwDriver_Pose2_Exp3,screwDriver,0.39048050282660673,406,109,2,0,1,0,13.53429102897644,9.90089225769043,6.068593978881836,8.637377262115479,0.8,0.6666666666666666,0.3333333333333333,0.0,0.6129340488649505,0.6381846853760686,2,0.31702911853790283,0.5706524133682251,2,0.31702911853790283,0.5706524133682251,2,-0.08305668830871582,0.4906352519989014,2,0.1927420932752314,0.245444466228462
loo_screwDriver,gru,3,screwDriver_Pose2_Exp4,screwDriver,0.31973753558355006,385,93,1,0,3,0,12.828332901000977,9.727771043777466,5.266456365585327,7.766601800918579,0.4,0.25,0.75,0.0,0.5413836676341294,0.6054256512405102,1,0.0,0.0,1,0.0,0.0,1,-0.8333423137664795,-0.8333423137664795,1,0.15023178930637082,0.15023178930637082
loo_screwDriver,gru,3,screwDriver_Pose2_Exp5,screwDriver,0.8654174801233625,109,18,1,0,0,0,3.628373384475708,3.0278735160827637,0.6669797897338867,1.267479658126831,1.0,1.0,0.0,0.0,0.22027993778180513,0.3493244834034574,1,0.0,0.0,1,0.0,0.0,1,-0.6677412986755371,-0.6677412986755371,1,0.47377475807414887,0.47377475807414887
loo_screwDriver,gru,3,screwDriver_Pose2_Exp6,screwDriver,0.7586723256798635,303,110,1,0,1,0,10.092660427093506,6.427246332168579,4.034360408782959,7.5682384967803955,0.6666666666666666,0.5,0.5,0.0,0.627696559347796,0.7498754715321284,1,0.0,0.0,1,0.0,0.0,1,-0.7679812908172607,-0.7679812908172607,1,0.4228619704832105,0.4228619704832105
loo_screwDriver,gru,3,screwDriver_Pose2_Exp7,screwDriver,0.45795204359744224,355,153,1,0,1,0,11.828151226043701,6.728988170623779,3.799922227859497,8.899085283279419,0.6666666666666666,0.5,0.5,0.0,0.5647093042083983,0.7523648550996755,1,0.0,0.0,1,0.0,0.0,1,-0.5659263134002686,-0.5659263134002686,1,0.40078923053853655,0.40078923053853655
loo_screwDriver,gru,3,screwDriver_Pose2_Exp8,screwDriver,0.8697269720453915,299,110,1,0,1,0,9.959246158599854,6.2929911613464355,2.33402943611145,5.43424391746521,0.6666666666666666,0.5,0.5,0.0,0.37089348709844144,0.5456481174303254,1,0.0,0.0,1,0.0,0.0,1,-0.6997401714324951,-0.6997401714324951,1,0.5704960116696137,0.5704960116696137
loo_screwDriver,gru,3,screwDriver_Pose2_Exp9,screwDriver,,627,0,0,1,0,0,20.91916060447693,20.91916060447693,18.417644023895264,18.417644023895264,0.0,0.0,0.0,2.8681839168613363,0.8804198395968951,0.8804198395968951,0,,,0,,,0,,,0,,
loo_screwDriver,gru,3,screwDriver_Pose3_Exp1,screwDriver,0.6621945391969254,125,36,1,0,0,0,4.156215667724609,2.956183910369873,0.0,0.16680669784545898,1.0,1.0,0.0,0.0,0.0,0.04013427386379594,1,1.0333654880523682,1.0333654880523682,1,1.0333654880523682,1.0333654880523682,1,1.0333654880523682,1.0333654880523682,1,0.13900190292726558,0.13900190292726558
loo_screwDriver,gru,3,screwDriver_Pose3_Exp10,screwDriver,0.3131985414615007,668,268,1,0,3,0,22.261112451553345,13.32762360572815,10.566421270370483,19.49991011619568,0.4,0.25,0.75,0.0,0.7928211047188551,0.8759629671982097,1,0.0,0.0,1,0.0,0.0,1,-0.5665061473846436,-0.5665061473846436,1,0.18974796362390622,0.18974796362390622
loo_screwDriver,gru,3,screwDriver_Pose3_Exp2,screwDriver,0.6120671578523486,671,289,2,1,5,0,22.3610782623291,12.727337837219238,6.766430377960205,11.932974815368652,0.4,0.2857142857142857,0.7142857142857143,2.683233755372156,0.5316453813438321,0.5336493471100499,2,0.5500767230987549,0.9901381015777588,2,0.5500767230987549,0.9901381015777588,2,-0.06667697429656982,0.8667873620986939,2,0.3480167118801555,0.45387488436238216
loo_screwDriver,gru,3,screwDriver_Pose3_Exp3,screwDriver,0.8816475623799297,702,271,3,0,2,0,23.39466118812561,14.361364841461182,7.100167989730835,15.433534860610962,0.75,0.6,0.4,0.0,0.49439367832454817,0.6597032859977701,3,0.0,0.2666664123535156,3,0.0,0.2666664123535156,3,-0.49988889694213867,0.16668863296508793,3,0.38710683523345135,0.40292599382225414
loo_screwDriver,gru,3,screwDriver_Pose3_Exp4,screwDriver,0.8643217552308569,695,260,3,0,2,0,23.16088080406189,14.493991374969482,6.799856901168823,14.666508674621582,0.75,0.6,0.4,0.0,0.469150058479536,0.6332448579438055,3,0.1334233283996582,0.3733649253845215,3,0.1334233283996582,0.3733649253845215,3,0.1334233283996582,0.3733649253845215,3,0.4077202818360447,0.8361884204346317
loo_screwDriver,gru,3,screwDriver_Pose3_Exp5,screwDriver,0.3052286097413164,660,185,1,0,7,0,21.994316339492798,15.82801628112793,12.766883611679077,18.732760667800903,0.2222222222222222,0.125,0.875,0.0,0.806600358814471,0.8517091587959261,1,0.19994282722473145,0.19994282722473145,1,0.19994282722473145,0.19994282722473145,1,0.19994282722473145,0.19994282722473145,1,0.007012281642534318,0.007012281642534318
loo_screwDriver,gru,3,screwDriver_Pose3_Exp6,screwDriver,0.8405779881691307,702,309,3,1,4,0,23.39455533027649,13.09459137916565,6.467006683349609,15.100061416625977,0.5454545454545454,0.42857142857142855,0.5714285714285714,2.5646993137052667,0.49386853671807124,0.6454519525354669,3,0.06727719306945801,0.4134554386138916,3,0.06727719306945801,0.4134554386138916,3,0.06727719306945801,0.4134554386138916,3,0.23146384798353972,0.8189249867715939
loo_screwDriver,gru,3,screwDriver_Pose3_Exp7,screwDriver,0.30569269437068003,626,196,2,0,5,0,20.861063957214355,14.327000141143799,5.933361053466797,9.900043725967407,0.4444444444444444,0.2857142857142857,0.7142857142857143,0.0,0.41413840964708093,0.47457041243304793,2,0.4333381652832031,0.7266145706176758,2,0.4333381652832031,0.7266145706176758,2,0.4333381652832031,0.7266145706176758,2,0.4662722073269927,0.814834196838807
loo_screwDriver,gru,3,screwDriver_Pose3_Exp8,screwDriver,0.5586655892883637,489,204,1,0,4,0,16.29474401473999,9.493213891983032,6.633191823959351,12.60064435005188,0.3333333333333333,0.2,0.8,0.0,0.6987298400135117,0.7732950170099953,1,0.8350324630737305,0.8350324630737305,1,0.8350324630737305,0.8350324630737305,1,0.8350324630737305,0.8350324630737305,1,0.01487899372251386,0.01487899372251386
loo_screwDriver,gru,3,screwDriver_Pose3_Exp9,screwDriver,0.5405782629697207,679,240,1,0,6,0,22.62770962715149,14.627729415893555,11.666776180267334,19.66675639152527,0.25,0.14285714285714285,0.8571428571428571,0.0,0.7975794361899368,0.8691448103049145,1,0.0,0.0,1,0.0,0.0,1,-0.4667949676513672,-0.4667949676513672,1,0.022031752239452466,0.022031752239452466
loo_screwDriver,gru,4,screwDriver_Pose1_Exp1,screwDriver,,689,0,0,1,0,0,22.960466384887695,22.960466384887695,19.93313956260681,19.93313956260681,0.0,0.0,0.0,2.6131873366253258,0.8681504647364902,0.8681504647364902,0,,,0,,,0,,,0,,
loo_screwDriver,gru,4,screwDriver_Pose1_Exp10,screwDriver,0.8052706426429002,671,253,1,0,3,0,22.36756706237793,13.924768209457397,11.396798610687256,19.839597463607788,0.4,0.25,0.75,0.0,0.818455175644992,0.88698057362608,1,0.0,0.0,1,0.0,0.0,1,-0.5660333633422852,-0.5660333633422852,1,0.19318649086673076,0.19318649086673076
loo_screwDriver,gru,4,screwDriver_Pose1_Exp2,screwDriver,0.5399229479787704,667,266,2,0,12,0,22.228798627853394,13.363393068313599,11.068843126296997,19.166945219039917,0.25,0.14285714285714285,0.8571428571428571,0.0,0.8282958579241908,0.862257359919718,2,0.43383336067199707,0.7809000492095948,2,0.43383336067199707,0.7809000492095948,2,0.15090954303741455,0.7243152856826782,2,0.2127940711918347,0.2142763523698894
loo_screwDriver,gru,4,screwDriver_Pose1_Exp3,screwDriver,0.7260393623486378,628,301,1,0,12,0,20.927590131759644,10.89095139503479,8.463660717010498,18.50029945373535,0.14285714285714285,0.07692307692307693,0.9230769230769231,0.0,0.7771277650609203,0.8840148023378648,1,0.0,0.0,1,0.0,0.0,1,-0.5332608222961426,-0.5332608222961426,1,0.07930231605080064,0.07930231605080064
loo_screwDriver,gru,4,screwDriver_Pose1_Exp4,screwDriver,0.7796288487267131,426,191,1,0,4,0,14.194093227386475,7.827601432800293,5.268432855606079,11.63492465019226,0.3333333333333333,0.2,0.8,0.0,0.6730583948142232,0.8197018621621786,1,0.0,0.0,1,0.0,0.0,1,-0.5337591171264648,-0.5337591171264648,1,0.12892274616293703,0.12892274616293703
loo_screwDriver,gru,4,screwDriver_Pose1_Exp5,screwDriver,0.8429360379187805,423,199,1,0,3,0,14.09473705291748,7.460556745529175,4.898938894271851,11.533119201660156,0.4,0.25,0.75,0.0,0.6566452158155082,0.8182571379912977,1,0.0,0.0,1,0.0,0.0,1,-0.36655378341674805,-0.36655378341674805,1,0.35839364470661234,0.35839364470661234
loo_screwDriver,gru,4,screwDriver_Pose1_Exp6,screwDriver,0.7129271459972925,613,217,1,0,4,0,20.428168296813965,13.19499158859253,10.799897909164429,18.033074617385864,0.3333333333333333,0.2,0.8,0.0,0.8184846376485202,0.8827553383823626,1,0.0,0.0,1,0.0,0.0,1,-0.6674346923828125,-0.6674346923828125,1,0.177404358392054,0.177404358392054
loo_screwDriver,gru,4,screwDriver_Pose1_Exp7,screwDriver,0.7243050077696569,359,189,2,0,0,0,11.95963168144226,5.661576747894287,3.2344775199890137,8.898853302001953,1.0,1.0,0.0,0.0,0.5713033071912369,0.7440741938407927,2,0.0,0.0,2,0.0,0.0,2,-3.266471743583679,-1.133178687095642,2,0.16178530726616136,0.23647994732787125
loo_screwDriver,gru,4,screwDriver_Pose1_Exp8,screwDriver,0.3196171252073483,684,233,1,0,3,0,22.793704748153687,15.029102087020874,12.435301780700684,20.199904441833496,0.4,0.25,0.75,0.0,0.8274148188426909,0.8862054091259434,1,0.0,0.0,1,0.0,0.0,1,-0.4664039611816406,-0.4664039611816406,1,0.20295792694772966,0.20295792694772966
loo_screwDriver,gru,4,screwDriver_Pose1_Exp9,screwDriver,0.905877068688275,688,308,1,0,3,0,22.927485466003418,12.661098003387451,9.966027021408081,20.232414484024048,0.4,0.25,0.75,0.0,0.7871376573138988,0.8824523960128298,1,0.0,0.0,1,0.0,0.0,1,-0.4665548801422119,-0.4665548801422119,1,0.1976994893183842,0.1976994893183842
loo_screwDriver,gru,4,screwDriver_Pose2_Exp1,screwDriver,,638,0,0,0,0,0,21.261131048202515,21.261131048202515,0.0,0.0,0.0,0.0,0.0,0.0,0.0,0.0,0,,,0,,,0,,,0,,
loo_screwDriver,gru,4,screwDriver_Pose2_Exp10,screwDriver,0.9598976532813961,110,23,1,0,0,0,3.6579785346984863,2.891040325164795,0.4985971450805664,1.2655353546142578,1.0,1.0,0.0,0.0,0.17246288152419506,0.34596576841820403,1,0.0,0.0,1,0.0,0.0,1,-0.4994032382965088,-0.4994032382965088,1,0.6060187941311671,0.6060187941311671
loo_screwDriver,gru,4,screwDriver_Pose2_Exp2,screwDriver,0.486780076792055,336,63,1,0,2,0,11.199584484100342,9.101563215255737,6.574687242507935,8.672708511352539,0.5,0.3333333333333333,0.6666666666666666,0.0,0.7223690136533538,0.7743777033571987,1,0.0,0.0,1,0.0,0.0,1,-0.8341381549835205,-0.8341381549835205,1,0.10353063791333049,0.10353063791333049
loo_screwDriver,gru,4,screwDriver_Pose2_Exp3,screwDriver,0.5053644068630138,406,109,2,0,1,0,13.53429102897644,9.90089225769043,5.271409273147583,7.509748458862305,0.8,0.6666666666666666,0.3333333333333333,0.0,0.5324175979243753,0.5548682559569761,2,0.4665670394897461,0.5467025756835937,2,0.4665670394897461,0.5467025756835937,2,0.4665670394897461,0.5467025756835937,2,0.2319352364154899,0.3431625668492332
loo_screwDriver,gru,4,screwDriver_Pose2_Exp4,screwDriver,0.4242604105186728,385,93,1,1,3,0,12.828332901000977,9.727771043777466,4.900263786315918,7.16714334487915,0.3333333333333333,0.25,0.75,4.677147097992623,0.5037396299998709,0.5586963949399776,1,0.20029687881469727,0.20029687881469727,1,0.20029687881469727,0.20029687881469727,1,0.20029687881469727,0.20029687881469727,1,0.1400470255720984,0.1400470255720984
loo_screwDriver,gru,4,screwDriver_Pose2_Exp5,screwDriver,0.674829070662404,109,18,1,0,0,0,3.628373384475708,3.0278735160827637,0.6333057880401611,1.2338056564331055,1.0,1.0,0.0,0.0,0.2091586008055861,0.3400437401817695,1,0.0,0.0,1,0.0,0.0,1,-0.634812593460083,-0.634812593460083,1,0.48670539421011505,0.48670539421011505
loo_screwDriver,gru,4,screwDriver_Pose2_Exp6,screwDriver,0.9262942727967819,303,110,1,0,1,0,10.092660427093506,6.427246332168579,3.8996164798736572,7.499321222305298,0.6666666666666666,0.5,0.5,0.0,0.6067320713002625,0.7430470168374583,1,0.0,0.0,1,0.0,0.0,1,-0.6333999633789062,-0.6333999633789062,1,0.426747988113472,0.426747988113472
loo_screwDriver,gru,4,screwDriver_Pose2_Exp7,screwDriver,0.7935816202388083,355,153,1,0,1,0,11.828151226043701,6.728988170623779,3.8674044609069824,8.966567516326904,0.6666666666666666,0.5,0.5,0.0,0.5747378896860912,0.7580700774761785,1,0.0,0.0,1,0.0,0.0,1,-0.6327424049377441,-0.6327424049377441,1,0.3977728976766163,0.3977728976766163
loo_screwDriver,gru,4,screwDriver_Pose2_Exp8,screwDriver,0.810098709596563,299,110,1,0,1,0,9.959246158599854,6.2929911613464355,2.233854055404663,5.334068536758423,0.6666666666666666,0.5,0.5,0.0,0.35497492339186953,0.5355895869841947,1,0.0,0.0,1,0.0,0.0,1,-0.6997401714324951,-0.6997401714324951,1,0.581210095068969,0.581210095068969
loo_screwDriver,gru,4,screwDriver_Pose2_Exp9,screwDriver,,627,0,0,1,0,0,20.91916060447693,20.91916060447693,3.5373377799987793,3.5373377799987793,0.0,0.0,0.0,2.8681839168613363,0.16909558881830805,0.16909558881830805,0,,,0,,,0,,,0,,
loo_screwDriver,gru,4,screwDriver_Pose3_Exp1,screwDriver,0.2683852987020238,125,36,1,1,0,0,4.156215667724609,2.956183910369873,0.6334047317504883,0.8333578109741211,0.6666666666666666,1.0,0.0,14.436209474386592,0.21426431878226335,0.2005087987723113,1,0.0,0.0,1,0.0,0.0,1,-0.6331188678741455,-0.6331188678741455,1,0.05446300970482407,0.05446300970482407
loo_screwDriver,gru,4,screwDriver_Pose3_Exp10,screwDriver,0.4298832925569813,668,268,1,0,3,0,22.261112451553345,13.32762360572815,10.233080625534058,18.999925136566162,0.4,0.25,0.75,0.0,0.7678098457954596,0.8535029495006382,1,0.16672801971435547,0.16672801971435547,1,0.16672801971435547,0.16672801971435547,1,0.16672801971435547,0.16672801971435547,1,0.18435348620337455,0.18435348620337455
loo_screwDriver,gru,4,screwDriver_Pose3_Exp2,screwDriver,0.44651683826551836,671,289,1,0,6,0,22.3610782623291,12.727337837219238,10.266173124313354,19.899913549423218,0.25,0.14285714285714285,0.8571428571428571,0.0,0.8066237618279789,0.8899353294133352,1,0.0,0.0,1,0.0,0.0,1,-0.5665569305419922,-0.5665569305419922,1,0.026811867167398976,0.026811867167398976
loo_screwDriver,gru,4,screwDriver_Pose3_Exp3,screwDriver,0.3402066693739642,702,271,3,2,2,0,23.39466118812561,14.361364841461182,8.466944217681885,13.466727018356323,0.6,0.6,0.4,5.129375417537921,0.5895640359499721,0.5756324876887555,3,0.8001463413238525,0.880481767654419,3,0.8001463413238525,0.880481767654419,3,0.8001463413238525,0.880481767654419,3,0.08652493800282225,0.32493260644968525
loo_screwDriver,gru,4,screwDriver_Pose3_Exp4,screwDriver,0.4003616930977054,695,260,3,0,2,0,23.16088080406189,14.493991374969482,8.49966549873352,13.366275787353516,0.75,0.6,0.4,0.0,0.5864268357032478,0.5771056766118056,3,0.0,0.026538658142089847,3,0.0,0.026538658142089847,3,-0.6664466857910156,-0.10675067901611324,3,0.04762605438317821,0.34750282462796683
loo_screwDriver,gru,4,screwDriver_Pose3_Exp5,screwDriver,0.3001632456352121,660,185,1,0,7,0,21.994316339492798,15.82801628112793,13.400471687316895,19.566771745681763,0.2222222222222222,0.125,0.875,0.0,0.8466298902721343,0.8896285496516135,1,0.0,0.0,1,0.0,0.0,1,-0.5332469940185547,-0.5332469940185547,1,0.01702824680830417,0.01702824680830417
loo_screwDriver,gru,4,screwDriver_Pose3_Exp6,screwDriver,0.4625290666461148,702,309,4,0,3,0,23.39455533027649,13.09459137916565,6.4334635734558105,13.633711338043213,0.7272727272727273,0.5714285714285714,0.42857142857142855,0.0,0.4913069363654884,0.582772835198919,4,0.03323829174041748,0.6499081611633302,4,0.03323829174041748,0.6499081611633302,4,-0.3000807762145996,0.6499081611633302,4,0.11747559806736019,0.5108708292779113
loo_screwDriver,gru,4,screwDriver_Pose3_Exp7,screwDriver,0.3116664453114925,626,196,3,1,4,0,20.861063957214355,14.327000141143799,6.933450698852539,9.433377265930176,0.5454545454545454,0.42857142857142855,0.5714285714285714,2.8761716144036975,0.48394294901563434,0.4522001986704922,3,0.0,2.0801313400268557,3,0.0,2.0801313400268557,3,-0.5332465171813965,1.9734820365905763,3,0.18047668697614747,0.5223134375370464
loo_screwDriver,gru,4,screwDriver_Pose3_Exp8,screwDriver,0.47205106597631535,489,204,2,0,3,0,16.29474401473999,9.493213891983032,6.432495594024658,11.56783652305603,0.5714285714285714,0.4,0.6,0.0,0.6775888194678586,0.709912135630479,2,0.8000433444976807,1.4400780200958252,2,0.8000433444976807,1.4400780200958252,2,0.5670799016952515,1.3934853315353395,2,0.3366119177135571,0.5830929599911359
loo_screwDriver,gru,4,screwDriver_Pose3_Exp9,screwDriver,0.5052129823478013,679,240,1,0,6,0,22.62770962715149,14.627729415893555,11.833332061767578,19.833312273025513,0.25,0.14285714285714285,0.8571428571428571,0.0,0.8089657475418048,0.8765055146910266,1,0.0,0.0,1,0.0,0.0,1,-0.6335663795471191,-0.6335663795471191,1,0.021846734332976615,0.021846734332976615
loo_screwDriver,mamba,0,screwDriver_Pose1_Exp1,screwDriver,,689,0,0,1,0,0,22.960466384887695,22.960466384887695,19.999831676483154,19.999831676483154,0.0,0.0,0.0,2.6131873366253258,0.871055114527064,0.871055114527064,0,,,0,,,0,,,0,,
loo_screwDriver,mamba,0,screwDriver_Pose1_Exp10,screwDriver,0.635789515842173,671,253,2,1,2,0,22.36756706237793,13.924768209457397,11.36340069770813,18.938527584075928,0.5714285714285714,0.5,0.5,2.682455352997221,0.8160567218627278,0.8466959115964999,2,0.5000039339065552,0.9000070810317994,2,0.5000039339065552,0.9000070810317994,2,0.23343098163604736,0.8466924905776978,2,0.1277264771137956,0.19033984012062866
loo_screwDriver,mamba,0,screwDriver_Pose1_Exp2,screwDriver,0.5192754494251317,667,266,2,0,12,0,22.228798627853394,13.363393068313599,10.499724388122559,18.299372911453247,0.25,0.14285714285714285,0.8571428571428571,0.0,0.7857079661166906,0.823228156312665,2,0.16701555252075195,0.3006279945373535,2,0.16701555252075195,0.3006279945373535,2,-0.06614911556243896,0.25399506092071533,2,0.1330923666476978,0.1963034640800687
loo_screwDriver,mamba,0,screwDriver_Pose1_Exp3,screwDriver,0.6165271137776511,628,301,1,0,12,0,20.927590131759644,10.89095139503479,8.463660717010498,18.50029945373535,0.14285714285714285,0.07692307692307693,0.9230769230769231,0.0,0.7771277650609203,0.8840148023378648,1,0.0,0.0,1,0.0,0.0,1,-0.5332608222961426,-0.5332608222961426,1,0.07930231605080064,0.07930231605080064
loo_screwDriver,mamba,0,screwDriver_Pose1_Exp4,screwDriver,0.8242304637120326,426,191,1,0,4,0,14.194093227386475,7.827601432800293,5.2335591316223145,11.600050926208496,0.3333333333333333,0.2,0.8,0.0,0.6686031700198651,0.8172449441030187,1,0.0,0.0,1,0.0,0.0,1,-0.5005488395690918,-0.5005488395690918,1,0.12931033207040551,0.12931033207040551
loo_screwDriver,mamba,0,screwDriver_Pose1_Exp5,screwDriver,0.897336995131599,423,199,1,0,3,0,14.09473705291748,7.460556745529175,4.933143615722656,11.567323923110962,0.4,0.25,0.75,0.0,0.6612299569571534,0.820683910574737,1,0.0,0.0,1,0.0,0.0,1,-0.3994121551513672,-0.3994121551513672,1,0.35733387021871754,0.35733387021871754
loo_screwDriver,mamba,0,screwDriver_Pose1_Exp6,screwDriver,0.6507421425200917,613,217,2,1,3,0,20.428168296813965,13.19499158859253,5.934249639511108,12.83446216583252,0.5,0.4,0.6,2.937120897391362,0.44973500738275934,0.6282727839007581,2,0.016869425773620605,0.030364966392517092,2,0.016869425773620605,0.030364966392517092,2,-0.41645073890686035,-0.05629906654357908,2,0.2932554670117301,0.3268777715522982
loo_screwDriver,mamba,0,screwDriver_Pose1_Exp7,screwDriver,0.5572068430944662,359,189,2,1,0,0,11.95963168144226,5.661576747894287,3.2344775199890137,9.36512279510498,0.8,1.0,0.0,5.0168769070958845,0.5713033071912369,0.7830611380479906,2,0.06671905517578125,0.12009429931640625,2,0.06671905517578125,0.12009429931640625,2,-0.23320865631103516,0.06010875701904299,2,0.296838673176409,0.5083341298466373
loo_screwDriver,mamba,0,screwDriver_Pose1_Exp8,screwDriver,0.3654926442238018,684,233,1,0,3,0,22.793704748153687,15.029102087020874,11.968058824539185,19.298583507537842,0.4,0.25,0.75,0.0,0.7963256058307565,0.8466628712079394,1,0.4337947368621826,0.4337947368621826,1,0.4337947368621826,0.4337947368621826,1,0.4337947368621826,0.4337947368621826,1,0.18576575463904146,0.18576575463904146
loo_screwDriver,mamba,0,screwDriver_Pose1_Exp9,screwDriver,0.6596538677459719,688,308,1,0,3,0,22.927485466003418,12.661098003387451,9.932937860488892,20.19932532310486,0.4,0.25,0.75,0.0,0.7845242061811191,0.8810091866836491,1,0.0,0.0,1,0.0,0.0,1,-0.4665548801422119,-0.4665548801422119,1,0.1980233471755679,0.1980233471755679
loo_screwDriver,mamba,0,screwDriver_Pose2_Exp1,screwDriver,,638,0,0,7,0,0,21.261131048202515,21.261131048202515,18.631853580474854,18.631853580474854,0.0,0.0,0.0,19.754358272275837,0.8763340735840134,0.8763340735840134,0,,,0,,,0,,,0,,
loo_screwDriver,mamba,0,screwDriver_Pose2_Exp10,screwDriver,0.6192130780221574,110,23,1,0,0,0,3.6579785346984863,2.891040325164795,0.5322134494781494,1.2654609680175781,1.0,1.0,0.0,0.0,0.18409063507193113,0.3459454329799356,1,0.0,0.0,1,0.0,0.0,1,-0.5323677062988281,-0.5323677062988281,1,0.564404866401164,0.564404866401164
loo_screwDriver,mamba,0,screwDriver_Pose2_Exp2,screwDriver,0.15657826855781665,336,63,2,0,1,0,11.199584484100342,9.101563215255737,6.540800094604492,8.405304670333862,0.8,0.6666666666666666,0.3333333333333333,0.0,0.7186457908286591,0.7505014746097571,2,0.05005002021789551,0.09009003639221191,2,0.05005002021789551,0.09009003639221191,2,-0.3505452871322632,0.0099709749221802,2,0.2080702128582746,0.28768907759929213
loo_screwDriver,mamba,0,screwDriver_Pose2_Exp3,screwDriver,0.35068841019040775,406,109,3,2,0,0,13.53429102897644,9.90089225769043,6.9041383266448975,9.77194094657898,0.75,1.0,0.0,8.866367639286329,0.6973248619367785,0.7220135081813741,3,0.267148494720459,1.3341061592102053,3,0.267148494720459,1.3341061592102053,3,0.267148494720459,1.3341061592102053,3,0.10588935832812749,0.11319777921893992
loo_screwDriver,mamba,0,screwDriver_Pose2_Exp4,screwDriver,0.5249837532516077,385,93,1,1,3,0,12.828332901000977,9.727771043777466,5.632227420806885,8.565593481063843,0.3333333333333333,0.25,0.75,4.677147097992623,0.5789843732403257,0.6677090115423713,1,0.0,0.0,1,0.0,0.0,1,-0.7997255325317383,-0.7997255325317383,1,0.140574090758222,0.140574090758222
loo_screwDriver,mamba,0,screwDriver_Pose2_Exp5,screwDriver,0.9145575258337002,109,18,1,0,0,0,3.628373384475708,3.0278735160827637,0.5339233875274658,1.0685746669769287,1.0,1.0,0.0,0.0,0.17633609352949986,0.29450515527120574,1,0.0,0.0,1,0.0,0.0,1,-0.5341668128967285,-0.5341668128967285,1,0.47129788344798657,0.47129788344798657
loo_screwDriver,mamba,0,screwDriver_Pose2_Exp6,screwDriver,0.7783176944262217,303,110,1,0,1,0,10.092660427093506,6.427246332168579,0.7673864364624023,3.9677066802978516,0.6666666666666666,0.5,0.5,0.0,0.11939583404818453,0.39312792785999595,1,0.0,0.0,1,0.0,0.0,1,-0.7679812908172607,-0.7679812908172607,1,0.8065919438367366,0.8065919438367366
loo_screwDriver,mamba,0,screwDriver_Pose2_Exp7,screwDriver,0.3478833439289789,355,153,1,0,1,0,11.828151226043701,6.728988170623779,3.8674044609069824,7.500701665878296,0.6666666666666666,0.5,0.5,0.0,0.5747378896860912,0.6341398180100156,1,0.0,0.0,1,0.0,0.0,1,-0.6327424049377441,-0.6327424049377441,1,0.47550985255253914,0.47550985255253914
loo_screwDriver,mamba,0,screwDriver_Pose2_Exp8,screwDriver,0.7348390088106984,299,110,1,2,1,0,9.959246158599854,6.2929911613464355,0.7668440341949463,2.299229860305786,0.4,0.5,0.5,12.049104730319318,0.12185684272133539,0.23086384488251563,1,0.0,0.0,1,0.0,0.0,1,-0.6997401714324951,-0.6997401714324951,1,0.40322879556444635,0.40322879556444635
loo_screwDriver,mamba,0,screwDriver_Pose2_Exp9,screwDriver,,627,0,0,2,0,0,20.91916060447693,20.91916060447693,18.48379158973694,18.48379158973694,0.0,0.0,0.0,5.736367833722673,0.8835818960050054,0.8835818960050054,0,,,0,,,0,,,0,,
loo_screwDriver,mamba,0,screwDriver_Pose3_Exp1,screwDriver,0.49663733090862244,125,36,1,0,0,0,4.156215667724609,2.956183910369873,0.5999495983123779,1.6664843559265137,1.0,1.0,0.0,0.0,0.20294731874016364,0.40096195413238955,1,0.0,0.0,1,0.0,0.0,1,-0.5998270511627197,-0.5998270511627197,1,0.5925254471421197,0.5925254471421197
loo_screwDriver,mamba,0,screwDriver_Pose3_Exp10,screwDriver,0.3239119456064993,668,268,1,0,3,0,22.261112451553345,13.32762360572815,10.899720668792725,19.83320951461792,0.4,0.25,0.75,0.0,0.8178292688358993,0.8909352377506179,1,0.0,0.0,1,0.0,0.0,1,-0.6666340827941895,-0.6666340827941895,1,0.18655922697081534,0.18655922697081534
loo_screwDriver,mamba,0,screwDriver_Pose3_Exp2,screwDriver,0.407009037985885,671,289,3,1,4,0,22.3610782623291,12.727337837219238,9.666366338729858,18.03344750404358,0.5454545454545454,0.42857142857142855,0.5714285714285714,2.683233755372156,0.7594963269115073,0.8064659178096915,3,0.03346896171569824,0.8336806774139405,3,0.03346896171569824,0.8336806774139405,3,0.03346896171569824,0.8336806774139405,3,0.23267912809782113,0.30490197495684
loo_screwDriver,mamba,0,screwDriver_Pose3_Exp3,screwDriver,0.5401520435694509,702,271,3,0,2,0,23.39466118812561,14.361364841461182,10.200066566467285,19.20020842552185,0.75,0.6,0.4,0.0,0.7102435373704697,0.8207089759123021,3,0.0,0.0,3,0.0,0.0,3,-0.6666264533996582,-0.4530714988708496,3,0.14117584418936083,0.1440674038807025
loo_screwDriver,mamba,0,screwDriver_Pose3_Exp4,screwDriver,0.55729857802463,695,260,3,1,2,0,23.16088080406189,14.493991374969482,10.233895063400269,18.734192609786987,0.6666666666666666,0.6,0.4,2.5905750522871895,0.7060784568337592,0.8088721999942868,3,0.0,0.0,3,0.0,0.0,3,-0.5000138282775879,-0.2866162300109863,3,0.14419166650393456,0.2858099546211962
loo_screwDriver,mamba,0,screwDriver_Pose3_Exp5,screwDriver,0.39507989770983465,660,185,2,1,6,0,21.994316339492798,15.82801628112793,13.233816385269165,19.33361005783081,0.36363636363636365,0.25,0.75,2.7279774953615874,0.83610075641937,0.8790275523643148,2,0.4832606315612793,0.8698691368103028,2,0.4832606315612793,0.8698691368103028,2,0.18327677249908447,0.8098723649978639,2,0.11691821406263295,0.1964485065897223
loo_screwDriver,mamba,0,screwDriver_Pose3_Exp6,screwDriver,0.5054623873763946,702,309,3,2,4,0,23.39455533027649,13.09459137916565,7.566960096359253,17.533495664596558,0.5,0.42857142857142855,0.5714285714285714,5.129398627410533,0.5778691275849036,0.749469071630751,3,0.0,0.24001827239990237,3,0.0,0.24001827239990237,3,-0.5668089389801025,0.12665648460388187,3,0.21372881877401978,0.6643687594838846
loo_screwDriver,mamba,0,screwDriver_Pose3_Exp7,screwDriver,0.3348651500825155,626,196,1,1,6,0,20.861063957214355,14.327000141143799,11.899172306060791,18.433236122131348,0.2222222222222222,0.14285714285714285,0.8571428571428571,2.8761716144036975,0.8305417874527095,0.8836191749345845,1,0.0,0.0,1,0.0,0.0,1,-0.5332465171813965,-0.5332465171813965,1,0.06340583275813766,0.06340583275813766
loo_screwDriver,mamba,0,screwDriver_Pose3_Exp8,screwDriver,0.5675383680638698,489,204,1,1,4,0,16.29474401473999,9.493213891983032,7.065763473510742,13.265583038330078,0.2857142857142857,0.2,0.8,3.682168921814596,0.744296247183237,0.8141019598914977,1,0.0,0.0,1,0.0,0.0,1,-0.3998892307281494,-0.3998892307281494,1,0.07813733030433787,0.07813733030433787
loo_screwDriver,mamba,0,screwDriver_Pose3_Exp9,screwDriver,0.4291648196811153,679,240,1,1,6,0,22.62770962715149,14.627729415893555,11.866461753845215,19.86644196510315,0.2222222222222222,0.14285714285714285,0.8571428571428571,2.651616137410773,0.8112306029500298,0.8779696351267018,1,0.0,0.0,1,0.0,0.0,1,-0.6335663795471191,-0.6335663795471191,1,0.021846734332976615,0.021846734332976615
loo_screwDriver,mamba,1,screwDriver_Pose1_Exp1,screwDriver,,689,0,0,2,0,0,22.960466384887695,22.960466384887695,20.066165685653687,20.066165685653687,0.0,0.0,0.0,5.2263746732506515,0.8739441677395977,0.8739441677395977,0,,,0,,,0,,,0,,
loo_screwDriver,mamba,1,screwDriver_Pose1_Exp10,screwDriver,0.433081965910443,671,253,2,1,2,0,22.36756706237793,13.924768209457397,11.43028998374939,19.105225086212158,0.5714285714285714,0.5,0.5,2.682455352997221,0.8208603412145983,0.8541485550454433,2,0.23323118686676025,0.41981613636016846,2,0.23323118686676025,0.41981613636016846,2,-0.13315927982330322,0.3465380430221558,2,0.13804381851510536,0.18921395195818286
loo_screwDriver,mamba,1,screwDriver_Pose1_Exp2,screwDriver,0.7271527846233315,667,266,2,2,12,0,22.228798627853394,13.363393068313599,10.70050597190857,18.433167695999146,0.2222222222222222,0.14285714285714285,0.8571428571428571,5.398402406220739,0.8007327119098897,0.8292471403696013,2,0.16701555252075195,0.3006279945373535,2,0.16701555252075195,0.3006279945373535,2,-0.13283324241638184,0.24065823554992677,2,0.13270771790204708,0.1956110963378974
loo_screwDriver,mamba,1,screwDriver_Pose1_Exp3,screwDriver,0.6145281851300318,628,301,1,0,12,0,20.927590131759644,10.89095139503479,8.530488729476929,18.567127466201782,0.14285714285714285,0.07692307692307693,0.9230769230769231,0.0,0.7832638692489251,0.887208099418211,1,0.0,0.0,1,0.0,0.0,1,-0.6002902984619141,-0.6002902984619141,1,0.07901688599839718,0.07901688599839718
loo_screwDriver,mamba,1,screwDriver_Pose1_Exp4,screwDriver,0.8396658662849628,426,191,1,0,4,0,14.194093227386475,7.827601432800293,5.335157632827759,11.70164942741394,0.3333333333333333,0.2,0.8,0.0,0.6815826889794934,0.8244027455615449,1,0.0,0.0,1,0.0,0.0,1,-0.6019651889801025,-0.6019651889801025,1,0.1281876069357802,0.1281876069357802
loo_screwDriver,mamba,1,screwDriver_Pose1_Exp5,screwDriver,0.9116732850968857,423,199,1,0,3,0,14.09473705291748,7.460556745529175,5.0324866771698,11.666666984558105,0.4,0.25,0.75,0.0,0.6745457274600285,0.8277321485854334,1,0.0,0.0,1,0.0,0.0,1,-0.5001330375671387,-0.5001330375671387,1,0.3542911296765156,0.3542911296765156
loo_screwDriver,mamba,1,screwDriver_Pose1_Exp6,screwDriver,0.6218697244466357,613,217,2,1,3,0,20.428168296813965,13.19499158859253,6.000871658325195,12.867716789245605,0.5,0.4,0.6,2.937120897391362,0.4547840457521118,0.6299006647234491,2,0.016869425773620605,0.030364966392517092,2,0.016869425773620605,0.030364966392517092,2,-0.45026886463165283,-0.06306269168853758,2,0.20924484149229092,0.24178501217469098
loo_screwDriver,mamba,1,screwDriver_Pose1_Exp7,screwDriver,0.6333853919870929,359,189,1,0,1,0,11.95963168144226,5.661576747894287,5.599853515625,10.732145309448242,0.6666666666666666,0.5,0.5,0.0,0.9890978723741148,0.897364199442805,1,0.0,0.0,1,0.0,0.0,1,-2.966280221939087,-2.966280221939087,1,0.39747149101566004,0.39747149101566004
loo_screwDriver,mamba,1,screwDriver_Pose1_Exp8,screwDriver,0.35696058244379797,684,233,1,0,3,0,22.793704748153687,15.029102087020874,12.668156385421753,20.432759046554565,0.4,0.25,0.75,0.0,0.8429083994553452,0.8964211510289761,1,0.0,0.0,1,0.0,0.0,1,-0.6999902725219727,-0.6999902725219727,1,0.2006449897791983,0.2006449897791983
loo_screwDriver,mamba,1,screwDriver_Pose1_Exp9,screwDriver,0.7177614783486626,688,308,2,1,2,0,22.927485466003418,12.661098003387451,10.099899530410767,19.866885662078857,0.5714285714285714,0.5,0.5,2.61694637595419,0.7977111880587733,0.8665095739145586,2,0.28282463550567627,0.5090843439102173,2,0.28282463550567627,0.5090843439102173,2,-0.0007346868515014648,0.4523724794387818,2,0.3618589994462225,0.4808394472275899
loo_screwDriver,mamba,1,screwDriver_Pose2_Exp1,screwDriver,,638,0,0,4,0,0,21.261131048202515,21.261131048202515,1.832413673400879,1.832413673400879,0.0,0.0,0.0,11.288204727014763,0.08618608620804287,0.08618608620804287,0,,,0,,,0,,,0,,
loo_screwDriver,mamba,1,screwDriver_Pose2_Exp10,screwDriver,0.458510083102108,110,23,1,0,0,0,3.6579785346984863,2.891040325164795,0.5994088649749756,1.2347047328948975,1.0,1.0,0.0,0.0,0.2073332771450734,0.33753744621048454,1,0.0,0.0,1,0.0,0.0,1,-0.5988430976867676,-0.5988430976867676,1,0.46495936484393746,0.46495936484393746
loo_screwDriver,mamba,1,screwDriver_Pose2_Exp2,screwDriver,0.35230497506951286,336,63,1,0,2,0,11.199584484100342,9.101563215255737,6.707436800003052,8.50510025024414,0.5,0.3333333333333333,0.6666666666666666,0.0,0.736954371613908,0.7594121248264643,1,0.0,0.0,1,0.0,0.0,1,-0.9680800437927246,-0.9680800437927246,1,0.10557089489814363,0.10557089489814363
loo_screwDriver,mamba,1,screwDriver_Pose2_Exp3,screwDriver,0.7168081574158369,406,109,2,1,1,0,13.53429102897644,9.90089225769043,5.50092887878418,8.101057291030884,0.6666666666666666,0.6666666666666666,0.3333333333333333,4.4331838196431645,0.5555993071747026,0.5985579350766734,2,0.33298182487487793,0.3334643840789795,2,0.33298182487487793,0.3334643840789795,2,0.33298182487487793,0.3334643840789795,2,0.36198135997247094,0.5747346308154778
loo_screwDriver,mamba,1,screwDriver_Pose2_Exp4,screwDriver,0.4366282763802152,385,93,3,1,1,0,12.828332901000977,9.727771043777466,5.26548957824707,7.633413553237915,0.75,0.75,0.25,4.677147097992623,0.5412842833729347,0.5950433008050712,3,0.06767416000366211,0.6805069923400879,3,0.06767416000366211,0.6805069923400879,3,0.06767416000366211,0.6805069923400879,3,0.05722669424188666,0.08319362577593029
loo_screwDriver,mamba,1,screwDriver_Pose2_Exp5,screwDriver,0.8866157852677461,109,18,1,0,0,0,3.628373384475708,3.0278735160827637,0.7996852397918701,1.4001851081848145,1.0,1.0,0.0,0.0,0.26410787489777415,0.38589884772488436,1,0.0,0.0,1,0.0,0.0,1,-0.8007619380950928,-0.8007619380950928,1,0.4288717719412301,0.4288717719412301
loo_screwDriver,mamba,1,screwDriver_Pose2_Exp6,screwDriver,0.6353970852667921,303,110,2,2,0,0,10.092660427093506,6.427246332168579,0.9002997875213623,3.835019588470459,0.6666666666666666,1.0,0.0,11.889828342769055,0.14007550683335915,0.3799810383172548,2,0.033605337142944336,0.06048960685729981,2,0.033605337142944336,0.06048960685729981,2,-0.35038530826568604,-0.016308522224426247,2,0.3933003967038312,0.6500288906353355
loo_screwDriver,mamba,1,screwDriver_Pose2_Exp7,screwDriver,0.7349289884582109,355,153,2,0,0,0,11.828151226043701,6.728988170623779,2.272615909576416,5.93865704536438,1.0,1.0,0.0,0.0,0.3377351619516584,0.5020782142426794,2,0.016392111778259277,0.0295058012008667,2,0.016392111778259277,0.0295058012008667,2,-0.34985828399658203,-0.043744277954101546,2,0.3378277095005618,0.5562095585967157
loo_screwDriver,mamba,1,screwDriver_Pose2_Exp8,screwDriver,0.7820446023662797,299,110,1,0,1,0,9.959246158599854,6.2929911613464355,0.866870641708374,2.8007609844207764,0.6666666666666666,0.5,0.5,0.0,0.1377517653342612,0.2812221868823181,1,0.0,0.0,1,0.0,0.0,1,-0.8667552471160889,-0.8667552471160889,1,0.48748395426908847,0.48748395426908847
loo_screwDriver,mamba,1,screwDriver_Pose2_Exp9,screwDriver,,627,0,0,1,0,0,20.91916060447693,20.91916060447693,18.685508489608765,18.685508489608765,0.0,0.0,0.0,2.8681839168613363,0.8932245821378637,0.8932245821378637,0,,,0,,,0,,,0,,
loo_screwDriver,mamba,1,screwDriver_Pose3_Exp1,screwDriver,0.5449264975874261,125,36,1,1,0,0,4.156215667724609,2.956183910369873,0.733283281326294,1.3664684295654297,0.6666666666666666,1.0,0.0,14.436209474386592,0.2480506299875459,0.32877707482237706,1,0.0,0.0,1,0.0,0.0,1,-0.7333004474639893,-0.7333004474639893,1,0.051649352175649726,0.051649352175649726
loo_screwDriver,mamba,1,screwDriver_Pose3_Exp10,screwDriver,0.2899247380384488,668,268,1,0,3,0,22.261112451553345,13.32762360572815,10.83321738243103,19.766706228256226,0.4,0.25,0.75,0.0,0.8128393855431936,0.8879478180290553,1,0.0,0.0,1,0.0,0.0,1,-0.6666340827941895,-0.6666340827941895,1,0.18718688853219986,0.18718688853219986
loo_screwDriver,mamba,1,screwDriver_Pose3_Exp2,screwDriver,0.4465653573118667,671,289,3,0,4,0,22.3610782623291,12.727337837219238,9.666641235351562,16.000219345092773,0.6,0.42857142857142855,0.5714285714285714,0.0,0.7595179258212887,0.715538810668525,3,0.40012121200561523,1.333495807647705,3,0.40012121200561523,1.333495807647705,3,0.40012121200561523,1.333495807647705,3,0.16142429242020156,0.200720389653881
loo_screwDriver,mamba,1,screwDriver_Pose3_Exp3,screwDriver,0.4226933283494974,702,271,1,0,4,0,23.39466118812561,14.361364841461182,11.333222389221191,20.36651873588562,0.3333333333333333,0.2,0.8,0.0,0.7891466106690808,0.8705626712056433,1,0.0,0.0,1,0.0,0.0,1,-0.699908971786499,-0.699908971786499,1,0.0785608074399218,0.0785608074399218
loo_screwDriver,mamba,1,screwDriver_Pose3_Exp4,screwDriver,0.41390240874119805,695,260,1,0,4,0,23.16088080406189,14.493991374969482,11.433393001556396,20.100282430648804,0.3333333333333333,0.2,0.8,0.0,0.7888367466053132,0.8678548368127551,1,0.0,0.0,1,0.0,0.0,1,-0.7331969738006592,-0.7331969738006592,1,0.17578860136789848,0.17578860136789848
loo_screwDriver,mamba,1,screwDriver_Pose3_Exp5,screwDriver,0.36692258603215755,660,185,3,0,5,0,21.994316339492798,15.82801628112793,12.833502292633057,17.36667227745056,0.5454545454545454,0.375,0.625,0.0,0.8108092678635103,0.7895981857034183,3,0.9665212631225586,1.446613883972168,3,0.9665212631225586,1.446613883972168,3,0.9665212631225586,1.446613883972168,3,0.07572439178291587,0.17935531432159182
loo_screwDriver,mamba,1,screwDriver_Pose3_Exp6,screwDriver,0.4133472663942758,702,309,1,0,6,0,23.39455533027649,13.09459137916565,10.533433437347412,20.833397388458252,0.25,0.14285714285714285,0.8571428571428571,0.0,0.8044110069831422,0.8905233330721329,1,0.0,0.0,1,0.0,0.0,1,-0.7665114402770996,-0.7665114402770996,1,0.18399685553945325,0.18399685553945325
loo_screwDriver,mamba,1,screwDriver_Pose3_Exp7,screwDriver,0.5309404013567613,626,196,1,0,6,0,20.861063957214355,14.327000141143799,11.965975761413574,18.50003957748413,0.25,0.14285714285714285,0.8571428571428571,0.0,0.8352045538863426,0.8868214783017472,1,0.0,0.0,1,0.0,0.0,1,-0.633399248123169,-0.633399248123169,1,0.06306295822180845,0.06306295822180845
loo_screwDriver,mamba,1,screwDriver_Pose3_Exp8,screwDriver,0.606810879215222,489,204,2,0,3,0,16.29474401473999,9.493213891983032,7.099700450897217,13.901230573654175,0.5714285714285714,0.4,0.6,0.0,0.747871114216954,0.8531113198881383,2,0.0,0.0,2,0.0,0.0,2,-1.649828314781189,-0.7565682172775268,2,0.1649891493735135,0.20652266435915426
loo_screwDriver,mamba,1,screwDriver_Pose3_Exp9,screwDriver,0.5189514844692968,679,240,1,0,6,0,22.62770962715149,14.627729415893555,11.933312177658081,19.933292388916016,0.25,0.14285714285714285,0.8571428571428571,0.0,0.8158007191937874,0.8809239961696175,1,0.0,0.0,1,0.0,0.0,1,-0.7335505485534668,-0.7335505485534668,1,0.021737156899012188,0.021737156899012188
loo_screwDriver,mamba,2,screwDriver_Pose1_Exp1,screwDriver,,689,0,0,1,0,0,22.960466384887695,22.960466384887695,0.06490063667297363,0.06490063667297363,0.0,0.0,0.0,2.6131873366253258,0.002826625364878932,0.002826625364878932,0,,,0,,,0,,,0,,
loo_screwDriver,mamba,2,screwDriver_Pose1_Exp10,screwDriver,0.7475783676089784,671,253,2,0,2,0,22.36756706237793,13.924768209457397,4.233866214752197,8.667285680770874,0.6666666666666666,0.5,0.5,0.0,0.30405290422548276,0.38749344783899986,2,0.5330473184585571,0.9594851732254028,2,0.5330473184585571,0.9594851732254028,2,0.46672749519348145,0.9462212085723878,2,0.3228290708691984,0.4354543056835954
loo_screwDriver,mamba,2,screwDriver_Pose1_Exp2,screwDriver,0.6761885602050532,667,266,1,4,13,0,22.228798627853394,13.363393068313599,0.4990072250366211,2.7670726776123047,0.10526315789473684,0.07142857142857142,0.9285714285714286,10.796804812441477,0.03734135653166068,0.12448143167508272,1,0.0,0.0,1,0.0,0.0,1,-0.33278965950012207,-0.33278965950012207,1,0.16679807627237578,0.16679807627237578
loo_screwDriver,mamba,2,screwDriver_Pose1_Exp3,screwDriver,0.7293650393500674,628,301,1,0,12,0,20.927590131759644,10.89095139503479,7.929879426956177,17.599820613861084,0.14285714285714285,0.07692307692307693,0.9230769230769231,0.0,0.7281163177875742,0.8409864921404234,1,0.36598753929138184,0.36598753929138184,1,0.36598753929138184,0.36598753929138184,1,0.36598753929138184,0.36598753929138184,1,0.0612483194834659,0.0612483194834659
loo_screwDriver,mamba,2,screwDriver_Pose1_Exp4,screwDriver,0.8018410671262096,426,191,1,0,4,0,14.194093227386475,7.827601432800293,5.200348854064941,11.566840648651123,0.3333333333333333,0.2,0.8,0.0,0.6643604555890804,0.8149052189070973,1,0.0,0.0,1,0.0,0.0,1,-0.46740293502807617,-0.46740293502807617,1,0.12968160302930778,0.12968160302930778
loo_screwDriver,mamba,2,screwDriver_Pose1_Exp5,screwDriver,0.8789294179136393,423,199,1,1,3,0,14.09473705291748,7.460556745529175,4.665577173233032,11.299757480621338,0.3333333333333333,0.25,0.75,4.256908076733546,0.625365818178239,0.8017004814064547,1,0.0,0.0,1,0.0,0.0,1,0.0,0.0,1,0.3701389948975638,0.3701389948975638
loo_screwDriver,mamba,2,screwDriver_Pose1_Exp6,screwDriver,0.38384280881696164,613,217,5,1,0,0,20.428168296813965,13.19499158859253,5.8339316844940186,11.367290735244751,0.9090909090909091,1.0,0.0,2.937120897391362,0.44213227763916346,0.556451786086843,5,0.0,1.646568536758423,5,0.0,1.646568536758423,5,-0.7673592567443848,1.646568536758423,5,0.07738728853936856,0.1536115685081737
loo_screwDriver,mamba,2,screwDriver_Pose1_Exp7,screwDriver,0.45008752600135704,359,189,2,0,0,0,11.95963168144226,5.661576747894287,2.6337106227874756,7.1341211795806885,1.0,1.0,0.0,0.0,0.46519030652848303,0.5965167966377001,2,0.4337965250015259,0.5670270204544068,2,0.4337965250015259,0.5670270204544068,2,0.4337965250015259,0.5670270204544068,2,0.4327187920658903,0.5034916453673847
loo_screwDriver,mamba,2,screwDriver_Pose1_Exp8,screwDriver,0.36534830154931386,684,233,1,0,3,0,22.793704748153687,15.029102087020874,11.934827089309692,15.766508340835571,0.4,0.25,0.75,0.0,0.7941144467716806,0.691704508549128,1,3.9335272312164307,3.9335272312164307,1,3.9335272312164307,3.9335272312164307,1,3.9335272312164307,3.9335272312164307,1,0.008467723307883169,0.008467723307883169
loo_screwDriver,mamba,2,screwDriver_Pose1_Exp9,screwDriver,0.8941731236755635,688,308,3,1,1,0,22.927485466003418,12.661098003387451,0.03407001495361328,5.366804838180542,0.75,0.75,0.25,2.61694637595419,0.0026909210357978367,0.23407734119549967,3,0.8656806945800781,1.4238056182861327,3,0.8656806945800781,1.4238056182861327,3,0.8656806945800781,1.4238056182861327,3,0.5273311113076227,0.7120604101463828
loo_screwDriver,mamba,2,screwDriver_Pose2_Exp1,screwDriver,,638,0,0,0,0,0,21.261131048202515,21.261131048202515,0.0,0.0,0.0,0.0,0.0,0.0,0.0,0.0,0,,,0,,,0,,,0,,
loo_screwDriver,mamba,2,screwDriver_Pose2_Exp10,screwDriver,0.917869323369698,110,23,1,0,0,0,3.6579785346984863,2.891040325164795,0.0,0.49857068061828613,1.0,1.0,0.0,0.0,0.0,0.1362967759075113,1,0.26673221588134766,0.26673221588134766,1,0.26673221588134766,0.26673221588134766,1,0.26673221588134766,0.26673221588134766,1,0.6500793341896783,0.6500793341896783
loo_screwDriver,mamba,2,screwDriver_Pose2_Exp2,screwDriver,0.43550219122439565,336,63,1,0,2,0,11.199584484100342,9.101563215255737,5.738024711608887,7.305215120315552,0.5,0.3333333333333333,0.6666666666666666,0.0,0.6304438672678777,0.6522755492122507,1,0.3657491207122803,0.3657491207122803,1,0.3657491207122803,0.3657491207122803,1,0.3657491207122803,0.3657491207122803,1,0.06967353654350125,0.06967353654350125
loo_screwDriver,mamba,2,screwDriver_Pose2_Exp3,screwDriver,0.6781810310048703,406,109,3,1,0,0,13.53429102897644,9.90089225769043,0.36727046966552734,1.2383577823638916,0.8571428571428571,1.0,0.0,4.4331838196431645,0.03709468400489393,0.09149779472841327,3,0.5667364597320557,1.021196222305298,3,0.5667364597320557,1.021196222305298,3,0.5667364597320557,1.021196222305298,3,0.14048604125752423,0.32487272781764004
loo_screwDriver,mamba,2,screwDriver_Pose2_Exp4,screwDriver,0.5645743867873299,385,93,2,1,2,0,12.828332901000977,9.727771043777466,4.666001558303833,6.866658926010132,0.5714285714285714,0.5,0.5,4.677147097992623,0.47965783089524094,0.5352728978115571,2,0.11655056476593018,0.20979101657867433,2,0.11655056476593018,0.20979101657867433,2,-1.0333913564682007,-0.020197367668151778,2,0.3069052351863818,0.4727622963297592
loo_screwDriver,mamba,2,screwDriver_Pose2_Exp5,screwDriver,1.0,109,18,1,0,0,0,3.628373384475708,3.0278735160827637,0.5339233875274658,1.1344232559204102,1.0,1.0,0.0,0.0,0.17633609352949986,0.31265339470687686,1,0.0,0.0,1,0.0,0.0,1,-0.5341668128967285,-0.5341668128967285,1,0.5293437570668726,0.5293437570668726
loo_screwDriver,mamba,2,screwDriver_Pose2_Exp6,screwDriver,0.6552454885003776,303,110,1,1,1,0,10.092660427093506,6.427246332168579,1.1655700206756592,3.0327043533325195,0.5,0.5,0.5,5.944914171384528,0.18134827271858914,0.30048611812910075,1,0.0,0.0,1,0.0,0.0,1,-0.6333999633789062,-0.6333999633789062,1,0.026145435751353318,0.026145435751353318
loo_screwDriver,mamba,2,screwDriver_Pose2_Exp7,screwDriver,0.37193963652070333,355,153,1,0,1,0,11.828151226043701,6.728988170623779,3.2335927486419678,4.9302978515625,0.6666666666666666,0.5,0.5,0.0,0.4805466537686323,0.4168274278322356,1,2.0394041538238525,2.0394041538238525,1,2.0394041538238525,2.0394041538238525,1,2.0394041538238525,2.0394041538238525,1,0.2197178955990094,0.2197178955990094
loo_screwDriver,mamba,2,screwDriver_Pose2_Exp8,screwDriver,0.8737388676187224,299,110,1,0,1,0,9.959246158599854,6.2929911613464355,0.066192626953125,2.6344668865203857,0.6666666666666666,0.5,0.5,0.0,0.01051846812684265,0.26452472853535325,1,0.5341873168945312,0.5341873168945312,1,0.5341873168945312,0.5341873168945312,1,0.5341873168945312,0.5341873168945312,1,0.8111004592017061,0.8111004592017061
loo_screwDriver,mamba,2,screwDriver_Pose2_Exp9,screwDriver,,627,0,0,0,0,0,20.91916060447693,20.91916060447693,0.0,0.0,0.0,0.0,0.0,0.0,0.0,0.0,0,,,0,,,0,,,0,,
loo_screwDriver,mamba,2,screwDriver_Pose3_Exp1,screwDriver,0.9962979921313255,125,36,1,0,0,0,4.156215667724609,2.956183910369873,0.0,0.3999638557434082,1.0,1.0,0.0,0.0,0.0,0.09623270006158635,1,0.8001878261566162,0.8001878261566162,1,0.8001878261566162,0.8001878261566162,1,0.8001878261566162,0.8001878261566162,1,0.333294392662624,0.333294392662624
loo_screwDriver,mamba,2,screwDriver_Pose3_Exp10,screwDriver,0.5006295672966157,668,268,3,1,1,0,22.261112451553345,13.32762360572815,10.199792623519897,17.266510486602783,0.75,0.75,0.25,2.695283092009775,0.7653121760683633,0.7756355628758326,3,0.06671977043151855,0.38680968284606937,3,0.06671977043151855,0.38680968284606937,3,0.06671977043151855,0.38680968284606937,3,0.2792371983343741,0.38921554280325016
loo_screwDriver,mamba,2,screwDriver_Pose3_Exp2,screwDriver,0.43933546752076674,671,289,4,7,3,0,22.3610782623291,12.727337837219238,5.30014705657959,7.500203847885132,0.4444444444444444,0.5714285714285714,0.42857142857142855,18.78263628760509,0.41643799546831267,0.3354133356136253,4,1.033437728881836,1.779882025718689,4,1.033437728881836,1.779882025718689,4,1.033437728881836,1.779882025718689,4,0.08450730164668072,0.295711303279524
loo_screwDriver,mamba,2,screwDriver_Pose3_Exp3,screwDriver,0.51898957975546,702,271,4,3,1,0,23.39466118812561,14.361364841461182,3.033428430557251,6.833611249923706,0.6666666666666666,0.8,0.2,7.694063126306881,0.21122145868753084,0.2921013129864104,4,0.5833905935287476,1.3132558822631837,4,0.5833905935287476,1.3132558822631837,4,0.5833905935287476,1.3132558822631837,4,0.07335909036391794,0.15035600674743563
loo_screwDriver,mamba,2,screwDriver_Pose3_Exp4,screwDriver,0.5044470543366716,695,260,2,2,3,0,23.16088080406189,14.493991374969482,3.0335354804992676,7.033504486083984,0.4444444444444444,0.4,0.6,5.181150104574379,0.20929607324991628,0.30368035419665335,2,0.5834604501724243,0.7567158937454224,2,0.5834604501724243,0.7567158937454224,2,0.5834604501724243,0.7567158937454224,2,0.19835598704026292,0.33440911206651364
loo_screwDriver,mamba,2,screwDriver_Pose3_Exp5,screwDriver,0.2621873333008088,660,185,5,3,3,0,21.994316339492798,15.82801628112793,5.232648134231567,7.16546893119812,0.625,0.625,0.375,8.183932486084762,0.33059405811141107,0.325787299800352,5,0.03322434425354004,0.29326701164245605,5,0.03322434425354004,0.29326701164245605,5,0.03322434425354004,0.29326701164245605,5,0.1349830181775376,0.2994030226526769
loo_screwDriver,mamba,2,screwDriver_Pose3_Exp6,screwDriver,0.5146522297988976,702,309,3,6,4,0,23.39455533027649,13.09459137916565,3.8002161979675293,8.666630029678345,0.375,0.42857142857142855,0.5714285714285714,15.388195882231601,0.2902126601685274,0.37045500148755844,3,0.9000129699707031,1.3800434112548827,3,0.9000129699707031,1.3800434112548827,3,0.9000129699707031,1.3800434112548827,3,0.0250320598235413,0.0837991923867469
loo_screwDriver,mamba,2,screwDriver_Pose3_Exp7,screwDriver,0.3228899745946371,626,196,4,0,3,0,20.861063957214355,14.327000141143799,6.600235939025879,11.400743246078491,0.7272727272727273,0.5714285714285714,0.42857142857142855,0.0,0.46068513115118515,0.5465082351245938,4,0.0,0.5599535703659059,4,0.0,0.5599535703659059,4,-0.1000065803527832,0.5599535703659059,4,0.7026828914046913,0.8253102367783018
loo_screwDriver,mamba,2,screwDriver_Pose3_Exp8,screwDriver,0.6796003219251329,489,204,4,0,1,0,16.29474401473999,9.493213891983032,3.532127618789673,8.23278546333313,0.8888888888888888,0.8,0.2,0.0,0.37206868600870097,0.5052417795508706,4,0.5503019094467163,0.7234935283660888,4,0.5503019094467163,0.7234935283660888,4,0.5503019094467163,0.7234935283660888,4,0.37735085655099077,0.616266500533216
loo_screwDriver,mamba,2,screwDriver_Pose3_Exp9,screwDriver,0.2576817690304885,679,240,2,0,5,0,22.62770962715149,14.627729415893555,11.600154638290405,19.500086307525635,0.4444444444444444,0.2857142857142857,0.7142857142857143,0.0,0.7930249670660724,0.8617790588989639,2,0.46651530265808105,0.8397275447845459,2,0.46651530265808105,0.8397275447845459,2,0.23311781883239746,0.7930480480194092,2,0.05296996642825912,0.07732336666679059
loo_screwDriver,mamba,3,screwDriver_Pose1_Exp1,screwDriver,,689,0,0,1,0,0,22.960466384887695,22.960466384887695,20.133090257644653,20.133090257644653,0.0,0.0,0.0,2.6131873366253258,0.8768589418068621,0.8768589418068621,0,,,0,,,0,,,0,,
loo_screwDriver,mamba,3,screwDriver_Pose1_Exp10,screwDriver,0.39716545866927333,671,253,1,0,3,0,22.36756706237793,13.924768209457397,11.496699094772339,19.93949794769287,0.4,0.25,0.75,0.0,0.8256294770468088,0.8914468834310973,1,0.0,0.0,1,0.0,0.0,1,-0.6662073135375977,-0.6662073135375977,1,0.19221859167453884,0.19221859167453884
loo_screwDriver,mamba,3,screwDriver_Pose1_Exp2,screwDriver,0.6388695691539547,667,266,1,0,13,0,22.228798627853394,13.363393068313599,11.201291799545288,20.066697359085083,0.13333333333333333,0.07142857142857142,0.9285714285714286,0.0,0.838207163576222,0.9027342275682353,1,0.0,0.0,1,0.0,0.0,1,-0.6990475654602051,-0.6990475654602051,1,0.19272096755560977,0.19272096755560977
loo_screwDriver,mamba,3,screwDriver_Pose1_Exp3,screwDriver,0.5443776347736875,628,301,1,0,12,0,20.927590131759644,10.89095139503479,8.563737630844116,18.60037636756897,0.14285714285714285,0.07692307692307693,0.9230769230769231,0.0,0.7863167615226292,0.8887968586187618,1,0.0,0.0,1,0.0,0.0,1,-0.6341967582702637,-0.6341967582702637,1,0.07887564021944166,0.07887564021944166
loo_screwDriver,mamba,3,screwDriver_Pose1_Exp4,screwDriver,0.5757995495533776,426,191,1,0,4,0,14.194093227386475,7.827601432800293,5.367937088012695,11.734428882598877,0.3333333333333333,0.2,0.8,0.0,0.6857703645358368,0.8267121185281597,1,0.0,0.0,1,0.0,0.0,1,-0.6353576183319092,-0.6353576183319092,1,0.12782952219566587,0.12782952219566587
loo_screwDriver,mamba,3,screwDriver_Pose1_Exp5,screwDriver,0.8193364292616111,423,199,1,0,3,0,14.09473705291748,7.460556745529175,5.0324866771698,11.666666984558105,0.4,0.25,0.75,0.0,0.6745457274600285,0.8277321485854334,1,0.0,0.0,1,0.0,0.0,1,-0.5001330375671387,-0.5001330375671387,1,0.3542911296765156,0.3542911296765156
loo_screwDriver,mamba,3,screwDriver_Pose1_Exp6,screwDriver,0.7029084053168095,613,217,1,0,4,0,20.428168296813965,13.19499158859253,11.067464351654053,18.30064105987549,0.3333333333333333,0.2,0.8,0.0,0.8387625166220046,0.8958532548769783,1,0.0,0.0,1,0.0,0.0,1,-0.9342765808105469,-0.9342765808105469,1,0.1748105993591429,0.1748105993591429
loo_screwDriver,mamba,3,screwDriver_Pose1_Exp7,screwDriver,0.4948126352684314,359,189,1,0,1,0,11.95963168144226,5.661576747894287,5.500108480453491,11.798163414001465,0.6666666666666666,0.5,0.5,0.0,0.9714799825859729,0.9864988929641249,1,0.0,0.0,1,0.0,0.0,1,-2.8660085201263428,-2.8660085201263428,1,0.361558121231036,0.361558121231036
loo_screwDriver,mamba,3,screwDriver_Pose1_Exp8,screwDriver,0.3660214477040535,684,233,1,0,3,0,22.793704748153687,15.029102087020874,12.635133743286133,20.399736404418945,0.4,0.25,0.75,0.0,0.8407111529435833,0.8949723895178271,1,0.0,0.0,1,0.0,0.0,1,-0.6666281223297119,-0.6666281223297119,1,0.20096978945123467,0.20096978945123467
loo_screwDriver,mamba,3,screwDriver_Pose1_Exp9,screwDriver,0.6853932298999639,688,308,1,0,3,0,22.927485466003418,12.661098003387451,10.100313425064087,20.366700887680054,0.4,0.25,0.75,0.0,0.7977438783241207,0.8883094013026216,1,0.0,0.0,1,0.0,0.0,1,-0.6006069183349609,-0.6006069183349609,1,0.1963959717005036,0.1963959717005036
loo_screwDriver,mamba,3,screwDriver_Pose2_Exp1,screwDriver,,638,0,0,1,0,0,21.261131048202515,21.261131048202515,19.133833169937134,19.133833169937134,0.0,0.0,0.0,2.822051181753691,0.8999442751449843,0.8999442751449843,0,,,0,,,0,,,0,,
loo_screwDriver,mamba,3,screwDriver_Pose2_Exp10,screwDriver,0.7453330419094218,110,23,1,0,0,0,3.6579785346984863,2.891040325164795,0.6986076831817627,1.4318552017211914,1.0,1.0,0.0,0.0,0.24164577612453078,0.3914334619897418,1,0.0,0.0,1,0.0,0.0,1,-0.6991360187530518,-0.6991360187530518,1,0.5003238193932108,0.5003238193932108
loo_screwDriver,mamba,3,screwDriver_Pose2_Exp2,screwDriver,0.6577324116840463,336,63,1,0,2,0,11.199584484100342,9.101563215255737,6.807645797729492,8.871958494186401,0.5,0.3333333333333333,0.6666666666666666,0.0,0.7479644580525181,0.7921685404294785,1,0.0,0.0,1,0.0,0.0,1,-1.0680577754974365,-1.0680577754974365,1,0.10120550554931781,0.10120550554931781
loo_screwDriver,mamba,3,screwDriver_Pose2_Exp3,screwDriver,0.6444932601848882,406,109,2,1,1,0,13.53429102897644,9.90089225769043,6.338048219680786,9.572011232376099,0.6666666666666666,0.6666666666666666,0.3333333333333333,4.4331838196431645,0.6401491961250021,0.7072414219468726,2,0.10049235820770264,0.18088624477386475,2,0.10049235820770264,0.18088624477386475,2,-0.3491935729980469,0.09094905853271487,2,0.45033081069004705,0.7125968953760985
loo_screwDriver,mamba,3,screwDriver_Pose2_Exp4,screwDriver,0.45416167059550594,385,93,1,0,3,0,12.828332901000977,9.727771043777466,5.600022315979004,8.533388376235962,0.4,0.25,0.75,0.0,0.5756737376709903,0.6651985446659334,1,0.0,0.0,1,0.0,0.0,1,-0.9324605464935303,-0.9324605464935303,1,0.13673237803536442,0.13673237803536442
loo_screwDriver,mamba,3,screwDriver_Pose2_Exp5,screwDriver,1.0,109,18,1,0,0,0,3.628373384475708,3.0278735160827637,0.8338603973388672,1.4343602657318115,1.0,1.0,0.0,0.0,0.2753947260048212,0.3953177123029397,1,0.0,0.0,1,0.0,0.0,1,-0.8341207504272461,-0.8341207504272461,1,0.41865344623623474,0.41865344623623474
loo_screwDriver,mamba,3,screwDriver_Pose2_Exp6,screwDriver,0.6357865325130839,303,110,1,0,1,0,10.092660427093506,6.427246332168579,0.932873010635376,4.099841594696045,0.6666666666666666,0.5,0.5,0.0,0.1451434972962396,0.40622010661233765,1,0.0,0.0,1,0.0,0.0,1,-0.9336981773376465,-0.9336981773376465,1,0.7662280442935973,0.7662280442935973
loo_screwDriver,mamba,3,screwDriver_Pose2_Exp7,screwDriver,0.6628437994869988,355,153,1,1,1,0,11.828151226043701,6.728988170623779,2.901020050048828,6.467677593231201,0.5,0.5,0.5,5.072643970588538,0.431122774552285,0.5468037624502473,1,0.0,0.0,1,0.0,0.0,1,-0.6989972591400146,-0.6989972591400146,1,0.5572327731844304,0.5572327731844304
loo_screwDriver,mamba,3,screwDriver_Pose2_Exp8,screwDriver,0.7046214527338623,299,110,1,1,1,0,9.959246158599854,6.2929911613464355,0.8333687782287598,2.166780948638916,0.5,0.5,0.5,6.024552365159659,0.13242808655883348,0.2175647548150912,1,0.0,0.0,1,0.0,0.0,1,-0.7664835453033447,-0.7664835453033447,1,0.3447613587678499,0.3447613587678499
loo_screwDriver,mamba,3,screwDriver_Pose2_Exp9,screwDriver,,627,0,0,1,0,0,20.91916060447693,20.91916060447693,18.78542685508728,18.78542685508728,0.0,0.0,0.0,2.8681839168613363,0.8980009862856062,0.8980009862856062,0,,,0,,,0,,,0,,
loo_screwDriver,mamba,3,screwDriver_Pose3_Exp1,screwDriver,0.6830621574863628,125,36,1,0,0,0,4.156215667724609,2.956183910369873,0.733283281326294,1.9333150386810303,1.0,1.0,0.0,0.0,0.2480506299875459,0.4651623479730195,1,0.0,0.0,1,0.0,0.0,1,-0.7333004474639893,-0.7333004474639893,1,0.6207119550331728,0.6207119550331728
loo_screwDriver,mamba,3,screwDriver_Pose3_Exp10,screwDriver,0.29259061342964104,668,268,1,0,3,0,22.261112451553345,13.32762360572815,10.899720668792725,19.83320951461792,0.4,0.25,0.75,0.0,0.8178292688358993,0.8909352377506179,1,0.0,0.0,1,0.0,0.0,1,-0.6666340827941895,-0.6666340827941895,1,0.18655922697081534,0.18655922697081534
loo_screwDriver,mamba,3,screwDriver_Pose3_Exp2,screwDriver,0.40026326823651226,671,289,1,0,6,0,22.3610782623291,12.727337837219238,10.399625301361084,20.033365726470947,0.25,0.14285714285714285,0.8571428571428571,0.0,0.8171092363831893,0.895903385849708,1,0.0,0.0,1,0.0,0.0,1,-0.6999800205230713,-0.6999800205230713,1,0.02663326003302834,0.02663326003302834
loo_screwDriver,mamba,3,screwDriver_Pose3_Exp3,screwDriver,0.4732903836262715,702,271,1,0,4,0,23.39466118812561,14.361364841461182,11.66654086112976,20.69983720779419,0.3333333333333333,0.2,0.8,0.0,0.8123559974918624,0.8848103010058026,1,0.0,0.0,1,0.0,0.0,1,-0.699908971786499,-0.699908971786499,1,0.07729578453056683,0.07729578453056683
loo_screwDriver,mamba,3,screwDriver_Pose3_Exp4,screwDriver,0.4721591696112218,695,260,1,0,4,0,23.16088080406189,14.493991374969482,11.533616781234741,20.20050621032715,0.3333333333333333,0.2,0.8,0.0,0.7957515968412135,0.8721821238674325,1,0.0,0.0,1,0.0,0.0,1,-0.7331969738006592,-0.7331969738006592,1,0.17491643520186181,0.17491643520186181
loo_screwDriver,mamba,3,screwDriver_Pose3_Exp5,screwDriver,0.32508251398008536,660,185,1,0,7,0,21.994316339492798,15.82801628112793,13.56708812713623,19.7333881855011,0.2222222222222222,0.125,0.875,0.0,0.8571565688438513,0.8972039812880205,1,0.0,0.0,1,0.0,0.0,1,-0.700023889541626,-0.700023889541626,1,0.016884470897502942,0.016884470897502942
loo_screwDriver,mamba,3,screwDriver_Pose3_Exp6,screwDriver,0.38100767765554744,702,309,1,0,6,0,23.39455533027649,13.09459137916565,10.900017738342285,21.199981689453125,0.25,0.14285714285714285,0.8571428571428571,0.0,0.8324060997951357,0.9061929748250774,1,0.0,0.0,1,0.0,0.0,1,-0.7665114402770996,-0.7665114402770996,1,0.18081523209933767,0.18081523209933767
loo_screwDriver,mamba,3,screwDriver_Pose3_Exp7,screwDriver,0.3033258633067657,626,196,1,0,6,0,20.861063957214355,14.327000141143799,11.965975761413574,18.50003957748413,0.25,0.14285714285714285,0.8571428571428571,0.0,0.8352045538863426,0.8868214783017472,1,0.0,0.0,1,0.0,0.0,1,-0.633399248123169,-0.633399248123169,1,0.06306295822180845,0.06306295822180845
loo_screwDriver,mamba,3,screwDriver_Pose3_Exp8,screwDriver,0.5465548784452975,489,204,1,0,4,0,16.29474401473999,9.493213891983032,7.165875673294067,13.967405796051025,0.3333333333333333,0.2,0.8,0.0,0.7548419065271047,0.8571724590098692,1,0.0,0.0,1,0.0,0.0,1,-0.5332531929016113,-0.5332531929016113,1,0.07402754350171975,0.07402754350171975
loo_screwDriver,mamba,3,screwDriver_Pose3_Exp9,screwDriver,0.4567277984727724,679,240,1,0,6,0,22.62770962715149,14.627729415893555,11.933312177658081,19.933292388916016,0.25,0.14285714285714285,0.8571428571428571,0.0,0.8158007191937874,0.8809239961696175,1,0.0,0.0,1,0.0,0.0,1,-0.7335505485534668,-0.7335505485534668,1,0.021737156899012188,0.021737156899012188
loo_screwDriver,mamba,4,screwDriver_Pose1_Exp1,screwDriver,,689,0,0,1,0,0,22.960466384887695,22.960466384887695,20.066314935684204,20.066314935684204,0.0,0.0,0.0,2.6131873366253258,0.8739506680444267,0.8739506680444267,0,,,0,,,0,,,0,,
loo_screwDriver,mamba,4,screwDriver_Pose1_Exp10,screwDriver,0.7893835589197609,671,253,1,0,3,0,22.36756706237793,13.924768209457397,11.496699094772339,19.93949794769287,0.4,0.25,0.75,0.0,0.8256294770468088,0.8914468834310973,1,0.0,0.0,1,0.0,0.0,1,-0.6662073135375977,-0.6662073135375977,1,0.19221859167453884,0.19221859167453884
loo_screwDriver,mamba,4,screwDriver_Pose1_Exp2,screwDriver,0.47999892397355065,667,266,1,0,13,0,22.228798627853394,13.363393068313599,11.135220527648926,20.00062608718872,0.13333333333333333,0.07142857142857142,0.9285714285714286,0.0,0.8332629647819034,0.8997618999583404,1,0.0,0.0,1,0.0,0.0,1,-0.6323556900024414,-0.6323556900024414,1,0.19335761359818807,0.19335761359818807
loo_screwDriver,mamba,4,screwDriver_Pose1_Exp3,screwDriver,0.43997266839225696,628,301,1,0,12,0,20.927590131759644,10.89095139503479,8.530488729476929,18.567127466201782,0.14285714285714285,0.07692307692307693,0.9230769230769231,0.0,0.7832638692489251,0.887208099418211,1,0.0,0.0,1,0.0,0.0,1,-0.6002902984619141,-0.6002902984619141,1,0.07901688599839718,0.07901688599839718
loo_screwDriver,mamba,4,screwDriver_Pose1_Exp4,screwDriver,0.49935099811276484,426,191,1,0,4,0,14.194093227386475,7.827601432800293,5.335157632827759,11.70164942741394,0.3333333333333333,0.2,0.8,0.0,0.6815826889794934,0.8244027455615449,1,0.0,0.0,1,0.0,0.0,1,-0.6019651889801025,-0.6019651889801025,1,0.1281876069357802,0.1281876069357802
loo_screwDriver,mamba,4,screwDriver_Pose1_Exp5,screwDriver,0.5961095438425206,423,199,1,0,3,0,14.09473705291748,7.460556745529175,4.999659776687622,11.633840084075928,0.4,0.25,0.75,0.0,0.6701456670353357,0.8254031302888215,1,0.0,0.0,1,0.0,0.0,1,-0.4656977653503418,-0.4656977653503418,1,0.35529082363582387,0.35529082363582387
loo_screwDriver,mamba,4,screwDriver_Pose1_Exp6,screwDriver,0.4505040309404185,613,217,1,0,4,0,20.428168296813965,13.19499158859253,11.000842332839966,18.2340190410614,0.3333333333333333,0.2,0.8,0.0,0.8337134782526522,0.8925919728155574,1,0.0,0.0,1,0.0,0.0,1,-0.8666403293609619,-0.8666403293609619,1,0.17544930852211899,0.17544930852211899
loo_screwDriver,mamba,4,screwDriver_Pose1_Exp7,screwDriver,0.7672353329415251,359,189,1,1,1,0,11.95963168144226,5.661576747894287,5.128100872039795,11.426155805587769,0.5,0.5,0.5,5.0168769070958845,0.9057725613182038,0.9553936199655475,1,0.0,0.0,1,0.0,0.0,1,-2.4661364555358887,-2.4661364555358887,1,0.3742298859008572,0.3742298859008572
loo_screwDriver,mamba,4,screwDriver_Pose1_Exp8,screwDriver,0.37282985849792083,684,233,1,0,3,0,22.793704748153687,15.029102087020874,12.635133743286133,20.399736404418945,0.4,0.25,0.75,0.0,0.8407111529435833,0.8949723895178271,1,0.0,0.0,1,0.0,0.0,1,-0.6666281223297119,-0.6666281223297119,1,0.20096978945123467,0.20096978945123467
loo_screwDriver,mamba,4,screwDriver_Pose1_Exp9,screwDriver,0.713642861489385,688,308,1,0,3,0,22.927485466003418,12.661098003387451,10.067410945892334,20.3337984085083,0.4,0.25,0.75,0.0,0.7951451717061837,0.8868743342421478,1,0.0,0.0,1,0.0,0.0,1,-0.5671186447143555,-0.5671186447143555,1,0.19671376349908798,0.19671376349908798
loo_screwDriver,mamba,4,screwDriver_Pose2_Exp1,screwDriver,,638,0,0,7,0,0,21.261131048202515,21.261131048202515,8.267102718353271,8.267102718353271,0.0,0.0,0.0,19.754358272275837,0.3888364499334667,0.3888364499334667,0,,,0,,,0,,,0,,
loo_screwDriver,mamba,4,screwDriver_Pose2_Exp10,screwDriver,0.8567329124369101,110,23,1,0,0,0,3.6579785346984863,2.891040325164795,0.6986076831817627,1.465545892715454,1.0,1.0,0.0,0.0,0.24164577612453078,0.4006436557278086,1,0.0,0.0,1,0.0,0.0,1,-0.6991360187530518,-0.6991360187530518,1,0.5233123120509456,0.5233123120509456
loo_screwDriver,mamba,4,screwDriver_Pose2_Exp2,screwDriver,0.3242570491031388,336,63,1,0,2,0,11.199584484100342,9.101563215255737,6.740916967391968,8.705049991607666,0.5,0.3333333333333333,0.6666666666666666,0.0,0.7406328789864435,0.7772654426569058,1,0.0,0.0,1,0.0,0.0,1,-1.00077486038208,-1.00077486038208,1,0.10314599519616026,0.10314599519616026
loo_screwDriver,mamba,4,screwDriver_Pose2_Exp3,screwDriver,0.6622629326751585,406,109,3,0,0,0,13.53429102897644,9.90089225769043,7.737683296203613,10.903804302215576,1.0,1.0,0.0,0.0,0.7815137358144097,0.8056428134189604,3,0.26851820945739746,1.2274575710296631,3,0.26851820945739746,1.2274575710296631,3,0.26851820945739746,1.2274575710296631,3,0.12635124671971812,0.5872084443743948
loo_screwDriver,mamba,4,screwDriver_Pose2_Exp4,screwDriver,0.4551276174067278,385,93,1,0,3,0,12.828332901000977,9.727771043777466,5.3989787101745605,8.199419975280762,0.4,0.25,0.75,0.0,0.5550067621737571,0.6391648890434526,1,0.0,0.0,1,0.0,0.0,1,-0.9660446643829346,-0.9660446643829346,1,0.14230158827083708,0.14230158827083708
loo_screwDriver,mamba,4,screwDriver_Pose2_Exp5,screwDriver,0.9450523356741107,109,18,1,0,0,0,3.628373384475708,3.0278735160827637,0.6972215175628662,1.2977213859558105,1.0,1.0,0.0,0.0,0.2302677155632575,0.35765927274966175,1,0.0,0.0,1,0.0,0.0,1,-0.7014153003692627,-0.7014153003692627,1,0.46273404668495793,0.46273404668495793
loo_screwDriver,mamba,4,screwDriver_Pose2_Exp6,screwDriver,0.8045350469732344,303,110,1,1,1,0,10.092660427093506,6.427246332168579,1.2998991012573242,4.500219345092773,0.5,0.5,0.5,5.944914171384528,0.2022482154995813,0.4458902959830138,1,0.0,0.0,1,0.0,0.0,1,-0.9336981773376465,-0.9336981773376465,1,0.7742972677054724,0.7742972677054724
loo_screwDriver,mamba,4,screwDriver_Pose2_Exp7,screwDriver,0.5947905967073605,355,153,1,0,1,0,11.828151226043701,6.728988170623779,4.234201192855835,7.934097766876221,0.6666666666666666,0.5,0.5,0.0,0.6292478282753948,0.6707808866534107,1,0.0,0.0,1,0.0,0.0,1,-0.999363899230957,-0.999363899230957,1,0.44953536595839333,0.44953536595839333
loo_screwDriver,mamba,4,screwDriver_Pose2_Exp8,screwDriver,0.8401613863717738,299,110,1,0,1,0,9.959246158599854,6.2929911613464355,1.033771276473999,4.133985757827759,0.6666666666666666,0.5,0.5,0.0,0.16427343531383817,0.41509022791429284,1,0.0,0.0,1,0.0,0.0,1,-0.9310095310211182,-0.9310095310211182,1,0.7499335176671718,0.7499335176671718
loo_screwDriver,mamba,4,screwDriver_Pose2_Exp9,screwDriver,,627,0,0,1,0,0,20.91916060447693,20.91916060447693,18.652360439300537,18.652360439300537,0.0,0.0,0.0,2.8681839168613363,0.8916400037250409,0.8916400037250409,0,,,0,,,0,,,0,,
loo_screwDriver,mamba,4,screwDriver_Pose3_Exp1,screwDriver,0.6012665093959554,125,36,1,0,0,0,4.156215667724609,2.956183910369873,0.733283281326294,1.8666346073150635,1.0,1.0,0.0,0.0,0.2480506299875459,0.44911880338899357,1,0.0,0.0,1,0.0,0.0,1,-0.7333004474639893,-0.7333004474639893,1,0.586221750368206,0.586221750368206
loo_screwDriver,mamba,4,screwDriver_Pose3_Exp10,screwDriver,0.36801935140069686,668,268,1,0,3,0,22.261112451553345,13.32762360572815,10.866432666778564,19.79992151260376,0.4,0.25,0.75,0.0,0.8153315991088032,0.8894398946006921,1,0.0,0.0,1,0.0,0.0,1,-0.6666340827941895,-0.6666340827941895,1,0.18687287386679982,0.18687287386679982
loo_screwDriver,mamba,4,screwDriver_Pose3_Exp2,screwDriver,0.4707437830346716,671,289,1,0,6,0,22.3610782623291,12.727337837219238,10.366264343261719,20.000004768371582,0.25,0.14285714285714285,0.8571428571428571,0.0,0.8144880316563213,0.8944114650349785,1,0.0,0.0,1,0.0,0.0,1,-0.6664867401123047,-0.6664867401123047,1,0.02667768557603703,0.02667768557603703
loo_screwDriver,mamba,4,screwDriver_Pose3_Exp3,screwDriver,0.44450810022249154,702,271,1,0,4,0,23.39466118812561,14.361364841461182,11.466899871826172,20.5001962184906,0.3333333333333333,0.2,0.8,0.0,0.7984547428752241,0.8762766878152461,1,0.0,0.0,1,0.0,0.0,1,-0.6330640316009521,-0.6330640316009521,1,0.0780485288813141,0.0780485288813141
loo_screwDriver,mamba,4,screwDriver_Pose3_Exp4,screwDriver,0.4629466542518723,695,260,1,0,4,0,23.16088080406189,14.493991374969482,11.533616781234741,20.20050621032715,0.3333333333333333,0.2,0.8,0.0,0.7957515968412135,0.8721821238674325,1,0.0,0.0,1,0.0,0.0,1,-0.7331969738006592,-0.7331969738006592,1,0.17491643520186181,0.17491643520186181
loo_screwDriver,mamba,4,screwDriver_Pose3_Exp5,screwDriver,0.41022530432804716,660,185,1,0,7,0,21.994316339492798,15.82801628112793,13.300491094589233,19.4667911529541,0.2222222222222222,0.125,0.875,0.0,0.8403132052907781,0.8850828028693807,1,0.0,0.0,1,0.0,0.0,1,-0.5667412281036377,-0.5667412281036377,1,0.017115703143332904,0.017115703143332904
loo_screwDriver,mamba,4,screwDriver_Pose3_Exp6,screwDriver,0.4639894977220891,702,309,1,0,6,0,23.39455533027649,13.09459137916565,9.833490133285522,20.133454084396362,0.25,0.14285714285714285,0.8571428571428571,0.0,0.7509581512357268,0.8606042645461308,1,0.0,0.0,1,0.0,0.0,1,-0.7000939846038818,-0.7000939846038818,1,0.1903935407015435,0.1903935407015435
loo_screwDriver,mamba,4,screwDriver_Pose3_Exp7,screwDriver,0.3101173277023446,626,196,1,0,6,0,20.861063957214355,14.327000141143799,11.932527780532837,18.466591596603394,0.25,0.14285714285714285,0.8571428571428571,0.0,0.832869942275313,0.885218109415609,1,0.0,0.0,1,0.0,0.0,1,-0.6001615524291992,-0.6001615524291992,1,0.06317718225767621,0.06317718225767621
loo_screwDriver,mamba,4,screwDriver_Pose3_Exp8,screwDriver,0.4269882370245883,489,204,1,0,4,0,16.29474401473999,9.493213891983032,7.165875673294067,13.934185028076172,0.3333333333333333,0.2,0.8,0.0,0.7548419065271047,0.8551337176866055,1,0.0,0.0,1,0.0,0.0,1,-0.5332531929016113,-0.5332531929016113,1,0.07420403404217575,0.07420403404217575
loo_screwDriver,mamba,4,screwDriver_Pose3_Exp9,screwDriver,0.29543378899008543,679,240,1,0,6,0,22.62770962715149,14.627729415893555,11.933312177658081,19.933292388916016,0.25,0.14285714285714285,0.8571428571428571,0.0,0.8158007191937874,0.8809239961696175,1,0.0,0.0,1,0.0,0.0,1,-0.7335505485534668,-0.7335505485534668,1,0.021737156899012188,0.021737156899012188
